data;horario;n_da_ocorrencia;tipo_de_ocorrencia;km;trecho;sentido;tipo_de_acidente;caminhao;ilesos;levemente_feridos;moderadamente_feridos;gravemente_feridos;mortos;3
26/03/2015;08:52:00;77;sem vítima;83,5;BR-163/MT;Norte;Tombamento;1;1;;;;;1
26/03/2015;06:40:00;40;sem vítima;235,3;BR-364/MT;Norte;Engavetamento;3;3;;;;;1
26/03/2015;14:34:00;169;sem vítima;259;BR-364/MT;Sul;Colisão Traseira;1;3;;;;;1
26/03/2015;05:20:00;27;sem vítima;379,5;BR-364/MT;Sul;Colisão Traseira;2;2;;;;;1
26/03/2015;10:51:00;121;com vítima;646;BR-163/MT;Sul;Tombamento;1;0;1;;;;1
26/03/2015;12:51:00;153;sem vítima;716,8;BR-163/MT;Sul;Colisão Traseira;2;12;;;;;1
27/03/2015;23:57:00;279;com vítima;479;BR-364/MT;Norte;Colisão Lateral;1;1;1;;;;1
27/03/2015;13:58:00;170;sem vítima;514;BR-070/MT;Sul;Colisão Lateral;1;3;;;;;1
27/03/2015;13:51:00;168;sem vítima;534;BR-364/MT;Norte;Colisão Lateral;2;2;;;;;1
27/03/2015;12:24:00;146;com vítima;570;BR-163/MT;Norte;Tombamento;1;0;1;;;5;3
27/03/2015;19:19:00;235;sem vítima;574;BR-163/MT;Norte;Tombamento;1;1;;;;;1
27/03/2015;08:09:00;36;sem vítima;596,3;BR-163/MT;Sul;Colisão Lateral;1;2;;;;;1
27/03/2015;07:48:00;55;sem vítima;827;BR-163/MT;Sul;Colisão Lateral;1;2;;;;;1
28/03/2015;19:29:00;265;com vítima;437,2;BR-364/MT;Sul;Atropelamento - Sem Informação;1;1;;;;1;3
28/03/2015;04:21:00;28;com vítima;512;BR-364/MT;Norte;Colisão Frontal;1;1;1;;;;1
28/03/2015;06:40:00;44;sem vítima;513;BR-364/MT;Sul;Saida de Pista;1;2;;;;;1
28/03/2015;08:45:00;90;sem vítima;513,1;BR-364/MT;Sul;Saida de Pista;1;1;;;;;1
28/03/2015;13:21:00;160;sem vítima;623,7;BR-163/MT;Sul;Tombamento;1;1;;;;;1
28/03/2015;23:13:00;291;com vítima;837;BR-163/MT;Sul;Colisão Traseira;1;1;;;1;1;3
29/03/2015;14:54:00;152;sem vítima;348;BR-364/MT;Norte;Saida de Pista;1;1;;;;;1
29/03/2015;15:42:00;161;com vítima;513;BR-070/MT;Sul;Saida de Pista;1;0;;2;;1;3
29/03/2015;09:41:00;104;sem vítima;533,5;BR-364/MT;Norte;Colisão Traseira;2;2;;;;;1
29/03/2015;10:11:00;110;sem vítima;797;BR-163/MT;Norte;Tombamento;1;1;;;;;1
29/03/2015;13:49:00;135;sem vítima;805;BR-163/MT;Sul;Saida de Pista;1;1;;;;;1
30/03/2015;14:50:00;181;sem vítima;272,5;BR-364/MT;Norte;Tombamento;1;4;;;;;1
30/03/2015;07:43:00;53;com vítima;459;BR-364/MT;Norte;Colisão Frontal;2;0;;;1;2;3
30/03/2015;04:26:00;25;sem vítima;499;BR-070/MT;Sul;Colisão Traseira;2;2;;;;;1
30/03/2015;12:17:00;145;sem vítima;608;BR-163/MT;Norte;Colisão Traseira;2;2;;;;;1
31/03/2015;09:18:00;87;com vítima;104;BR-163/MT;Sul;Saida de Pista;1;0;1;;;;1
31/03/2015;13:37:00;189;sem vítima;662;BR-163/MT;Norte;Tombamento;1;2;;;;;1
31/03/2015;06:00:00;41;com vítima;775;BR-163/MT;Norte;Colisão Transversal;2;2;1;;;;1
01/04/2015;09:56:00;131;com vítima;349,5;BR-364/MT;Norte;Tombamento;1;1;;1;;;2
01/04/2015;12:55:00;187;sem vítima;511,8;BR-163/MT;Sul;Colisão Traseira;1;2;;;;;1
01/04/2015;21:18:00;311;com vítima;825,5;BR-163/MT;Sul;Colisão Traseira;1;1;;;1;;2
02/04/2015;06:19:00;41;sem vítima;39,9;BR-163/MT;Sul;Colisão Frontal;1;6;;;;;1
02/04/2015;06:59:00;46;com vítima;211,5;BR-364/MT;Sul;Colisão Traseira;1;3;1;1;;;2
02/04/2015;15:54:00;206;sem vítima;219;BR-364/MT;Sul;Colisão Traseira;1;3;;;;;1
02/04/2015;10:52:00;144;sem vítima;658;BR-163/MT;Norte;Colisão Traseira;2;2;;;;;1
02/04/2015;10:01:00;124;com vítima;747;BR-163/MT;Norte;Colisão Lateral;1;1;1;;;;1
03/04/2015;08:47:00;82;sem vítima;282,5;BR-364/MT;Sul;Colisão Traseira;1;3;;;;;1
03/04/2015;17:18:00;226;sem vítima;330;BR-364/MT;Norte;Colisão Lateral;1;2;;;;;1
04/04/2015;09:24:00;80;sem vítima;273;BR-364/MT;Sul;Colisão Traseira;2;4;;;;;1
04/04/2015;09:12:00;76;com vítima;324,5;BR-364/MT;Sul;Colisão Lateral;1;4;1;;;;1
04/04/2015;14:37:00;138;sem vítima;398,2;BR-364/MT;Norte;Saida de Pista;1;2;;;;;1
04/04/2015;00:39:00;3;sem vítima;508;BR-364/MT;Norte;Saida de Pista;1;1;;;;;1
04/04/2015;15:32:00;150;sem vítima;577;BR-364/MT;Sul;Tombamento;1;1;;;;;1
05/04/2015;23:43:00;207;sem vítima;458;BR-364/MT;Norte;Saida de Pista;1;1;;;;;1
05/04/2015;07:05:00;34;com vítima;512,6;BR-364/MT;Sul;Tombamento;1;0;1;;;;1
06/04/2015;14:38:00;160;sem vítima;561;BR-163/MT;Sul;Colisão Traseira;2;2;;;;;1
06/04/2015;13:39:00;146;sem vítima;747;BR-163/MT;Norte;Colisão Lateral;1;3;;;;;1
06/04/2015;09:11:00;76;com vítima;829;BR-163/MT;Norte;Colisão Traseira;2;2;1;;;;1
07/04/2015;07:27:00;49;com vítima;349;BR-364/MT;Norte;Tombamento;1;0;1;;;;1
07/04/2015;07:42:00;53;sem vítima;573,5;BR-364/MT;Sul;Tombamento;1;1;;;;;1
08/04/2015;08:47:00;69;sem vítima;81;BR-163/MT;Sul;Tombamento;1;1;;;;;1
08/04/2015;16:33:00;189;sem vítima;105,3;BR-163/MT;Sul;Colisão Lateral;1;4;;;;;1
08/04/2015;16:08:00;181;com vítima;370;BR-364/MT;Norte;Colisão Traseira;1;2;1;;;;1
08/04/2015;07:56:00;57;com vítima;758;BR-163/MT;Norte;Queda de Moto;1;1;;1;;;2
09/04/2015;17:13:00;241;sem vítima;227;BR-364/MT;Sul;Tombamento;1;1;;;;;1
09/04/2015;08:45:00;73;com vítima;255;BR-364/MT;Sul;Colisão Traseira;2;1;1;;;;1
09/04/2015;16:23:00;226;com vítima;347,3;BR-364/MT;Sul;Colisão Traseira;1;1;;;;1;3
09/04/2015;14:44:00;190;com vítima;573;BR-364/MT;Sul;Tombamento;1;1;1;;;;1
09/04/2015;20:59:00;283;sem vítima;650;BR-163/MT;Norte;Atropelamento - Animal;1;1;;;;;1
10/04/2015;06:48:00;40;sem vítima;117;BR-163/MT;Sul;Colisão Traseira;1;2;;;;;1
10/04/2015;07:40:00;66;sem vítima;503,1;BR-364/MT;Norte;Engavetamento;4;4;;;;;1
11/04/2015;21:48:00;227;com vítima;338,5;BR-364/MT;Sul;Colisão Traseira;1;1;1;;;;1
11/04/2015;03:24:00;17;sem vítima;512;BR-070/MT;Norte;Tombamento;1;2;;;;;1
11/04/2015;15:54:00;162;sem vítima;654;BR-163/MT;Norte;Colisão Transversal;1;2;;;;;1
12/04/2015;13:58:00;137;com vítima;233;BR-364/MT;Sul;Colisão Lateral;1;3;1;;;;1
12/04/2015;08:46:00;64;com vítima;253;BR-364/MT;Sul;Colisão Lateral;1;1;;2;;;2
12/04/2015;22:17:00;229;com vítima;501;BR-364/MT;Norte;Colisão Lateral;1;2;;1;;;2
12/04/2015;13:22:00;126;sem vítima;538;BR-163/MT;Sul;Tombamento;1;1;;;;;1
12/04/2015;04:39:00;25;com vítima;580,514;BR-364/MT;Norte;Tombamento;1;0;3;;;;1
13/04/2015;09:43:00;103;sem vítima;511,7;BR-070/MT;Norte;Colisão Traseira;2;2;;;;;1
13/04/2015;14:16:00;195;com vítima;545;BR-163/MT;Sul;Tombamento;1;0;1;;;;1
14/04/2015;08:23:00;69;sem vítima;523,9;BR-364/MT;Sul;Colisão Lateral;2;2;;;;;1
14/04/2015;15:48:00;210;sem vítima;532;BR-364/MT;Sul;Colisão Lateral;2;2;;;;;1
14/04/2015;17:07:00;238;com vítima;542,001;BR-163/MT;Norte;Saida de Pista;1;0;1;;;;1
14/04/2015;17:33:00;247;sem vítima;544;BR-163/MT;Norte;Tombamento;1;1;;;;;1
14/04/2015;13:01:00;159;sem vítima;561,5;BR-364/MT;Sul;Colisão Lateral;1;2;;;;;1
14/04/2015;09:38:00;105;sem vítima;751;BR-163/MT;Norte;Colisão Traseira;1;2;;;;;1
14/04/2015;13:54:00;177;sem vítima;832,5;BR-163/MT;Sul;Colisão Lateral;1;2;;;;;1
14/04/2015;07:38:00;50;sem vítima;833,4;BR-163/MT;Sul;Colisão Traseira;1;2;;;;;1
15/04/2015;07:32:00;42;sem vítima;308;BR-364/MT;Norte;Colisão Lateral;2;3;;;;;1
15/04/2015;19:46:00;222;com vítima;826;BR-163/MT;Sul;Saida de Pista;1;1;1;;;;1
15/04/2015;16:35:00;194;sem vítima;826,2;BR-163/MT;Sul;Colisão Transversal;2;2;;;;;1
16/04/2015;08:29:00;68;com vítima;387;BR-364/MT;Norte;Colisão Traseira;2;1;1;;;;1
16/04/2015;11:23:00;118;com vítima;536;BR-364/MT;Norte;Saida de Pista;1;0;1;;;;1
16/04/2015;20:39:00;221;sem vítima;571,8;BR-163/MT;Sul;Tombamento;1;1;;;;;1
17/04/2015;10:53:00;138;com vítima;211,5;BR-364/MT;Sul;Colisão Traseira;2;3;2;;;;1
17/04/2015;22:33:00;329;com vítima;300;BR-364/MT;Sul;Tombamento;1;0;1;;;;1
17/04/2015;17:22:00;257;sem vítima;400;BR-364/MT;Norte;Engavetamento;3;4;;;;;1
18/04/2015;12:20:00;174;com vítima;110;BR-163/MT;Sul;Colisão Traseira;2;1;;1;;;2
18/04/2015;18:53:00;264;sem vítima;210;BR-364/MT;Norte;Saida de Pista;1;1;;;;;1
18/04/2015;16:28:00;233;sem vítima;314;BR-364/MT;Sul;Colisão Traseira;2;3;;;;;1
19/04/2015;00:28:00;4;com vítima;270;BR-364/MT;Norte;Colisão Frontal;1;2;;;;1;3
19/04/2015;17:08:00;171;sem vítima;359,5;BR-364/MT;Norte;Colisão Lateral;1;5;;;;;1
19/04/2015;09:57:00;92;sem vítima;552;BR-163/MT;Sul;Tombamento;1;1;;;;;1
19/04/2015;15:23:00;142;sem vítima;599,3;BR-163/MT;Norte;Colisão Transversal;1;2;;;;;1
20/04/2015;07:55:00;66;sem vítima;282;BR-364/MT;Sul;Colisão Traseira;2;2;;;;;1
20/04/2015;23:25:00;259;sem vítima;344;BR-364/MT;Sul;Colisão Traseira;2;3;;;;;1
20/04/2015;14:46:00;162;sem vítima;684;BR-163/MT;Sul;Tombamento;2;2;;;;;1
21/04/2015;08:54:00;65;sem vítima;208;BR-364/MT;Norte;Colisão Lateral;1;2;;;;;1
21/04/2015;12:58:00;134;sem vítima;511;BR-364/MT;Norte;Tombamento;1;1;;;;;1
21/04/2015;09:32:00;80;sem vítima;588,5;BR-163/MT;Norte;Saida de Pista;1;1;;;;;1
22/04/2015;17:46:00;216;sem vítima;745;BR-163/MT;Norte;Engavetamento;2;10;;;;;1
22/04/2015;17:51:00;217;sem vítima;745;BR-163/MT;Norte;;1;1;;;;;1
22/04/2015;07:42:00;48;sem vítima;750;BR-163/MT;Sul;Colisão Lateral;1;3;;;;;1
23/04/2015;14:40:00;190;sem vítima;201;BR-364/MT;Norte;Colisão Lateral;1;2;;;;;1
23/04/2015;20:32:00;261;com vítima;515,215;BR-070/MT;Norte;Colisão Transversal;1;1;1;;;;1
23/04/2015;19:00:00;236;com vítima;854;BR-163/MT;Norte;Atropelamento - Usuário;1;1;;1;;;2
24/04/2015;14:47:00;157;sem vítima;305;BR-364/MT;Sul;Tombamento;1;1;;;;;1
24/04/2015;17:04:00;196;com vítima;742,8;BR-163/MT;Sul;Capotamento;1;2;1;;;;1
25/04/2015;09:28:00;71;com vítima;236;BR-364/MT;Sul;Colisão Traseira;2;1;1;;;;1
25/04/2015;16:27:00;137;sem vítima;448,3;BR-364/MT;Sul;Colisão Traseira;2;2;;;;;1
25/04/2015;06:47:00;33;sem vítima;671;BR-163/MT;Sul;Saida de Pista;1;1;;;;;1
25/04/2015;09:23:00;69;sem vítima;828,9;BR-163/MT;Sul;Colisão Traseira;2;5;;;;;1
25/04/2015;10:18:00;76;com vítima;119,2;BR-163/MT;Sul;Colisão Lateral;1;2;1;;;;1
26/04/2015;12:03:00;117;sem vítima;387,3;BR-364/MT;Sul;Colisão Traseira;2;2;;;;;1
27/04/2015;14:18:00;133;sem vítima;494;BR-364/MT;Sul;Colisão Traseira;1;2;;;;;1
27/04/2015;07:35:00;43;sem vítima;640;BR-163/MT;Norte;Saida de Pista;1;1;;;;;1
27/04/2015;19:56:00;197;com vítima;842,5;BR-163/MT;Norte;Colisão Frontal;2;0;;2;;;2
28/04/2015;18:43:00;249;sem vítima;522,081;BR-070/MT;Sul;Colisão Traseira;2;2;;;;;1
28/04/2015;16:02:00;224;com vítima;559,5;BR-163/MT;Norte;Colisão Lateral;3;2;;;1;;2
28/04/2015;09:44:00;120;sem vítima;622;BR-163/MT;Sul;Colisão Traseira;2;2;;;;;1
29/04/2015;05:45:00;19;com vítima;588;BR-364/MT;Norte;Tombamento;1;0;1;;;;1
30/04/2015;05:43:00;32;com vítima;227;BR-364/MT;Sul;Colisão Frontal;2;1;1;;;;1
30/04/2015;05:40:00;31;sem vítima;274;BR-364/MT;Norte;Colisão Frontal;1;11;;;;;1
30/04/2015;04:25:00;26;com vítima;283;BR-364/MT;Sul;Colisão Lateral;1;1;1;;;;1
30/04/2015;11:57:00;148;sem vítima;503;BR-070/MT;Norte;Tombamento;1;1;;;;;1
30/04/2015;14:31:00;185;sem vítima;541;BR-364/MT;Sul;Colisão Traseira;2;2;;;;;1
30/04/2015;18:35:00;237;sem vítima;682;BR-163/MT;Sul;Saida de Pista;1;3;;;;;1
30/04/2015;19:31:00;255;sem vítima;752;BR-163/MT;Norte;Colisão Transversal;1;2;;;;;1
30/04/2015;17:30:00;231;sem vítima;829;BR-163/MT;Norte;Colisão Traseira;1;3;;;;;1
01/05/2015;12:54:00;144;com vítima;619;BR-163/MT;Sul;Engavetamento;3;7;1;;;;1
02/05/2015;16:31:00;183;sem vítima;113;BR-163/MT;Norte;Colisão Frontal;1;3;;;;;1
02/05/2015;15:08:00;172;com vítima;272;BR-364/MT;Norte;Tombamento;1;0;1;;;;1
02/05/2015;13:28:00;150;sem vítima;340;BR-364/MT;Norte;Colisão Traseira;1;7;;;;;1
02/05/2015;06:26:00;41;com vítima;481;BR-364/MT;Norte;Colisão Lateral;1;1;;;;1;3
02/05/2015;09:21:00;93;sem vítima;488;BR-364/MT;Norte;Tombamento;1;1;;;;;1
02/05/2015;15:04:00;169;sem vítima;504;BR-070/MT;Norte;Colisão Lateral;1;3;;;;;1
02/05/2015;18:35:00;202;com vítima;581,725;BR-364/MT;Norte;Saida de Pista;1;0;1;;;;1
02/05/2015;05:38:00;36;com vítima;628;BR-163/MT;Sul;Colisão Frontal;1;1;;;;1;3
02/05/2015;16:34:00;184;com vítima;686,5;BR-163/MT;Sul;Atropelamento - Ciclista;1;1;;;;1;3
04/05/2015;07:32:00;42;sem vítima;317;BR-364/MT;Sul;Colisão Traseira;1;3;;;;;1
04/05/2015;04:24:00;26;com vítima;486;BR-364/MT;Norte;Saida de Pista;2;1;;1;;;2
04/05/2015;06:58:00;35;sem vítima;510;BR-364/MT;Norte;Colisão Lateral;2;2;;;;;1
04/05/2015;12:15:00;104;com vítima;535;BR-163/MT;Sul;Saida de Pista;1;0;1;;;;1
04/05/2015;21:06:00;204;com vítima;569;BR-364/MT;Sul;Tombamento;1;0;;1;;;2
04/05/2015;13:36:00;113;sem vítima;850;BR-163/MT;Norte;Colisão Traseira;1;2;;;;;1
05/05/2015;12:50:00;176;com vítima;300;BR-364/MT;Sul;Tombamento;2;1;1;;;;1
05/05/2015;16:20:00;227;sem vítima;351;BR-364/MT;Norte;Colisão Traseira;2;2;;;;;1
05/05/2015;05:25:00;37;com vítima;357;BR-364/MT;Sul;Saida de Pista;1;0;;1;;;2
05/05/2015;18:27:00;251;com vítima;458;BR-364/MT;Norte;Colisão Frontal;2;2;;1;;;2
05/05/2015;07:12:00;59;sem vítima;561;BR-163/MT;Sul;Choque - Defensa, barreira ou "submarino";1;1;;;;;1
06/05/2015;08:18:00;71;sem vítima;119;BR-163/MT;Sul;Colisão Lateral;2;2;;;;;1
06/05/2015;11:39:00;136;sem vítima;236;BR-364/MT;Sul;Colisão Traseira;2;3;;;;;1
06/05/2015;11:08:00;129;sem vítima;486;BR-364/MT;Norte;Saida de Pista;1;1;;;;;1
06/05/2015;11:19:00;132;sem vítima;545;BR-364/MT;Sul;Colisão Lateral;1;2;;;;;1
06/05/2015;14:27:00;172;com vítima;569;BR-364/MT;Sul;Saida de Pista;1;0;1;;;;1
06/05/2015;07:35:00;59;sem vítima;678;BR-163/MT;Norte;Colisão Lateral;2;2;;;;;1
06/05/2015;06:20:00;42;sem vítima;777,5;BR-163/MT;Sul;Tombamento;1;1;;;;;1
07/05/2015;13:35:00;187;sem vítima;82;BR-163/MT;Norte;Tombamento;1;1;;;;;1
07/05/2015;09:21:00;110;sem vítima;279;BR-364/MT;Norte;Colisão Lateral;1;2;;;;;1
07/05/2015;12:34:00;163;sem vítima;537;BR-364/MT;Norte;Tombamento;1;1;;;;;1
07/05/2015;07:21:00;49;sem vítima;616;BR-163/MT;Norte;Colisão Traseira;1;2;;;;;1
07/05/2015;13:33:00;181;sem vítima;651;BR-163/MT;Sul;Colisão Lateral;2;2;;;;;1
08/05/2015;19:04:00;272;sem vítima;436;BR-364/MT;Norte;Colisão Traseira;1;2;;;;;1
08/05/2015;15:17:00;214;sem vítima;500;BR-070/MT;Norte;Colisão Traseira;2;2;;;;;1
08/05/2015;14:57:00;209;sem vítima;696;BR-163/MT;Norte;Colisão Transversal;2;2;;;;;1
09/05/2015;07:20:00;59;sem vítima;271;BR-364/MT;Sul;Tombamento;1;1;;;;;1
09/05/2015;08:50:00;90;sem vítima;295;BR-364/MT;Sul;Saida de Pista;1;1;;;;;1
09/05/2015;07:11:00;55;com vítima;509,4;BR-364/MT;Sul;Saida de Pista;1;1;1;;;;1
09/05/2015;11:53:00;157;sem vítima;755;BR-163/MT;Norte;Colisão Traseira;1;3;;;;;1
10/05/2015;07:06:00;39;sem vítima;98,6;BR-163/MT;Norte;Colisão Frontal;1;3;;;;;1
10/05/2015;23:33:00;271;com vítima;244,8;BR-364/MT;Norte;Tombamento;1;0;;;;1;3
10/05/2015;11:15:00;116;sem vítima;511;BR-070/MT;Norte;Colisão Traseira;1;2;;;;;1
10/05/2015;19:56:00;241;sem vítima;522;BR-364/MT;Norte;Colisão Traseira;1;2;;;;;1
10/05/2015;17:59:00;217;sem vítima;611,7;BR-163/MT;Norte;Colisão Lateral;1;2;;;;;1
10/05/2015;13:23:00;146;com vítima;583,1;BR-364/MT;Sul;Colisão Lateral;2;1;1;;;;1
11/05/2015;13:16:00;143;sem vítima;783,8;BR-163/MT;Norte;Saida de Pista;1;1;;;;;1
11/05/2015;18:05:00;203;sem vítima;844,5;BR-163/MT;Sul;Colisão Traseira;1;2;;;;;1
11/05/2015;14:42:00;158;sem vítima;851;BR-163/MT;Sul;Colisão Traseira;1;2;;;;;1
11/05/2015;19:56:00;230;com vítima;853;BR-163/MT;Norte;Tombamento;1;0;1;;;;1
12/05/2015;23:20:00;280;com vítima;204,5;BR-364/MT;Norte;Colisão Frontal;1;2;;;1;;2
12/05/2015;10:50:00;120;sem vítima;275;BR-364/MT;Sul;Colisão Lateral;1;5;;;;;1
12/05/2015;16:37:00;207;sem vítima;508,6;BR-070/MT;Norte;Colisão Traseira;2;2;;;;;1
12/05/2015;10:11:00;110;sem vítima;625;BR-163/MT;Sul;Colisão Lateral;3;3;;;;;1
13/05/2015;20:38:00;262;sem vítima;346,79;BR-364/MT;Sul;Colisão Traseira;2;2;;;;;1
13/05/2015;15:16:00;189;sem vítima;347,9;BR-364/MT;Norte;Colisão Lateral;2;2;;;;;1
13/05/2015;10:14:00;104;sem vítima;738,2;BR-163/MT;Sul;Colisão Lateral;1;2;;;;;1
14/05/2015;15:34:00;180;sem vítima;274;BR-364/MT;Norte;Colisão Lateral;1;4;;;;;1
14/05/2015;21:24:00;259;sem vítima;325;BR-364/MT;Norte;Colisão Lateral;1;3;;;;;1
14/05/2015;05:51:00;36;sem vítima;684;BR-163/MT;Norte;Tombamento;1;1;;;;;1
15/05/2015;22:42:00;289;sem vítima;104;BR-163/MT;Sul;Colisão Traseira;1;2;;;;;1
15/05/2015;15:01:00;190;sem vítima;387,4;BR-364/MT;Norte;Colisão Traseira;2;2;;;;;1
15/05/2015;15:57:00;205;sem vítima;472;BR-364/MT;Norte;Engavetamento;1;4;;;;;1
15/05/2015;17:39:00;231;sem vítima;674;BR-163/MT;Norte;Saida de Pista;1;1;;;;;1
15/05/2015;16:08:00;209;sem vítima;701;BR-163/MT;Norte;Saida de Pista;1;1;;;;;1
15/05/2015;18:14:00;233;com vítima;814,3;BR-163/MT;Sul;Engavetamento;1;7;1;;;;1
16/05/2015;19:01:00;214;com vítima;269;BR-364/MT;Norte;Colisão Traseira;2;2;1;;;;1
16/05/2015;18:52:00;211;com vítima;553;BR-364/MT;Sul;Colisão Frontal;1;1;;2;;;2
17/05/2015;05:35:00;39;sem vítima;226;BR-364/MT;Sul;Colisão Traseira;1;5;;;;;1
17/05/2015;02:25:00;27;sem vítima;227;BR-364/MT;Norte;Tombamento;1;1;;;;;1
17/05/2015;17:05:00;207;sem vítima;304;BR-364/MT;Sul;Colisão Traseira;2;2;;;;;1
17/05/2015;20:21:00;243;sem vítima;549;BR-163/MT;Sul;Saida de Pista;1;1;;;;;1
18/05/2015;07:31:00;45;sem vítima;386;BR-364/MT;Norte;Colisão Traseira;1;3;;;;;1
18/05/2015;09:33:00;95;com vítima;512;BR-163/MT;Sul;Engavetamento;2;5;1;;;;1
18/05/2015;10:01:00;103;sem vítima;522;BR-070/MT;Norte;Colisão Transversal;1;5;;;;;1
19/05/2015;04:25:00;32;sem vítima;509,5;BR-070/MT;Norte;Tombamento;1;1;;;;;1
19/05/2015;17:02:00;235;sem vítima;666;BR-163/MT;Sul;Capotamento;1;4;;;;;1
19/05/2015;17:02:00;236;sem vítima;687,5;BR-163/MT;Sul;Colisão Traseira;2;2;;;;;1
19/05/2015;11:44:00;154;sem vítima;803,8;BR-163/MT;Sul;Tombamento;1;1;;;;;1
20/05/2015;10:32:00;120;sem vítima;113,4;BR-163/MT;Norte;Engavetamento;1;3;;;;;1
20/05/2015;06:46:00;37;sem vítima;251,5;BR-364/MT;Sul;Colisão Traseira;2;2;;;;;1
20/05/2015;12:16:00;151;com vítima;271;BR-364/MT;Sul;Tombamento;1;0;2;;;;1
20/05/2015;15:23:00;198;sem vítima;306;BR-364/MT;Sul;Tombamento;1;1;;;;;1
20/05/2015;10:05:00;112;sem vítima;447;BR-364/MT;Norte;Colisão Lateral;1;2;;;;;1
20/05/2015;14:51:00;187;sem vítima;505,9;BR-070/MT;Norte;Engavetamento;3;3;;;;;1
20/05/2015;09:57:00;110;sem vítima;518,2;BR-070/MT;Sul;Colisão Traseira;2;2;;;;;1
20/05/2015;15:11:00;194;sem vítima;630,8;BR-163/MT;Sul;Colisão Lateral;1;4;;;;;1
20/05/2015;09:53:00;108;sem vítima;736;BR-163/MT;Sul;Colisão Traseira;1;6;;;;;1
20/05/2015;13:38:00;169;sem vítima;751;BR-163/MT;Sul;Colisão Transversal;1;3;;;;;1
21/05/2015;18:29:00;246;com vítima;248;BR-364/MT;Norte;Colisão Traseira;1;4;1;;;;1
21/05/2015;08:28:00;105;sem vítima;597;BR-163/MT;Sul;Colisão Traseira;2;2;;;;;1
21/05/2015;14:39:00;202;sem vítima;619,9;BR-163/MT;Sul;Colisão Traseira;2;2;;;;;1
21/05/2015;11:08:00;171;com vítima;623,2;BR-163/MT;Sul;Engavetamento;4;2;2;;;;1
21/05/2015;12:23:00;183;sem vítima;623,7;BR-163/MT;Norte;Colisão Traseira;2;2;;;;;1
22/05/2015;14:40:00;201;sem vítima;33;BR-163/MT;Sul;Colisão Lateral;1;2;;;;;1
22/05/2015;02:51:00;25;sem vítima;546;BR-163/MT;Norte;Saida de Pista;1;1;;;;;1
23/05/2015;13:54:00;162;sem vítima;14,7;BR-163/MT;Sul;Colisão Traseira;2;2;;;;;1
23/05/2015;07:08:00;38;sem vítima;217,11;BR-364/MT;Sul;Engavetamento;3;4;;;;;1
23/05/2015;05:32:00;30;sem vítima;598;BR-163/MT;Sul;Colisão Frontal;1;2;;;;;1
23/05/2015;06:29:00;34;sem vítima;620,5;BR-163/MT;Sul;Colisão Traseira;2;6;;;;;1
23/05/2015;08:31:00;69;sem vítima;400;BR-364/MT;Norte;Colisão Traseira;2;2;;;;;1
24/05/2015;07:45:00;33;sem vítima;299;BR-364/MT;Norte;Colisão Traseira;2;2;;;;;1
24/05/2015;15:26:00;149;sem vítima;328;BR-364/MT;Norte;Tombamento;1;1;;;;;1
24/05/2015;06:48:00;26;com vítima;333,7;BR-364/MT;Sul;Colisão Traseira;2;3;2;;;;1
24/05/2015;14:19:00;131;sem vítima;555;BR-163/MT;Sul;Tombamento;1;1;;;;;1
24/05/2015;14:31:00;135;com vítima;557;BR-364/MT;Sul;Colisão Lateral;1;1;;1;;;2
24/05/2015;14:28:00;134;sem vítima;593;BR-163/MT;Norte;Colisão Lateral;2;2;;;;;1
24/05/2015;10:50:00;80;sem vítima;607;BR-163/MT;Norte;Colisão Lateral;1;5;;;;;1
24/05/2015;11:36:00;91;sem vítima;676;BR-163/MT;Sul;Tombamento;1;1;;;;;1
24/05/2015;17:34:00;177;sem vítima;583;BR-364/MT;Norte;Colisão Traseira;1;3;;;;;1
25/05/2015;16:15:00;210;sem vítima;376,7;BR-364/MT;Norte;Saida de Pista;1;3;;;;;1
25/05/2015;07:56:00;71;sem vítima;527;BR-364/MT;Norte;Colisão Traseira;2;3;;;;;1
25/05/2015;17:48:00;230;com vítima;574;BR-163/MT;Sul;Colisão Frontal;3;3;1;;1;;2
26/05/2015;12:43:00;165;sem vítima;637,6;BR-163/MT;Norte;Colisão Lateral;1;2;;;;;1
26/05/2015;17:36:00;242;sem vítima;682;BR-163/MT;Norte;Colisão Traseira;1;2;;;;;1
27/05/2015;06:13:00;44;sem vítima;114,2;BR-163/MT;Norte;Engavetamento;4;5;;;;;1
27/05/2015;20:25:00;282;com vítima;289;BR-364/MT;Sul;Colisão Frontal;1;3;;1;;;2
27/05/2015;13:42:00;179;com vítima;400,11;BR-364/MT;Norte;Colisão Lateral;1;1;;;1;;2
28/05/2015;11:20:00;157;sem vítima;107;BR-163/MT;Sul;Colisão Lateral;1;4;;;;;1
28/05/2015;08:28:00;90;sem vítima;264;BR-364/MT;Norte;Colisão Traseira;2;2;;;;;1
28/05/2015;11:44:00;163;sem vítima;316;BR-364/MT;Sul;Tombamento;1;1;;;;;1
28/05/2015;14:46:00;208;com vítima;349,1;BR-364/MT;Norte;Saida de Pista;1;0;;1;;;2
28/05/2015;07:54:00;81;com vítima;499,3;BR-070/MT;Norte;Colisão Transversal;1;2;1;;;;1