data;horario;n_da_ocorrencia;tipo_de_ocorrencia;km;trecho;sentido;tipo_de_acidente;caminhao;ilesos;levemente_feridos;moderadamente_feridos;gravemente_feridos;mortos;3
28/05/2015;15:49:00;231;sem vítima;518;BR-070/MT;Sul;Colisão Traseira;2;2;;;;;1
29/05/2015;17:20:00;214;sem vítima;119;BR-163/MT;Sul;Colisão Lateral;2;2;;;;;1
29/05/2015;00:03:00;1;com vítima;344;BR-364/MT;Sul;Colisão Traseira;2;1;;;1;;2
29/05/2015;22:02:00;286;com vítima;348,8;BR-364/MT;Norte;Colisão Traseira;2;1;1;;;;1
30/05/2015;10:52:00;152;sem vítima;208;BR-364/MT;Norte;Colisão Traseira;1;2;;;;;1
30/05/2015;23:10:00;313;sem vítima;229,787;BR-364/MT;Sul;Choque - Suporte de Sinalização;1;1;;;;;1
30/05/2015;20:33:00;294;sem vítima;251,565;BR-364/MT;Sul;Colisão Traseira;2;2;;;;;1
30/05/2015;08:15:00;105;com vítima;342;BR-364/MT;Norte;Atropelamento - Morador;2;1;1;;;1;3
30/05/2015;09:30:00;130;sem vítima;468;BR-364/MT;Sul;Colisão Traseira;2;3;;;;;1
30/05/2015;00:13:00;4;sem vítima;578,626;BR-364/MT;Norte;Atropelamento - Animal;1;1;;;;;1
30/05/2015;21:46:00;308;com vítima;829;BR-163/MT;Sul;Colisão Transversal;1;1;1;;;;1
31/05/2015;08:10:00;65;sem vítima;231,5;BR-364/MT;Norte;Colisão Lateral;1;4;;;;;1
31/05/2015;08:50:00;81;sem vítima;440;BR-364/MT;Norte;Tombamento;1;1;;;;;1
31/05/2015;12:19:00;135;sem vítima;440;BR-364/MT;Sul;Colisão Transversal;1;3;;;;;1
31/05/2015;08:53:00;87;com vítima;486;BR-364/MT;Sul;Colisão Lateral;4;3;;1;;;2
31/05/2015;08:29:00;77;sem vítima;491;BR-364/MT;Norte;Colisão Traseira;2;2;;;;;1
31/05/2015;06:55:00;43;com vítima;518,6;BR-070/MT;Sul;Colisão Frontal;1;2;1;;;;1
31/05/2015;10:44:00;111;sem vítima;523,3;BR-364/MT;Norte;Colisão Traseira;2;3;;;;;1
31/05/2015;18:22:00;225;sem vítima;546;BR-163/MT;Sul;Colisão Lateral;2;2;;;;;1
31/05/2015;08:39:00;78;sem vítima;562;BR-364/MT;Norte;Tombamento;1;1;;;;;1
31/05/2015;06:42:00;41;sem vítima;568,1;BR-364/MT;Sul;Tombamento;1;1;;;;;1
31/05/2015;06:18:00;36;sem vítima;568,7;BR-364/MT;Norte;Tombamento;1;1;;;;;1
01/06/2015;16:24:00;221;sem vítima;101,7;BR-163/MT;Sul;Colisão Transversal;2;3;;;;;1
01/06/2015;00:56:00;6;sem vítima;102;BR-163/MT;Sul;Colisão Lateral;1;2;;;;;1
01/06/2015;17:30:00;238;com vítima;349,1;BR-364/MT;Norte;Tombamento;1;0;2;;;;1
01/06/2015;19:34:00;261;sem vítima;499;BR-364/MT;Sul;Colisão Lateral;2;2;;;;;1
01/06/2015;07:08:00;44;sem vítima;829;BR-163/MT;Norte;Colisão Traseira;1;3;;;;;1
02/06/2015;14:22:00;215;sem vítima;345;BR-364/MT;Norte;Tombamento;1;1;;;;;1
03/06/2015;10:26:00;119;sem vítima;4;BR-163/MT;Norte;Colisão Traseira;2;2;;;;;1
03/06/2015;05:52:00;36;sem vítima;230;BR-364/MT;Norte;Engavetamento;3;3;;;;;1
03/06/2015;14:17:00;183;sem vítima;274;BR-364/MT;Norte;Colisão Lateral;1;4;;;;;1
03/06/2015;11:14:00;141;sem vítima;515;BR-070/MT;Norte;Colisão Frontal;1;2;;;;;1
03/06/2015;17:04:00;236;sem vítima;834;BR-163/MT;Norte;Colisão Traseira;1;2;;;;;1
04/06/2015;13:24:00;198;sem vítima;449,2;BR-364/MT;Sul;Tombamento;1;1;;;;;1
05/06/2015;15:22:00;201;com vítima;278;BR-364/MT;Sul;Colisão Traseira;2;1;1;;;;1
05/06/2015;14:35:00;192;sem vítima;334;BR-364/MT;Norte;Colisão Lateral;3;4;;;;;1
06/06/2015;03:21:00;31;sem vítima;398;BR-364/MT;Sul;Colisão Frontal;1;2;;;;;1
06/06/2015;06:29:00;61;sem vítima;512;BR-163/MT;Sul;Colisão Traseira;2;2;;;;;1
06/06/2015;10:58:00;145;sem vítima;514;BR-070/MT;Norte;Colisão Lateral;1;3;;;;;1
06/06/2015;13:25:00;177;com vítima;560;BR-163/MT;Sul;Tombamento;1;0;1;;;;1
06/06/2015;14:19:00;198;sem vítima;570;BR-163/MT;Sul;Tombamento;1;1;;;;;1
07/06/2015;18:22:00;181;com vítima;26,053;BR-163/MT;Sul;Tombamento;1;2;1;1;;;2
07/06/2015;06:45:00;39;sem vítima;241;BR-364/MT;Norte;Colisão Traseira;2;2;;;;;1
07/06/2015;08:53:00;73;sem vítima;271,3;BR-364/MT;Sul;Tombamento;1;1;;;;;1
07/06/2015;16:49:00;161;sem vítima;562;BR-364/MT;Norte;Colisão Transversal;1;2;;;;;1
08/06/2015;09:23:00;90;com vítima;107;BR-163/MT;Norte;Colisão Lateral;1;2;2;;;;1
08/06/2015;17:19:00;241;com vítima;107;BR-163/MT;Sul;Colisão Lateral;1;1;1;1;;;2
08/06/2015;11:22:00;130;com vítima;201,5;BR-364/MT;Norte;Colisão Traseira;1;1;1;;;;1
08/06/2015;08:22:00;75;sem vítima;209,5;BR-364/MT;Norte;Colisão Traseira;1;5;;;;;1
08/06/2015;12:19:00;144;sem vítima;455,1;BR-364/MT;Sul;Saida de Pista;1;1;;;;;1
09/06/2015;21:46:00;318;sem vítima;273;BR-364/MT;Sul;Colisão Lateral;2;2;;;;;1
09/06/2015;15:00:00;198;sem vítima;471;BR-364/MT;Sul;Tombamento;1;1;;;;;1
09/06/2015;08:03:00;86;sem vítima;497,3;BR-364/MT;Norte;Tombamento;1;1;;;;;1
09/06/2015;21:38:00;322;com vítima;513;BR-070/MT;Norte;Tombamento;1;0;1;;;;1
09/06/2015;12:39:00;170;sem vítima;672;BR-163/MT;Sul;Tombamento;1;1;;;;;1
10/06/2015;10:02:00;152;sem vítima;265,8;BR-364/MT;Norte;Colisão Traseira;1;2;;;;;1
10/06/2015;09:38:00;137;sem vítima;314,4;BR-364/MT;Norte;Colisão Lateral;1;2;;;;;1
10/06/2015;10:47:00;174;com vítima;584;BR-163/MT;Sul;Tombamento;1;0;1;;;;1
10/06/2015;17:06:00;261;com vítima;690,5;BR-163/MT;Norte;Colisão Transversal;1;1;;1;;;2
10/06/2015;17:19:00;266;sem vítima;753,7;BR-163/MT;Norte;Colisão Transversal;2;2;;;;;1
11/06/2015;11:35:00;161;sem vítima;364,5;BR-364/MT;Sul;Colisão Lateral;1;4;;;;;1
11/06/2015;13:05:00;188;sem vítima;545;BR-364/MT;Sul;Colisão Lateral;1;2;;;;;1
11/06/2015;15:53:00;220;sem vítima;750;BR-163/MT;Norte;Colisão Lateral;2;2;;;;;1
12/06/2015;01:22:00;14;sem vítima;348;BR-364/MT;Sul;Tombamento;1;1;;;;;1
12/06/2015;10:05:00;126;com vítima;349;BR-364/MT;Norte;Colisão Traseira;2;1;1;;;;1
12/06/2015;08:52:00;93;com vítima;571;BR-163/MT;Sul;Saida de Pista;1;1;1;;;;1
13/06/2015;23:54:00;306;com vítima;102;BR-163/MT;Sul;Tombamento;1;0;1;;;;1
13/06/2015;10:18:00;143;sem vítima;396,3;BR-364/MT;Sul;Colisão Lateral;1;3;;;;;1
13/06/2015;10:28:00;147;sem vítima;503,4;BR-070/MT;Norte;Colisão Transversal;1;6;;;;;1
13/06/2015;14:37:00;197;com vítima;517,95;BR-070/MT;Sul;Colisão Transversal;1;1;1;;;;1
13/06/2015;15:56:00;217;sem vítima;575;BR-364/MT;Norte;Colisão Traseira;1;5;;;;;1
14/06/2015;22:15:00;321;sem vítima;107,3;BR-163/MT;Sul;Colisão Lateral;1;6;;;;;1
14/06/2015;13:36:00;212;sem vítima;541,8;BR-364/MT;Norte;Colisão Lateral;1;2;;;;;1
14/06/2015;12:36:00;194;com vítima;544;BR-364/MT;Norte;Colisão Transversal;1;1;1;;;;1
14/06/2015;23:57:00;329;sem vítima;580;BR-364/MT;Norte;Saida de Pista;1;1;;;;;1
15/06/2015;18:49:00;234;com vítima;112;BR-163/MT;Norte;Colisão Traseira;1;1;;2;;;2
15/06/2015;18:07:00;222;com vítima;317;BR-364/MT;Norte;Tombamento;1;0;1;;;;1
15/06/2015;14:49:00;178;sem vítima;514,5;BR-364/MT;Norte;Saida de Pista;1;1;;;;;1
15/06/2015;09:13:00;103;sem vítima;517;BR-070/MT;Norte;Colisão Transversal;1;2;;;;;1
16/06/2015;15:58:00;267;sem vítima;80;BR-163/MT;Sul;Colisão Traseira;1;2;;;;;1
16/06/2015;13:32:00;212;sem vítima;335;BR-364/MT;Norte;Colisão Lateral;1;2;;;;;1
16/06/2015;10:40:00;169;com vítima;349,7;BR-364/MT;Norte;Capotamento;1;0;;1;;;2
17/06/2015;14:17:00;260;sem vítima;104;BR-163/MT;Norte;Colisão Traseira;2;2;;;;;1
17/06/2015;09:03:00;141;sem vítima;114,5;BR-163/MT;Sul;Colisão Traseira;2;2;;;;;1
17/06/2015;18:03:00;350;sem vítima;210;BR-364/MT;Sul;Tombamento;1;1;;;;;1
17/06/2015;09:00:00;139;sem vítima;490;BR-364/MT;Norte;Colisão Traseira;1;3;;;;;1
17/06/2015;17:08:00;333;sem vítima;493;BR-364/MT;Sul;Saida de Pista;1;2;;;;;1
17/06/2015;08:53:00;136;sem vítima;524;BR-070/MT;Norte;Colisão Traseira;2;2;;;;;1
17/06/2015;20:50:00;391;com vítima;537;BR-163/MT;Sul;Tombamento;1;0;1;;;;1
17/06/2015;05:51:00;77;com vítima;564,2;BR-163/MT;Norte;Colisão Traseira;2;2;3;;;;1
18/06/2015;12:23:00;199;sem vítima;95,6;BR-163/MT;Sul;Colisão Lateral;1;3;;;;;1
18/06/2015;18:21:00;286;com vítima;347;BR-364/MT;Norte;Colisão Traseira;2;1;;1;;;2
18/06/2015;11:03:00;183;sem vítima;513,4;BR-364/MT;Sul;Colisão Traseira;2;2;;;;;1
18/06/2015;14:00:00;214;sem vítima;575,4;BR-364/MT;Norte;Colisão Lateral;2;6;;;;;1
18/06/2015;17:24:00;279;com vítima;687;BR-163/MT;Norte;Colisão Traseira;1;2;;1;;;2
19/06/2015;21:20:00;271;sem vítima;47,1;BR-163/MT;Norte;Colisão Lateral;1;2;;;;;1
19/06/2015;18:25:00;237;com vítima;79,811;BR-163/MT;Sul;Tombamento;1;0;1;;;;1
19/06/2015;07:51:00;85;sem vítima;107;BR-163/MT;Sul;Colisão Transversal;1;2;;;;;1
19/06/2015;18:53:00;244;sem vítima;241,943;BR-364/MT;Norte;Colisão Lateral;1;3;;;;;1
19/06/2015;12:40:00;177;sem vítima;452;BR-364/MT;Sul;Colisão Traseira;2;2;;;;;1
19/06/2015;17:09:00;228;sem vítima;495;BR-364/MT;Sul;Colisão Lateral;2;3;;;;;1
19/06/2015;19:53:00;256;com vítima;539;BR-163/MT;Norte;Colisão Traseira;3;5;1;;;;1
19/06/2015;13:29:00;191;com vítima;546;BR-364/MT;Sul;Colisão Transversal;1;1;;;1;1;3
19/06/2015;18:21:00;235;sem vítima;558;BR-163/MT;Norte;Colisão Lateral;2;2;;;;;1
19/06/2015;07:01:00;62;sem vítima;570,7;BR-364/MT;Norte;Tombamento;1;1;;;;;1
19/06/2015;18:34:00;240;com vítima;653;BR-163/MT;Sul;Colisão Traseira;1;1;1;;;;1
19/06/2015;04:44:00;38;sem vítima;821,5;BR-163/MT;Norte;Colisão Traseira;1;3;;;;;1
20/06/2015;12:46:00;190;sem vítima;19;BR-163/MT;Sul;Tombamento;1;1;;;;;1
20/06/2015;08:29:00;98;sem vítima;440;BR-364/MT;Sul;Tombamento;1;1;;;;;1
20/06/2015;11:30:00;170;sem vítima;497,95;BR-070/MT;Norte;Objeto lançado contra veículo;1;2;;;;;1
20/06/2015;16:09:00;229;sem vítima;524;BR-070/MT;Norte;Colisão Traseira;2;2;;;;;1
20/06/2015;17:32:00;249;sem vítima;524;BR-070/MT;Norte;Colisão Traseira;2;2;;;;;1
20/06/2015;10:21:00;149;com vítima;596,2;BR-163/MT;Norte;Atropelamento - Ciclista;1;0;2;;;;1
21/06/2015;04:54:00;67;com vítima;209;BR-364/MT;Norte;Tombamento;1;0;1;;;;1
21/06/2015;00:11:00;16;sem vítima;310;BR-364/MT;Norte;Tombamento;1;1;;;;;1
21/06/2015;10:42:00;157;com vítima;492;BR-364/MT;Norte;Colisão Traseira;2;1;1;;;;1
21/06/2015;17:09:00;246;com vítima;518;BR-163/MT;Norte;Colisão Transversal;2;1;;1;;;2
21/06/2015;11:05:00;159;sem vítima;553,2;BR-364/MT;Norte;Tombamento;1;1;;;;;1
22/06/2015;16:16:00;274;sem vítima;343;BR-364/MT;Norte;Atropelamento - Animal;1;1;;;;;1
22/06/2015;21:00:00;324;sem vítima;348;BR-364/MT;Sul;Saida de Pista;1;1;;;;;1
22/06/2015;15:53:00;270;com vítima;509;BR-070/MT;Sul;Engavetamento;3;3;1;;;;1
22/06/2015;07:40:00;107;sem vítima;513,5;BR-364/MT;Sul;Capotamento;1;1;;;;;1
22/06/2015;14:15:00;230;sem vítima;568,9;BR-163/MT;Norte;Colisão Traseira;1;3;;;;;1
23/06/2015;14:32:00;238;sem vítima;276,4;BR-364/MT;Sul;Colisão Traseira;2;2;;;;;1
23/06/2015;09:19:00;135;sem vítima;521;BR-364/MT;Norte;Tombamento;1;1;;;;;1
24/06/2015;15:27:00;263;sem vítima;202,5;BR-364/MT;Sul;Choque - Objeto sobre a pista;1;2;;;;;1
24/06/2015;16:37:00;288;com vítima;265;BR-364/MT;Norte;Atropelamento - Morador;1;1;;1;;;2
24/06/2015;07:11:00;88;com vítima;511,7;BR-070/MT;Norte;Engavetamento;3;3;1;;;;1
24/06/2015;16:09:00;276;sem vítima;513,3;BR-364/MT;Sul;Engavetamento;4;4;;;;;1
24/06/2015;17:25:00;303;sem vítima;688,7;BR-163/MT;Norte;Colisão Transversal;1;2;;;;;1
25/06/2015;13:10:00;233;sem vítima;104;BR-163/MT;Norte;Colisão Transversal;1;26;;;;;1
25/06/2015;15:14:00;265;sem vítima;494,1;BR-364/MT;Sul;Colisão Traseira;2;2;;;;;1
25/06/2015;09:39:00;150;sem vítima;513,1;BR-364/MT;Norte;Colisão Traseira;2;2;;;;;1
25/06/2015;14:02:00;251;sem vítima;533,7;BR-364/MT;Sul;Saida de Pista;2;2;;;;;1
25/06/2015;11:08:00;188;sem vítima;583,8;BR-163/MT;Norte;Tombamento;1;1;;;;;1
25/06/2015;08:51:00;121;sem vítima;667,4;BR-163/MT;Sul;Colisão Traseira;1;4;;;;;1
25/06/2015;11:52:00;207;com vítima;678;BR-163/MT;Sul;Colisão Frontal;1;1;1;;;;1
25/06/2015;01:46:00;25;com vítima;834,5;BR-163/MT;Norte;Atropelamento - Andarilho;1;1;;1;;;2
26/06/2015;15:20:00;273;sem vítima;82;BR-163/MT;Norte;Tombamento;1;1;;;;;1
26/06/2015;15:33:00;281;sem vítima;201,3;BR-364/MT;Sul;Engavetamento;1;5;;;;;1
26/06/2015;18:02:00;323;com vítima;316;BR-364/MT;Norte;Colisão Traseira;1;8;2;;;;1
26/06/2015;19:33:00;342;sem vítima;337,428;BR-364/MT;Norte;Colisão Lateral;1;2;;;;;1
26/06/2015;15:45:00;285;sem vítima;347;BR-364/MT;Norte;Colisão Traseira;1;3;;;;;1
26/06/2015;16:07:00;295;sem vítima;468;BR-364/MT;Sul;Colisão Lateral;2;2;;;;;1
26/06/2015;13:29:00;235;sem vítima;573;BR-364/MT;Sul;Tombamento;1;1;;;;;1
26/06/2015;14:24:00;254;sem vítima;661;BR-163/MT;Sul;Colisão Traseira;2;2;;;;;1
27/06/2015;06:32:00;82;sem vítima;309;BR-364/MT;Norte;Colisão Traseira;1;2;;;;;1
27/06/2015;17:50:00;228;com vítima;394;BR-364/MT;Norte;Colisão Frontal;1;1;;;;1;3
27/06/2015;15:38:00;196;com vítima;437;BR-364/MT;Sul;Colisão Frontal;1;1;;;;1;3
27/06/2015;06:33:00;83;sem vítima;543,1;BR-163/MT;Sul;Colisão Lateral;1;2;;;;;1
27/06/2015;11:11:00;158;sem vítima;646;BR-163/MT;Sul;Colisão Traseira;2;3;;;;;1
28/06/2015;23:08:00;419;sem vítima;479;BR-364/MT;Norte;Saida de Pista;1;1;;;;;1
28/06/2015;18:46:00;362;sem vítima;498;BR-364/MT;Sul;Colisão Lateral;1;2;;;;;1
28/06/2015;06:53:00;71;com vítima;400;BR-364/MT;Norte;Colisão Transversal;1;2;1;;;;1
30/06/2015;16:14:00;287;com vítima;514,8;BR-070/MT;Sul;Colisão Traseira;2;1;;1;;;2
30/06/2015;19:57:00;328;com vítima;590;BR-163/MT;Sul;Tombamento;1;0;1;;;;1
01/07/2015;10:50:00;154;sem vítima;388,75;BR-364/MT;Norte;Colisão Traseira;3;3;;;;;1
01/07/2015;12:31:00;181;sem vítima;625,3;BR-163/MT;Sul;Colisão Frontal;5;6;;;;;1
01/07/2015;09:48:00;138;sem vítima;751;BR-163/MT;Norte;Colisão Lateral;1;4;;;;;1
02/07/2015;10:24:00;158;sem vítima;202;BR-364/MT;Sul;Colisão Traseira;2;2;;;;;1
02/07/2015;00:34:00;27;com vítima;230,009;BR-364/MT;Norte;Tombamento;1;0;1;;;;1
02/07/2015;14:50:00;241;sem vítima;514;BR-364/MT;Sul;Colisão Traseira;2;2;;;;;1
02/07/2015;15:16:00;251;sem vítima;521,95;BR-070/MT;Norte;Colisão Traseira;2;2;;;;;1
02/07/2015;15:50:00;269;sem vítima;586;BR-163/MT;Norte;Choque - Defensa, barreira ou "submarino";1;1;;;;;1
02/07/2015;23:06:00;358;sem vítima;684;BR-163/MT;Sul;Atropelamento - Animal;1;1;;;;;1
03/07/2015;13:41:00;246;sem vítima;112,85;BR-163/MT;Sul;Colisão Traseira;2;5;;;;;1
03/07/2015;14:32:00;263;sem vítima;215;BR-364/MT;Norte;Colisão Traseira;2;5;;;;;1
03/07/2015;18:58:00;334;sem vítima;289,4;BR-364/MT;Norte;Colisão Transversal;1;2;;;;;1
03/07/2015;13:53:00;251;sem vítima;518,4;BR-070/MT;Sul;Colisão Traseira;2;2;;;;;1
03/07/2015;15:47:00;282;sem vítima;665;BR-163/MT;Norte;Engavetamento;2;5;;;;;1
03/07/2015;14:59:00;268;sem vítima;831;BR-163/MT;Sul;Colisão Lateral;1;2;;;;;1
04/07/2015;13:44:00;200;sem vítima;332;BR-364/MT;Norte;Engavetamento;1;4;;;;;1
05/07/2015;00:01:00;21;sem vítima;368;BR-364/MT;Norte;Atropelamento - Animal;1;1;;;;;1
05/07/2015;20:13:00;245;com vítima;820;BR-163/MT;Sul;Colisão Lateral;1;1;;2;;;2
06/07/2015;17:37:00;295;sem vítima;118;BR-163/MT;Norte;Colisão Traseira;1;2;;;;;1
06/07/2015;19:46:00;332;sem vítima;262;BR-364/MT;Norte;Atropelamento - Animal;1;4;;;;;1
06/07/2015;12:20:00;192;sem vítima;346,7;BR-364/MT;Sul;Colisão Transversal;1;2;;;;;1
06/07/2015;13:52:00;215;sem vítima;656;BR-163/MT;Norte;Colisão Lateral;2;3;;;;;1
06/07/2015;12:41:00;197;sem vítima;119,5;BR-163/MT;Norte;Saida de Pista;1;1;;;;;1
07/07/2015;19:02:00;349;sem vítima;105;BR-163/MT;Sul;Colisão Frontal;2;2;;;;;1
07/07/2015;15:59:00;293;sem vítima;204;BR-364/MT;Sul;Colisão Traseira;2;2;;;;;1
07/07/2015;03:58:00;59;com vítima;475;BR-364/MT;Norte;Saida de Pista;1;0;;1;;;2
07/07/2015;03:19:00;56;sem vítima;487;BR-364/MT;Norte;Tombamento;1;3;;;;;1
07/07/2015;16:03:00;297;sem vítima;519,5;BR-163/MT;Sul;Colisão Traseira;1;2;;;;;1
07/07/2015;12:45:00;239;sem vítima;835;BR-163/MT;Sul;Colisão Traseira;1;4;;;;;1
08/07/2015;10:53:00;160;sem vítima;107;BR-163/MT;Sul;Colisão Transversal;1;2;;;;;1
08/07/2015;01:15:00;23;sem vítima;539;BR-163/MT;Sul;Tombamento;1;1;;;;;1
08/07/2015;07:28:00;75;sem vítima;675;BR-163/MT;Norte;Colisão Transversal;2;2;;;;;1
08/07/2015;06:39:00;60;com vítima;720,9;BR-163/MT;Norte;Colisão Frontal;1;6;1;;;;1
08/07/2015;08:37:00;104;com vítima;836,3;BR-163/MT;Norte;Colisão Traseira;1;1;1;;;;1
09/07/2015;13:39:00;250;sem vítima;230;BR-364/MT;Sul;Tombamento;1;1;;;;;1
09/07/2015;09:48:00;167;sem vítima;297;BR-364/MT;Sul;Colisão Traseira;2;2;;;;;1
09/07/2015;20:51:00;317;com vítima;625;BR-163/MT;Norte;Tombamento;1;0;1;;;;1
09/07/2015;20:51:00;325;com vítima;625;BR-163/MT;Sul;Tombamento;1;0;1;;;;1
10/07/2015;19:36:00;368;sem vítima;16,5;BR-163/MT;Sul;Atropelamento - Animal;1;2;;;;;1
10/07/2015;12:12:00;223;sem vítima;283;BR-364/MT;Norte;Colisão Traseira;2;2;;;;;1
10/07/2015;16:23:00;305;com vítima;309,045;BR-364/MT;Norte;Saida de Pista;1;0;1;;;;1
10/07/2015;13:44:00;252;sem vítima;532;BR-364/MT;Sul;Colisão Traseira;2;3;;;;;1
10/07/2015;23:45:00;414;sem vítima;565;BR-364/MT;Norte;Tombamento;1;1;;;;;1
10/07/2015;18:46:00;350;sem vítima;598;BR-163/MT;Norte;Colisão Lateral;1;3;;;;;1
10/07/2015;07:40:00;109;sem vítima;833;BR-163/MT;Sul;Colisão Transversal;1;2;;;;;1
11/07/2015;13:56:00;276;sem vítima;517;BR-163/MT;Sul;Colisão Lateral;1;2;;;;;1
11/07/2015;11:11:00;231;sem vítima;520,5;BR-070/MT;Norte;Colisão Traseira;1;2;;;;;1
11/07/2015;09:14:00;182;com vítima;827,1;BR-163/MT;Sul;Colisão Lateral;1;1;;1;;;2
11/07/2015;11:54:00;243;sem vítima;400,5;BR-364/MT;Norte;Colisão Lateral;1;2;;;;;1
12/07/2015;14:31:00;199;com vítima;107;BR-163/MT;Norte;Colisão Transversal;1;1;;;1;;2
12/07/2015;07:01:00;102;sem vítima;107,6;BR-163/MT;Sul;Colisão Lateral;1;6;;;;;1
12/07/2015;07:48:00;109;sem vítima;262;BR-364/MT;Norte;Colisão Lateral;1;3;;;;;1
12/07/2015;15:06:00;209;com vítima;321;BR-364/MT;Norte;Colisão Lateral;3;1;6;;1;;2
12/07/2015;10:49:00;162;sem vítima;576;BR-163/MT;Sul;Tombamento;1;2;;;;;1
13/07/2015;17:35:00;277;com vítima;106,915;BR-163/MT;Norte;Colisão Transversal;1;2;1;;;;1
13/07/2015;16:41:00;268;com vítima;535;BR-364/MT;Sul;Tombamento;1;0;1;;;;1
14/07/2015;13:05:00;207;sem vítima;202,8;BR-364/MT;Norte;Colisão Lateral;2;2;;;;;1
14/07/2015;21:51:00;352;com vítima;285,25;BR-364/MT;Norte;Colisão Lateral;2;1;3;;;1;3
14/07/2015;16:30:00;271;com vítima;386;BR-364/MT;Sul;Colisão Traseira;1;2;1;;;;1
14/07/2015;16:52:00;284;com vítima;583;BR-163/MT;Norte;Colisão Lateral;2;1;;;;1;3
14/07/2015;20:26:00;333;sem vítima;829,2;BR-163/MT;Norte;Colisão Traseira;1;4;;;;;1
14/07/2015;14:21:00;230;sem vítima;842,5;BR-163/MT;Norte;Colisão Traseira;1;5;;;;;1
14/07/2015;13:48:00;219;sem vítima;400;BR-364/MT;Sul;Colisão Transversal;1;2;;;;;1
15/07/2015;17:38:00;302;sem vítima;227;BR-364/MT;Sul;Colisão Lateral;1;5;;;;;1
15/07/2015;10:31:00;210;com vítima;269,6;BR-364/MT;Sul;Colisão Lateral;1;1;4;;;;1
15/07/2015;15:05:00;263;sem vítima;397;BR-364/MT;Norte;Colisão Transversal;1;2;;;;;1
15/07/2015;15:33:00;274;sem vítima;511;BR-070/MT;Norte;Saida de Pista;1;1;;;;;1
15/07/2015;21:39:00;341;sem vítima;518,7;BR-364/MT;Sul;Tombamento;1;1;;;;;1
15/07/2015;15:02:00;261;sem vítima;598;BR-163/MT;Norte;Colisão Transversal;1;2;;;;;1
15/07/2015;08:08:00;138;sem vítima;831,5;BR-163/MT;Norte;Colisão Traseira;1;2;;;;;1
16/07/2015;08:00:00;115;sem vítima;281;BR-364/MT;Sul;Colisão Lateral;2;3;;;;;1
16/07/2015;06:05:00;81;com vítima;435,7;BR-364/MT;Norte;Colisão Transversal;1;1;;1;;;2
16/07/2015;11:46:00;163;sem vítima;511,5;BR-364/MT;Sul;Colisão Traseira;2;3;;;;;1
16/07/2015;10:13:00;135;sem vítima;512;BR-364/MT;Sul;Colisão Traseira;2;3;;;;;1
16/07/2015;12:08:00;170;com vítima;538;BR-364/MT;Sul;Colisão Frontal;1;0;1;;;2;3
16/07/2015;14:31:00;204;com vítima;614;BR-163/MT;Sul;Colisão Traseira;2;1;1;;;;1
16/07/2015;16:05:00;222;sem vítima;623,5;BR-163/MT;Sul;Tombamento;1;1;;;;;1
16/07/2015;14:56:00;209;sem vítima;624;BR-163/MT;Sul;Colisão Traseira;2;3;;;;;1
17/07/2015;02:39:00;36;sem vítima;95,5;BR-163/MT;Norte;Saida de Pista;1;2;;;;;1
17/07/2015;11:30:00;181;sem vítima;522;BR-070/MT;Sul;Colisão Traseira;2;2;;;;;1
18/07/2015;12:22:00;194;sem vítima;253;BR-364/MT;Sul;Colisão Lateral;2;3;;;;;1
18/07/2015;22:44:00;342;com vítima;277;BR-364/MT;Norte;Tombamento;1;0;1;;;;1
18/07/2015;10:05:00;153;sem vítima;478;BR-364/MT;Sul;Colisão Traseira;2;2;;;;;1
18/07/2015;00:57:00;20;sem vítima;532;BR-364/MT;Sul;Tombamento;1;1;;;;;1
18/07/2015;06:42:00;77;sem vítima;577;BR-163/MT;Sul;Tombamento;1;1;;;;;1
19/07/2015;19:07:00;295;com vítima;283;BR-364/MT;Norte;Colisão Lateral;3;3;;;2;1;3
19/07/2015;17:26:00;271;sem vítima;529,4;BR-364/MT;Norte;Colisão Traseira;2;2;;;;;1
19/07/2015;20:05:00;321;sem vítima;753,7;BR-163/MT;Norte;Colisão Lateral;1;2;;;;;1
19/07/2015;15:11:00;222;sem vítima;837;BR-163/MT;Norte;Colisão Lateral;2;2;;;;;1
20/07/2015;05:57:00;58;sem vítima;101,623;BR-163/MT;Sul;Colisão Traseira;2;2;;;;;1
20/07/2015;17:48:00;247;sem vítima;202,8;BR-364/MT;Norte;Colisão Traseira;1;3;;;;;1
20/07/2015;09:22:00;110;sem vítima;266;BR-364/MT;Sul;Colisão Traseira;1;10;;;;;1
20/07/2015;17:43:00;245;sem vítima;514;BR-070/MT;Norte;Colisão Lateral;1;3;;;;;1
20/07/2015;19:35:00;266;sem vítima;664,1;BR-163/MT;Norte;Colisão Traseira;2;2;;;;;1
20/07/2015;15:30:00;216;sem vítima;754,4;BR-163/MT;Sul;Tombamento;1;1;;;;;1