data;horario;n_da_ocorrencia;tipo_de_ocorrencia;km;trecho;sentido;tipo_de_acidente;caminhao;ilesos;levemente_feridos;moderadamente_feridos;gravemente_feridos;mortos;3
21/07/2015;21:09:00;296;com vítima;273;BR-364/MT;Sul;Tombamento;1;0;1;;;;1
21/07/2015;18:40:00;272;sem vítima;605;BR-163/MT;Norte;Colisão Lateral;2;2;;;;;1
22/07/2015;17:29:00;298;com vítima;282;BR-364/MT;Norte;Colisão Traseira;1;1;4;;;;1
22/07/2015;06:12:00;76;com vítima;435,1;BR-364/MT;Sul;Colisão Traseira;1;3;;1;;;2
22/07/2015;17:20:00;296;sem vítima;786;BR-163/MT;Sul;Saida de Pista;1;5;;;;;1
23/07/2015;07:13:00;98;com vítima;118,5;BR-163/MT;Norte;Colisão Lateral;1;1;1;;;;1
23/07/2015;09:35:00;144;sem vítima;278,8;BR-364/MT;Sul;Colisão Traseira;2;3;;;;;1
23/07/2015;09:10:00;143;sem vítima;309,045;BR-364/MT;Norte;Engavetamento;3;4;;;;;1
23/07/2015;12:25:00;209;sem vítima;333;BR-364/MT;Sul;Saida de Pista;1;2;;;;;1
23/07/2015;06:31:00;86;com vítima;468,6;BR-364/MT;Sul;Colisão Transversal;2;2;1;;;;1
23/07/2015;14:08:00;220;com vítima;589;BR-163/MT;Sul;Colisão Frontal;1;1;;2;;;2
23/07/2015;14:42:00;251;com vítima;605;BR-163/MT;Sul;Tombamento;1;0;1;;;;1
23/07/2015;15:00:00;255;sem vítima;627;BR-163/MT;Norte;Colisão Traseira;2;2;;;;;1
23/07/2015;08:45:00;137;sem vítima;766;BR-163/MT;Norte;Colisão Traseira;1;4;;;;;1
23/07/2015;14:49:00;252;sem vítima;583;BR-364/MT;Norte;Colisão Traseira;1;4;;;;;1
24/07/2015;09:52:00;149;sem vítima;273;BR-364/MT;Norte;Colisão Traseira;1;3;;;;;1
24/07/2015;11:58:00;184;sem vítima;333,5;BR-364/MT;Norte;Colisão Traseira;1;2;;;;;1
24/07/2015;07:47:00;101;sem vítima;334,5;BR-364/MT;Sul;Colisão Traseira;2;2;;;;;1
24/07/2015;07:41:00;97;sem vítima;386;BR-364/MT;Norte;Colisão Traseira;2;2;;;;;1
24/07/2015;10:39:00;165;com vítima;447,3;BR-364/MT;Norte;Colisão Lateral;2;2;;6;;;2
24/07/2015;19:11:00;288;com vítima;828;BR-163/MT;Norte;Colisão Traseira;1;1;1;;;;1
25/07/2015;14:22:00;201;sem vítima;116,5;BR-163/MT;Norte;Tombamento;1;1;;;;;1
25/07/2015;11:48:00;175;com vítima;202,7;BR-364/MT;Norte;Colisão Traseira;2;2;;;;1;3
25/07/2015;17:11:00;231;sem vítima;561,7;BR-364/MT;Norte;Queda de Moto;1;2;;;;;1
25/07/2015;14:52:00;205;sem vítima;712;BR-163/MT;Sul;Tombamento;1;1;;;;;1
26/07/2015;19:24:00;291;sem vítima;252;BR-364/MT;Norte;Saida de Pista;1;1;;;;;1
26/07/2015;14:53:00;221;sem vítima;650;BR-163/MT;Norte;Colisão Lateral;1;4;;;;;1
26/07/2015;11:49:00;171;sem vítima;834;BR-163/MT;Sul;Colisão Lateral;1;7;;;;;1
26/07/2015;17:12:00;265;com vítima;839;BR-163/MT;Sul;Colisão Lateral;1;1;;;1;;2
27/07/2015;18:58:00;349;com vítima;617;BR-163/MT;Norte;Colisão Transversal;1;1;2;1;;1;3
27/07/2015;07:27:00;80;com vítima;649;BR-163/MT;Sul;Queda de Moto;1;1;1;;;;1
28/07/2015;09:46:00;132;sem vítima;300;BR-364/MT;Sul;Tombamento;1;1;;;;;1
28/07/2015;22:25:00;306;sem vítima;337;BR-364/MT;Sul;Saida de Pista;1;1;;;;;1
28/07/2015;16:18:00;233;sem vítima;375,2;BR-364/MT;Norte;Colisão Lateral;1;3;;;;;1
28/07/2015;09:13:00;123;sem vítima;505,3;BR-070/MT;Sul;Colisão Traseira;2;2;;;;;1
28/07/2015;10:26:00;145;sem vítima;517;BR-070/MT;Norte;Colisão Traseira;2;2;;;;;1
28/07/2015;00:40:00;34;sem vítima;549;BR-364/MT;Norte;Colisão Traseira;2;2;;;;;1
28/07/2015;06:14:00;79;sem vítima;583;BR-163/MT;Norte;Tombamento;1;1;;;;;1
28/07/2015;19:51:00;281;com vítima;590,5;BR-163/MT;Sul;Tombamento;1;0;1;;;;1
29/07/2015;18:02:00;276;com vítima;101,5;BR-163/MT;Sul;Colisão Frontal;1;1;1;;;;1
29/07/2015;09:53:00;144;sem vítima;498;BR-070/MT;Norte;Colisão Traseira;1;2;;;;;1
29/07/2015;14:21:00;218;sem vítima;503,2;BR-070/MT;Sul;Tombamento;1;1;;;;;1
29/07/2015;11:07:00;166;sem vítima;511,3;BR-070/MT;Norte;Engavetamento;3;4;;;;;1
30/07/2015;05:00:00;68;com vítima;44,7;BR-163/MT;Sul;Colisão Transversal;2;1;;1;;;2
30/07/2015;07:02:00;85;sem vítima;435,519;BR-364/MT;Sul;Colisão Transversal;1;2;;;;;1
31/07/2015;10:11:00;230;com vítima;348,1;BR-364/MT;Norte;Saida de Pista;1;0;;;;1;3
31/07/2015;09:31:00;211;sem vítima;389,8;BR-364/MT;Norte;Engavetamento;3;3;;;;;1
31/07/2015;16:34:00;343;sem vítima;453,1;BR-364/MT;Norte;Colisão Traseira;1;2;;;;;1
31/07/2015;07:04:00;144;com vítima;507,1;BR-163/MT;Norte;Capotamento;1;0;1;;;;1
31/07/2015;00:50:00;23;com vítima;543,5;BR-364/MT;Norte;Choque - Veiculo parado na pista;1;1;2;;;;1
31/07/2015;13:13:00;275;sem vítima;668;BR-163/MT;Norte;Colisão Lateral;1;2;;;;;1
01/08/2015;15:53:00;230;sem vítima;222,871;BR-364/MT;Norte;Colisão Traseira;2;3;;;;;1
01/08/2015;15:28:00;224;com vítima;223;BR-364/MT;Norte;Colisão Traseira;1;1;2;;;;1
01/08/2015;15:20:00;221;com vítima;264;BR-364/MT;Norte;Colisão Lateral;1;1;;1;;;2
02/08/2015;08:26:00;95;sem vítima;446;BR-364/MT;Sul;Tombamento;1;1;;;;;1
02/08/2015;15:57:00;208;sem vítima;513;BR-070/MT;Norte;Colisão Lateral;1;3;;;;;1
03/08/2015;08:36:00;116;com vítima;386,1;BR-364/MT;Norte;Engavetamento;1;4;3;;;;1
04/08/2015;14:53:00;280;com vítima;86,1;BR-163/MT;Sul;Tombamento;1;0;1;;;;1
04/08/2015;08:41:00;141;sem vítima;287;BR-364/MT;Norte;Engavetamento;3;3;;;;;1
04/08/2015;19:07:00;367;sem vítima;561;BR-163/MT;Sul;Colisão Lateral;2;2;;;;;1
04/08/2015;15:48:00;298;sem vítima;693,5;BR-163/MT;Sul;Tombamento;1;1;;;;;1
05/08/2015;16:47:00;300;sem vítima;58,7;BR-163/MT;Sul;Colisão Lateral;2;3;;;;;1
05/08/2015;10:52:00;189;sem vítima;290;BR-364/MT;Norte;Colisão Transversal;2;3;;;;;1
05/08/2015;21:03:00;350;com vítima;839,5;BR-163/MT;Sul;Colisão Transversal;1;1;1;;;;1
06/08/2015;00:17:00;15;sem vítima;72;BR-163/MT;Sul;Colisão Traseira;1;2;;;;;1
06/08/2015;16:18:00;270;sem vítima;289;BR-364/MT;Sul;Engavetamento;3;3;;;;;1
06/08/2015;18:29:00;311;sem vítima;515,1;BR-070/MT;Sul;Colisão Transversal;1;2;;;;;1
06/08/2015;16:31:00;275;com vítima;655;BR-163/MT;Sul;Colisão Lateral;1;2;1;;;;1
06/08/2015;14:27:00;238;sem vítima;855;BR-163/MT;Norte;Colisão Transversal;1;4;;;;;1
07/08/2015;10:30:00;170;sem vítima;117;BR-163/MT;Norte;Engavetamento;3;3;;;;;1
07/08/2015;09:51:00;148;sem vítima;265;BR-364/MT;Sul;Colisão Traseira;2;2;;;;;1
07/08/2015;19:50:00;344;sem vítima;339,5;BR-364/MT;Norte;Colisão Lateral;1;2;;;;;1
07/08/2015;10:03:00;152;sem vítima;752;BR-163/MT;Sul;Colisão Lateral;1;2;;;;;1
08/08/2015;11:30:00;185;com vítima;306,4;BR-364/MT;Norte;Colisão Frontal;2;0;2;;;;1
08/08/2015;09:50:00;157;sem vítima;383,4;BR-364/MT;Norte;Saida de Pista;1;6;;;;;1
08/08/2015;09:35:00;152;com vítima;567;BR-364/MT;Norte;Colisão Traseira;1;3;1;;;;1
08/08/2015;08:38:00;133;com vítima;577;BR-364/MT;Norte;Colisão Traseira;2;1;;2;;;2
08/08/2015;08:22:00;126;sem vítima;595;BR-163/MT;Sul;Colisão Transversal;2;2;;;;;1
08/08/2015;17:35:00;301;sem vítima;840;BR-163/MT;Sul;Tombamento;1;1;;;;;1
09/08/2015;13:25:00;223;com vítima;484;BR-364/MT;Norte;Colisão Lateral;1;1;;;;1;3
10/08/2015;21:19:00;296;com vítima;573;BR-163/MT;Sul;Colisão Lateral;1;3;1;;;;1
10/08/2015;17:29:00;239;sem vítima;746;BR-163/MT;Norte;Colisão Lateral;1;2;;;;;1
10/08/2015;11:13:00;157;com vítima;828,5;BR-163/MT;Norte;Colisão Frontal;1;1;1;;;;1
11/08/2015;22:56:00;388;com vítima;361;BR-364/MT;Norte;Colisão Frontal;1;31;4;2;;1;3
11/08/2015;07:25:00;111;sem vítima;513;BR-364/MT;Sul;Colisão Traseira;2;2;;;;;1
11/08/2015;13:56:00;253;sem vítima;523;BR-070/MT;Sul;Colisão Transversal;1;2;;;;;1
11/08/2015;17:06:00;314;sem vítima;827;BR-163/MT;Norte;Colisão Lateral;2;4;;;;;1
12/08/2015;08:51:00;131;sem vítima;392;BR-364/MT;Sul;Colisão Transversal;2;2;;;;;1
12/08/2015;13:14:00;219;sem vítima;513;BR-364/MT;Norte;Tombamento;1;2;;;;;1
13/08/2015;10:15:00;223;sem vítima;111;BR-163/MT;Norte;Colisão Traseira;1;2;;;;;1
13/08/2015;12:21:00;209;sem vítima;347;BR-364/MT;Norte;Colisão Traseira;2;2;;;;;1
14/08/2015;22:52:00;333;sem vítima;242;BR-364/MT;Sul;Colisão Frontal;1;2;;;;;1
14/08/2015;16:32:00;265;com vítima;350;BR-364/MT;Norte;Saida de Pista;1;0;;1;;;2
14/08/2015;10:50:00;196;com vítima;507;BR-364/MT;Sul;Tombamento;1;0;1;;;;1
15/08/2015;07:11:00;91;com vítima;299;BR-364/MT;Norte;Engavetamento;3;2;4;;;;1
15/08/2015;16:19:00;266;com vítima;514;BR-364/MT;Sul;Colisão Lateral;3;3;1;;;;1
15/08/2015;21:44:00;339;com vítima;562;BR-364/MT;Norte;Colisão Lateral;2;0;1;1;;;2
15/08/2015;16:30:00;333;sem vítima;624;BR-163/MT;Norte;Colisão Lateral;1;4;;;;;1
16/08/2015;21:41:00;328;sem vítima;1,5;BR-163/MT;Norte;Colisão Traseira;1;3;;;;;1
16/08/2015;12:53:00;200;sem vítima;14,2;BR-163/MT;Sul;Colisão Traseira;1;2;;;;;1
16/08/2015;17:26:00;285;sem vítima;513;BR-070/MT;Sul;Colisão Transversal;1;4;;;;;1
16/08/2015;19:30:00;308;com vítima;557,2;BR-163/MT;Norte;Tombamento;1;0;;;1;;2
17/08/2015;15:58:00;227;sem vítima;321;BR-364/MT;Norte;Colisão Lateral;1;5;;;;;1
17/08/2015;10:30:00;151;sem vítima;344;BR-364/MT;Sul;Colisão Lateral;1;3;;;;;1
17/08/2015;20:00:00;285;sem vítima;384;BR-364/MT;Norte;Colisão Lateral;1;3;;;;;1
17/08/2015;13:02:00;184;sem vítima;490;BR-364/MT;Norte;Engavetamento;3;4;;;;;1
17/08/2015;08:31:00;106;sem vítima;837;BR-163/MT;Sul;Colisão Lateral;1;2;;;;;1
18/08/2015;10:31:00;205;sem vítima;346,2;BR-364/MT;Norte;Tombamento;1;1;;;;;1
18/08/2015;10:51:00;210;com vítima;347;BR-364/MT;Norte;Engavetamento;3;4;;;1;;2
18/08/2015;09:46:00;182;com vítima;514;BR-070/MT;Norte;Engavetamento;2;2;1;;;;1
18/08/2015;08:44:00;149;sem vítima;593,3;BR-163/MT;Norte;Engavetamento;3;4;;;;;1
19/08/2015;03:44:00;52;com vítima;555;BR-364/MT;Sul;Saida de Pista;1;0;1;;;;1
19/08/2015;06:57:00;77;sem vítima;823;BR-163/MT;Sul;Colisão Lateral;2;6;;;;;1
20/08/2015;21:54:00;384;com vítima;31,4;BR-163/MT;Sul;Colisão Frontal;1;1;;;;1;3
20/08/2015;22:58:00;389;com vítima;272,5;BR-364/MT;Sul;Colisão Lateral;1;1;;1;;;2
20/08/2015;08:45:00;116;sem vítima;741;BR-163/MT;Sul;Tombamento;1;1;;;;;1
20/08/2015;18:07:00;326;sem vítima;119,5;BR-163/MT;Norte;Colisão Traseira;2;2;;;;;1
21/08/2015;02:12:00;35;com vítima;56,5;BR-163/MT;Sul;Colisão Frontal;1;2;1;;;;1
21/08/2015;13:06:00;217;com vítima;201,099;BR-364/MT;Norte;Colisão Traseira;1;1;1;;;;1
21/08/2015;05:27:00;51;sem vítima;387;BR-364/MT;Sul;Colisão Traseira;1;2;;;;;1
21/08/2015;07:32:00;66;sem vítima;512;BR-070/MT;Norte;Colisão Traseira;2;2;;;;;1
22/08/2015;05:04:00;57;com vítima;379;BR-364/MT;Sul;Colisão Lateral;2;1;1;;;;1
22/08/2015;16:49:00;175;sem vítima;642,5;BR-163/MT;Norte;Colisão Lateral;2;2;;;;;1
23/08/2015;02:44:00;43;com vítima;554;BR-364/MT;Norte;Tombamento;1;0;1;;;;1
24/08/2015;01:05:00;19;com vítima;204,5;BR-364/MT;Sul;Tombamento;1;0;1;;;;1
24/08/2015;11:12:00;195;sem vítima;348,5;BR-364/MT;Norte;Colisão Traseira;2;2;;;;;1
24/08/2015;07:07:00;76;com vítima;562;BR-364/MT;Norte;Tombamento;1;0;1;;;;1
24/08/2015;22:25:00;390;sem vítima;581;BR-364/MT;Sul;Saida de Pista;1;1;;;;;1
25/08/2015;07:15:00;107;com vítima;201;BR-364/MT;Sul;Engavetamento;1;5;;1;;;2
25/08/2015;10:36:00;187;sem vítima;201;BR-364/MT;Sul;Colisão Lateral;1;2;;;;;1
25/08/2015;17:44:00;345;com vítima;518;BR-163/MT;Sul;Colisão Lateral;2;2;1;;;;1
26/08/2015;12:14:00;165;com vítima;327,3;BR-364/MT;Norte;Colisão Lateral;1;2;1;;;;1
26/08/2015;07:21:00;97;sem vítima;364;BR-364/MT;Sul;Tombamento;1;1;;;;;1
26/08/2015;05:50:00;80;com vítima;567;BR-163/MT;Norte;Colisão Transversal;3;2;1;;;;1
27/08/2015;18:25:00;339;com vítima;674;BR-163/MT;Sul;Colisão Lateral;1;1;;;;2;3
27/08/2015;15:27:00;285;sem vítima;834;BR-163/MT;Norte;Colisão Lateral;1;4;;;;;1
28/08/2015;16:32:00;267;sem vítima;116,2;BR-163/MT;Norte;Colisão Lateral;1;2;;;;;1
28/08/2015;06:07:00;76;sem vítima;116,5;BR-163/MT;Norte;Colisão Transversal;2;2;;;;;1
28/08/2015;21:09:00;328;sem vítima;344;BR-364/MT;Norte;Saida de Pista;1;1;;;;;1
28/08/2015;17:58:00;296;sem vítima;523;BR-364/MT;Sul;Engavetamento;2;3;;;;;1
28/08/2015;16:39:00;270;sem vítima;611;BR-163/MT;Norte;Colisão Lateral;1;4;;;;;1
29/08/2015;13:48:00;193;sem vítima;9,9;BR-163/MT;Sul;Colisão Traseira;1;2;;;;;1
29/08/2015;06:50:00;71;sem vítima;514;BR-070/MT;Sul;Colisão Transversal;1;2;;;;;1
30/08/2015;17:40:00;274;sem vítima;538;BR-364/MT;Sul;Colisão Lateral;1;3;;;;;1
31/08/2015;13:36:00;201;sem vítima;11;BR-163/MT;Sul;Colisão Traseira;1;5;;;;;1
31/08/2015;15:49:00;243;sem vítima;202,8;BR-364/MT;Sul;Engavetamento;3;3;;;;;1
31/08/2015;16:12:00;251;sem vítima;485,1;BR-364/MT;Sul;Colisão Traseira;1;3;;;;;1
31/08/2015;15:54:00;244;sem vítima;517;BR-070/MT;Norte;Colisão Transversal;2;2;;;;;1
31/08/2015;11:16:00;166;sem vítima;524;BR-070/MT;Sul;Colisão Transversal;1;2;;;;;1
31/08/2015;11:45:00;173;sem vítima;533,95;BR-364/MT;Norte;Colisão Lateral;2;2;;;;;1
31/08/2015;19:29:00;305;sem vítima;557;BR-163/MT;Norte;Colisão Lateral;1;7;;;;;1
31/08/2015;14:21:00;217;sem vítima;633;BR-163/MT;Norte;Colisão Traseira;1;2;;;;;1
01/09/2015;06:36:00;92;sem vítima;283;BR-364/MT;Sul;Colisão Lateral;2;2;;;;;1
01/09/2015;08:51:00;137;sem vítima;288;BR-364/MT;Norte;Colisão Traseira;2;3;;;;;1
01/09/2015;13:31:00;246;com vítima;474;BR-364/MT;Sul;Colisão Traseira;2;1;1;;;;1
01/09/2015;23:18:00;398;sem vítima;484;BR-364/MT;Sul;Saida de Pista;1;1;;;;;1
01/09/2015;14:34:00;268;sem vítima;504;BR-070/MT;Norte;Tombamento;1;1;;;;;1
01/09/2015;09:11:00;153;sem vítima;582;BR-364/MT;Norte;Colisão Lateral;1;2;;;;;1
02/09/2015;09:53:00;149;sem vítima;496,35;BR-070/MT;Sul;Tombamento;1;1;;;;;1
02/09/2015;13:52:00;237;sem vítima;495;BR-364/MT;Norte;Colisão Traseira;2;2;;;;;1
02/09/2015;06:41:00;67;sem vítima;511;BR-070/MT;Norte;Colisão Traseira;2;2;;;;;1
03/09/2015;10:40:00;186;sem vítima;80,4;BR-163/MT;Sul;Colisão Lateral;1;3;;;;;1
03/09/2015;13:07:00;239;sem vítima;497,5;BR-364/MT;Norte;Colisão Lateral;1;2;;;;;1
03/09/2015;07:07:00;94;sem vítima;542;BR-364/MT;Norte;Colisão Traseira;2;2;;;;;1
04/09/2015;17:10:00;301;sem vítima;201;BR-364/MT;Sul;Tombamento;1;1;;;;;1
04/09/2015;13:27:00;225;sem vítima;459;BR-364/MT;Norte;Colisão Traseira;1;2;;;;;1
04/09/2015;10:05:00;144;sem vítima;517;BR-070/MT;Norte;Colisão Transversal;1;4;;;;;1
04/09/2015;19:02:00;334;sem vítima;689;BR-163/MT;Sul;Colisão Traseira;1;3;;;;;1
05/09/2015;20:02:00;352;sem vítima;347,5;BR-364/MT;Norte;Saida de Pista;1;1;;;;;1
05/09/2015;13:33:00;232;sem vítima;664;BR-163/MT;Sul;Colisão Traseira;1;2;;;;;1
06/09/2015;06:21:00;58;sem vítima;707;BR-163/MT;Norte;Colisão Transversal;1;2;;;;;1
07/09/2015;09:35:00;150;sem vítima;111;BR-163/MT;Norte;Colisão Lateral;1;2;;;;;1
07/09/2015;11:03:00;179;com vítima;248;BR-364/MT;Sul;Colisão Lateral;1;4;2;;;;1
07/09/2015;14:05:00;230;sem vítima;446;BR-364/MT;Norte;Tombamento;1;1;;;;;1
07/09/2015;05:21:00;89;com vítima;500;BR-070/MT;Sul;Colisão Frontal;1;1;;1;;;2
07/09/2015;12:40:00;202;com vítima;400;BR-364/MT;Sul;Colisão Transversal;1;1;1;1;;;2
08/09/2015;10:22:00;164;sem vítima;119;BR-163/MT;Norte;Colisão Traseira;2;2;;;;;1
08/09/2015;07:45:00;97;com vítima;511,3;BR-070/MT;Norte;Colisão Traseira;1;1;1;;;;1
08/09/2015;16:19:00;271;sem vítima;665;BR-163/MT;Norte;Colisão Traseira;2;2;;;;;1
09/09/2015;11:26:00;160;sem vítima;99;BR-163/MT;Norte;Colisão Traseira;1;3;;;;;1
09/09/2015;21:57:00;319;com vítima;221,2;BR-364/MT;Norte;Colisão Frontal;1;2;;;;1;3
09/09/2015;01:07:00;34;com vítima;223;BR-364/MT;Sul;Saida de Pista;1;0;1;;;;1
09/09/2015;04:51:00;53;com vítima;270;BR-364/MT;Sul;Colisão Transversal;1;1;1;;;;1
09/09/2015;16:33:00;235;com vítima;495;BR-364/MT;Norte;Colisão Transversal;1;1;1;;;;1
09/09/2015;06:54:00;69;com vítima;520;BR-364/MT;Norte;Tombamento;1;0;1;;;;1
09/09/2015;12:52:00;177;sem vítima;566;BR-163/MT;Sul;Colisão Lateral;2;2;;;;;1
10/09/2015;16:04:00;262;com vítima;375;BR-364/MT;Sul;Colisão Traseira;1;1;1;;;;1
10/09/2015;14:19:00;225;sem vítima;750;BR-163/MT;Sul;Colisão Lateral;1;2;;;;;1
10/09/2015;17:45:00;303;sem vítima;840;BR-163/MT;Sul;Engavetamento;1;4;;;;;1
11/09/2015;08:10:00;112;sem vítima;15,771;BR-163/MT;Norte;Colisão Lateral;1;4;;;;;1
11/09/2015;08:53:00;132;sem vítima;15,771;BR-163/MT;Norte;Colisão Traseira;1;2;;;;;1
11/09/2015;12:01:00;211;sem vítima;271;BR-364/MT;Sul;Tombamento;1;1;;;;;1
11/09/2015;08:14:00;114;sem vítima;349,5;BR-364/MT;Norte;Tombamento;1;1;;;;;1
11/09/2015;14:12:00;239;sem vítima;541,9;BR-163/MT;Sul;Colisão Traseira;2;2;;;;;1
11/09/2015;04:15:00;65;com vítima;551,8;BR-163/MT;Sul;Tombamento;1;0;1;;;;1
12/09/2015;15:19:00;280;sem vítima;281;BR-364/MT;Norte;Colisão Traseira;3;3;;;;;1
12/09/2015;11:27:00;206;sem vítima;479;BR-364/MT;Norte;Colisão Traseira;1;2;;;;;1
12/09/2015;19:47:00;348;sem vítima;515,5;BR-070/MT;Sul;Colisão Lateral;1;2;;;;;1
12/09/2015;19:38:00;346;com vítima;851,2;BR-163/MT;Sul;Choque - Defensa, barreira ou "submarino";1;0;;;1;;2
13/09/2015;09:14:00;136;sem vítima;225;BR-364/MT;Sul;Colisão Traseira;2;2;;;;;1
13/09/2015;01:08:00;29;sem vítima;346,33;BR-364/MT;Sul;Saida de Pista;1;1;;;;;1
13/09/2015;10:00:00;149;sem vítima;496;BR-364/MT;Norte;Colisão Transversal;1;2;;;;;1
13/09/2015;21:13:00;303;com vítima;623,1;BR-163/MT;Norte;Colisão Lateral;1;1;;1;;;2
14/09/2015;10:20:00;151;com vítima;271;BR-364/MT;Sul;Tombamento;1;0;1;;;;1
14/09/2015;13:51:00;211;com vítima;687;BR-163/MT;Norte;Colisão Traseira;1;1;2;;;;1
15/09/2015;01:06:00;20;sem vítima;75;BR-163/MT;Sul;Tombamento;1;1;;;;;1
15/09/2015;21:34:00;333;com vítima;285;BR-364/MT;Sul;Tombamento;1;0;1;;;;1
15/09/2015;11:53:00;185;com vítima;326;BR-364/MT;Norte;Engavetamento;4;3;;1;;;2
15/09/2015;12:47:00;199;com vítima;349;BR-364/MT;Norte;Tombamento;1;0;1;;;;1
15/09/2015;05:34:00;72;sem vítima;383;BR-364/MT;Norte;Colisão Traseira;2;2;;;;;1
15/09/2015;08:18:00;114;sem vítima;557,1;BR-364/MT;Sul;Colisão Transversal;1;2;;;;;1
16/09/2015;10:04:00;156;sem vítima;528;BR-163/MT;Norte;Saida de Pista;1;1;;;;;1
16/09/2015;08:00:00;109;sem vítima;664,6;BR-163/MT;Sul;Engavetamento;2;3;;;;;1
17/09/2015;14:48:00;292;sem vítima;461;BR-364/MT;Norte;Saida de Pista;1;2;;;;;1
17/09/2015;14:54:00;293;sem vítima;496,3;BR-070/MT;Norte;Colisão Traseira;2;2;;;;;1
17/09/2015;13:49:00;270;com vítima;512,4;BR-364/MT;Sul;Tombamento;1;0;1;;;;1
17/09/2015;12:22:00;243;com vítima;710;BR-163/MT;Norte;Colisão Lateral;1;1;1;;;;1
18/09/2015;19:17:00;331;sem vítima;514;BR-070/MT;Norte;Colisão Lateral;1;2;;;;;1
18/09/2015;10:28:00;163;sem vítima;619;BR-163/MT;Sul;Colisão Traseira;2;2;;;;;1
18/09/2015;10:58:00;170;sem vítima;750;BR-163/MT;Sul;Colisão Lateral;2;2;;;;;1
18/09/2015;07:33:00;85;sem vítima;787,5;BR-163/MT;Norte;Tombamento;1;1;;;;;1
18/09/2015;16:05:00;279;com vítima;788,5;BR-163/MT;Norte;Colisão Frontal;1;1;;;;1;3
18/09/2015;07:51:00;95;sem vítima;810;BR-163/MT;Sul;Colisão Traseira;2;3;;;;;1
19/09/2015;06:17:00;68;sem vítima;95;BR-163/MT;Norte;Tombamento;1;1;;;;;1
19/09/2015;02:37:00;36;sem vítima;512;BR-070/MT;Sul;Colisão Frontal;1;3;;;;;1
19/09/2015;20:00:00;306;com vítima;835,5;BR-163/MT;Norte;Colisão Lateral;1;1;;1;;;2
19/09/2015;09:35:00;125;sem vítima;836,4;BR-163/MT;Norte;Colisão Transversal;1;2;;;;;1
20/09/2015;16:05:00;268;sem vítima;241,5;BR-364/MT;Norte;Colisão Lateral;1;2;;;;;1
21/09/2015;18:25:00;294;sem vítima;104;BR-163/MT;Sul;Colisão Lateral;3;3;;;;;1
21/09/2015;06:41:00;74;sem vítima;202,8;BR-364/MT;Norte;Colisão Traseira;1;2;;;;;1
21/09/2015;08:45:00;111;com vítima;371;BR-364/MT;Norte;Engavetamento;2;3;;1;;;2
21/09/2015;06:53:00;77;com vítima;382,8;BR-364/MT;Norte;Engavetamento;4;4;2;;;;1
21/09/2015;09:25:00;125;sem vítima;511,1;BR-070/MT;Sul;Colisão Traseira;1;2;;;;;1
21/09/2015;11:09:00;160;sem vítima;514;BR-364/MT;Norte;Colisão Traseira;2;2;;;;;1
21/09/2015;09:18:00;121;sem vítima;535,35;BR-364/MT;Sul;Tombamento;1;1;;;;;1
22/09/2015;19:26:00;316;com vítima;107;BR-163/MT;Sul;Colisão Lateral;1;1;;1;;;2
22/09/2015;16:40:00;277;sem vítima;112,4;BR-163/MT;Sul;Colisão Traseira;2;2;;;;;1
22/09/2015;16:44:00;278;sem vítima;397;BR-364/MT;Sul;Colisão Lateral;1;2;;;;;1
22/09/2015;14:30:00;240;com vítima;457;BR-364/MT;Norte;Colisão Frontal;2;1;;;1;;2
22/09/2015;14:06:00;236;sem vítima;606,9;BR-163/MT;Norte;Colisão Transversal;2;2;;;;;1
22/09/2015;14:33:00;241;sem vítima;401;BR-364/MT;Sul;Colisão Lateral;1;2;;;;;1
23/09/2015;15:54:00;256;sem vítima;32,9;BR-163/MT;Sul;Colisão Lateral;2;2;;;;;1
23/09/2015;16:02:00;262;sem vítima;561;BR-163/MT;Norte;Colisão Traseira;2;2;;;;;1
25/09/2015;03:42:00;72;com vítima;256;BR-364/MT;Norte;Saida de Pista;1;0;1;;;;1
25/09/2015;09:53:00;193;sem vítima;274;BR-364/MT;Norte;Colisão Lateral;2;2;;;;;1
25/09/2015;13:13:00;272;sem vítima;514,1;BR-070/MT;Norte;Colisão Traseira;1;2;;;;;1
25/09/2015;17:15:00;366;sem vítima;565;BR-364/MT;Sul;Colisão Transversal;1;2;;;;;1
25/09/2015;21:31:00;447;sem vítima;604;BR-163/MT;Norte;Tombamento;1;1;;;;;1
26/09/2015;10:03:00;145;com vítima;79;BR-163/MT;Norte;Tombamento;1;0;1;;;;1
26/09/2015;15:24:00;232;sem vítima;383;BR-364/MT;Sul;Colisão Traseira;1;4;;;;;1
26/09/2015;11:02:00;168;sem vítima;512;BR-070/MT;Norte;Engavetamento;3;3;;;;;1
26/09/2015;11:53:00;183;sem vítima;531;BR-163/MT;Norte;Colisão Lateral;1;2;;;;;1
26/09/2015;09:45:00;138;sem vítima;556;BR-364/MT;Sul;Colisão Lateral;1;2;;;;;1