data;horario;n_da_ocorrencia;tipo_de_ocorrencia;km;trecho;sentido;tipo_de_acidente;caminhao;ilesos;levemente_feridos;moderadamente_feridos;gravemente_feridos;mortos;3
26/09/2015;07:06:00;66;sem vítima;689;BR-163/MT;Sul;Colisão Transversal;2;2;;;;;1
27/09/2015;17:49:00;245;sem vítima;392,5;BR-364/MT;Norte;Tombamento;1;1;;;;;1
28/09/2015;19:51:00;318;sem vítima;240;BR-364/MT;Sul;Colisão Traseira;1;4;;;;;1
28/09/2015;06:52:00;68;com vítima;476,8;BR-364/MT;Sul;Tombamento;1;0;1;;;;1
28/09/2015;11:59:00;183;com vítima;494;BR-364/MT;Norte;Engavetamento;3;6;1;1;;;2
28/09/2015;15:32:00;243;sem vítima;531;BR-163/MT;Sul;Colisão Lateral;1;2;;;;;1
29/09/2015;10:25:00;206;sem vítima;15;BR-163/MT;Norte;Colisão Transversal;1;3;;;;;1
29/09/2015;07:05:00;98;sem vítima;440;BR-364/MT;Sul;Colisão Traseira;2;2;;;;;1
29/09/2015;16:02:00;297;com vítima;568;BR-364/MT;Sul;Colisão Transversal;1;1;1;;;;1
29/09/2015;10:58:00;220;sem vítima;691,1;BR-163/MT;Sul;Engavetamento;3;3;;;;;1
29/09/2015;15:58:00;295;sem vítima;752,9;BR-163/MT;Sul;Colisão Traseira;1;2;;;;;1
29/09/2015;18:33:00;340;sem vítima;822;BR-163/MT;Norte;Saida de Pista;1;1;;;;;1
30/09/2015;15:10:00;223;com vítima;2,08;BR-163/MT;Norte;Colisão Frontal;2;1;1;;;;1
30/09/2015;10:36:00;125;com vítima;268;BR-364/MT;Norte;Colisão Frontal;1;1;1;;;;1
30/09/2015;15:42:00;236;com vítima;342;BR-364/MT;Sul;Colisão Lateral;1;1;;;1;;2
30/09/2015;22:33:00;316;sem vítima;846;BR-163/MT;Sul;Colisão Traseira;1;2;;;;;1
01/10/2015;22:28:00;360;sem vítima;89;BR-163/MT;Norte;Colisão Traseira;2;2;;;;;1
01/10/2015;14:00:00;239;sem vítima;383,1;BR-364/MT;Norte;Colisão Traseira;1;4;;;;;1
01/10/2015;14:37:00;251;sem vítima;524;BR-070/MT;Norte;Colisão Traseira;2;2;;;;;1
02/10/2015;17:34:00;300;sem vítima;114;BR-163/MT;Norte;Colisão Traseira;2;2;;;;;1
02/10/2015;18:08:00;309;sem vítima;453;BR-364/MT;Norte;Colisão Traseira;2;4;;;;;1
02/10/2015;15:29:00;263;com vítima;750;BR-163/MT;Sul;Colisão Lateral;1;0;2;;;;1
03/10/2015;17:08:00;270;sem vítima;333;BR-364/MT;Sul;Colisão Traseira;1;2;;;;;1
03/10/2015;09:18:00;130;sem vítima;346,5;BR-364/MT;Norte;Colisão Traseira;2;2;;;;;1
03/10/2015;10:41:00;158;sem vítima;347;BR-364/MT;Norte;Colisão Traseira;2;2;;;;;1
03/10/2015;09:07:00;123;com vítima;348;BR-364/MT;Norte;Colisão Traseira;2;0;1;2;;;2
03/10/2015;14:05:00;214;com vítima;497;BR-070/MT;Norte;Colisão Transversal;2;1;;1;;;2
03/10/2015;07:13:00;75;sem vítima;750;BR-163/MT;Norte;Colisão Lateral;1;2;;;;;1
04/10/2015;10:35:00;140;com vítima;258,5;BR-364/MT;Sul;Colisão Lateral;1;0;2;;;;1
04/10/2015;07:02:00;68;sem vítima;295;BR-364/MT;Norte;Colisão Traseira;2;2;;;;;1
04/10/2015;21:49:00;301;sem vítima;306;BR-364/MT;Norte;Tombamento;1;1;;;;;1
04/10/2015;12:48:00;174;sem vítima;346;BR-364/MT;Sul;Colisão Traseira;2;2;;;;;1
04/10/2015;01:17:00;23;com vítima;514;BR-070/MT;Norte;Colisão Frontal;1;2;3;;;;1
05/10/2015;18:38:00;290;com vítima;202,8;BR-364/MT;Sul;Colisão Traseira;1;1;1;;;;1
05/10/2015;06:00:00;64;com vítima;447,1;BR-364/MT;Sul;Tombamento;1;0;1;;;;1
06/10/2015;16:02:00;313;sem vítima;201;BR-364/MT;Sul;Colisão Traseira;1;2;;;;;1
06/10/2015;10:13:00;172;sem vítima;383,7;BR-364/MT;Sul;Colisão Transversal;1;2;;;;;1
06/10/2015;09:24:00;159;com vítima;491;BR-364/MT;Sul;Colisão Frontal;2;1;1;;;;1
06/10/2015;07:38:00;106;com vítima;511;BR-163/MT;Norte;Colisão Traseira;1;1;;1;;;2
06/10/2015;17:04:00;334;sem vítima;529,3;BR-364/MT;Sul;Colisão Traseira;2;3;;;;;1
06/10/2015;15:21:00;293;sem vítima;565;BR-364/MT;Sul;Colisão Traseira;2;3;;;;;1
06/10/2015;22:22:00;410;sem vítima;566;BR-364/MT;Norte;Saida de Pista;1;1;;;;;1
06/10/2015;11:20:00;199;sem vítima;615;BR-163/MT;Sul;Engavetamento;4;7;;;;;1
06/10/2015;10:54:00;185;sem vítima;720,3;BR-163/MT;Sul;Tombamento;1;1;;;;;1
07/10/2015;08:56:00;131;sem vítima;62;BR-163/MT;Sul;Colisão Lateral;1;3;;;;;1
07/10/2015;06:20:00;48;sem vítima;458;BR-364/MT;Sul;Engavetamento;3;5;;;;;1
07/10/2015;01:53:00;22;sem vítima;507;BR-070/MT;Norte;Saida de Pista;1;1;;;;;1
07/10/2015;19:36:00;368;sem vítima;505;BR-364/MT;Norte;Colisão Traseira;2;3;;;;;1
07/10/2015;01:22:00;20;sem vítima;513;BR-070/MT;Norte;Tombamento;1;1;;;;;1
07/10/2015;19:31:00;367;sem vítima;834;BR-163/MT;Sul;Colisão Traseira;1;2;;;;;1
08/10/2015;08:17:00;113;com vítima;309;BR-364/MT;Norte;Colisão Traseira;5;0;5;;;;1
09/10/2015;15:49:00;272;com vítima;22;BR-163/MT;Norte;Colisão Traseira;1;2;2;;;;1
09/10/2015;19:10:00;338;sem vítima;74;BR-163/MT;Sul;Colisão Traseira;1;4;;;;;1
09/10/2015;22:12:00;372;sem vítima;359;BR-364/MT;Norte;Tombamento;1;1;;;;;1
09/10/2015;18:14:00;322;sem vítima;512;BR-070/MT;Norte;Colisão Transversal;1;2;;;;;1
09/10/2015;21:31:00;366;sem vítima;567;BR-364/MT;Norte;Tombamento;1;1;;;;;1
10/10/2015;00:21:00;5;com vítima;117;BR-163/MT;Norte;Colisão Traseira;1;1;;;1;1;3
10/10/2015;04:38:00;38;sem vítima;270;BR-364/MT;Sul;Colisão Lateral;1;5;;;;;1
10/10/2015;09:25:00;117;sem vítima;271;BR-364/MT;Sul;Colisão Traseira;1;2;;;;;1
10/10/2015;14:40:00;191;sem vítima;326,5;BR-364/MT;Sul;Colisão Traseira;2;2;;;;;1
10/10/2015;06:57:00;71;sem vítima;356,2;BR-364/MT;Sul;Tombamento;1;1;;;;;1
10/10/2015;08:00:00;88;sem vítima;356;BR-364/MT;Norte;Saida de Pista;1;1;;;;;1
10/10/2015;10:23:00;135;com vítima;484,1;BR-364/MT;Sul;Colisão Frontal;1;0;1;;1;1;3
10/10/2015;11:15:00;150;com vítima;484;BR-364/MT;Sul;Tombamento;1;0;1;1;;;2
10/10/2015;01:50:00;18;sem vítima;486;BR-364/MT;Sul;Colisão Traseira;2;3;;;;;1
10/10/2015;05:56:00;63;com vítima;506;BR-070/MT;Norte;Tombamento;1;0;2;;;;1
10/10/2015;02:55:00;27;sem vítima;508;BR-364/MT;Sul;Colisão Traseira;2;2;;;;;1
10/10/2015;13:29:00;176;sem vítima;519;BR-163/MT;Norte;Tombamento;1;1;;;;;1
11/10/2015;09:28:00;103;sem vítima;214,3;BR-364/MT;Sul;Colisão Traseira;1;3;;;;;1
11/10/2015;10:59:00;129;sem vítima;239;BR-364/MT;Norte;Colisão Traseira;2;4;;;;;1
11/10/2015;22:58:00;293;sem vítima;398;BR-364/MT;Norte;Colisão Lateral;2;2;;;;;1
13/10/2015;06:20:00;55;com vítima;509;BR-163/MT;Sul;Tombamento;1;0;;;;1;3
13/10/2015;15:48:00;231;sem vítima;519;BR-070/MT;Sul;Engavetamento;2;3;;;;;1
13/10/2015;07:25:00;73;sem vítima;750;BR-163/MT;Norte;Colisão Transversal;1;2;;;;;1
14/10/2015;14:39:00;214;sem vítima;347;BR-364/MT;Sul;Colisão Traseira;2;2;;;;;1
14/10/2015;13:53:00;205;com vítima;348;BR-364/MT;Norte;Colisão Traseira;2;0;1;1;;;2
14/10/2015;10:26:00;146;sem vítima;537;BR-364/MT;Sul;Tombamento;1;1;;;;;1
14/10/2015;11:03:00;158;com vítima;586;BR-163/MT;Norte;Colisão Traseira;2;3;1;;;;1
15/10/2015;16:11:00;270;sem vítima;238;BR-364/MT;Norte;Engavetamento;2;3;;;;;1
15/10/2015;08:21:00;117;sem vítima;319;BR-364/MT;Norte;Engavetamento;3;3;;;;;1
15/10/2015;15:15:00;255;com vítima;347;BR-364/MT;Norte;Tombamento;1;1;;1;;;2
15/10/2015;14:11:00;232;sem vítima;687;BR-163/MT;Norte;Colisão Lateral;1;2;;;;;1
16/10/2015;04:38:00;55;com vítima;58;BR-163/MT;Sul;Saida de Pista;1;0;1;;;;1
16/10/2015;10:15:00;184;sem vítima;203;BR-364/MT;Sul;Colisão Traseira;1;2;;;;;1
16/10/2015;17:15:00;356;sem vítima;205,8;BR-364/MT;Sul;Colisão Traseira;1;2;;;;;1
16/10/2015;16:19:00;338;sem vítima;474;BR-364/MT;Sul;Choque - Defensa, barreira ou "submarino";1;1;;;;;1
16/10/2015;08:35:00;134;sem vítima;493,5;BR-364/MT;Norte;Engavetamento;3;4;;;;;1
16/10/2015;11:45:00;219;sem vítima;522;BR-364/MT;Norte;Saida de Pista;1;1;;;;;1
16/10/2015;11:50:00;223;sem vítima;654;BR-163/MT;Norte;Colisão Traseira;2;2;;;;;1
17/10/2015;23:57:00;321;sem vítima;5;BR-163/MT;Sul;Colisão Traseira;1;2;;;;;1
17/10/2015;07:19:00;62;sem vítima;310;BR-364/MT;Sul;Colisão Traseira;3;3;;;;;1
17/10/2015;17:11:00;248;sem vítima;347;BR-364/MT;Norte;Colisão Traseira;3;3;;;;;1
17/10/2015;17:28:00;253;sem vítima;502;BR-070/MT;Norte;Colisão Transversal;1;2;;;;;1
19/10/2015;07:09:00;71;sem vítima;203;BR-364/MT;Sul;Colisão Traseira;2;2;;;;;1
19/10/2015;07:26:00;78;sem vítima;203;BR-364/MT;Sul;Colisão Lateral;1;3;;;;;1
19/10/2015;09:23:00;126;com vítima;520;BR-163/MT;Norte;Colisão Frontal;1;1;1;;;;1
19/10/2015;02:23:00;24;sem vítima;583;BR-163/MT;Sul;Tombamento;1;1;;;;;1
19/10/2015;06:42:00;62;sem vítima;812;BR-163/MT;Sul;Choque - Objeto sobre a pista;1;3;;;;;1
19/10/2015;12:10:00;182;sem vítima;402;BR-364/MT;Norte;Colisão Transversal;1;4;;;;;1
20/10/2015;06:29:00;52;sem vítima;214;BR-364/MT;Norte;Colisão Traseira;1;2;;;;;1
20/10/2015;10:14:00;157;com vítima;371,3;BR-364/MT;Sul;Colisão Transversal;1;1;1;;;;1
20/10/2015;10:19:00;159;com vítima;520;BR-364/MT;Norte;Colisão Transversal;1;1;1;;;;1
20/10/2015;16:01:00;266;sem vítima;541;BR-364/MT;Norte;Tombamento;1;2;;;;;1
20/10/2015;14:00:00;222;sem vítima;579;BR-364/MT;Sul;Colisão Lateral;1;5;;;;;1
20/10/2015;08:52:00;119;sem vítima;834,5;BR-163/MT;Norte;Colisão Lateral;1;2;;;;;1
21/10/2015;16:43:00;243;sem vítima;206;BR-364/MT;Sul;Colisão Lateral;2;2;;;;;1
21/10/2015;12:33:00;179;com vítima;230;BR-364/MT;Sul;Tombamento;1;1;1;;;;1
21/10/2015;21:01:00;298;sem vítima;269;BR-364/MT;Norte;Colisão Lateral;2;2;;;;;1
21/10/2015;10:41:00;146;com vítima;374;BR-364/MT;Sul;Engavetamento;3;10;1;;;;1
21/10/2015;08:09:00;85;sem vítima;592,3;BR-163/MT;Norte;Colisão Lateral;2;2;;;;;1
21/10/2015;10:59:00;152;sem vítima;664,45;BR-163/MT;Norte;Colisão Traseira;2;3;;;;;1
21/10/2015;07:45:00;75;com vítima;773,8;BR-163/MT;Norte;Choque - Objeto sobre a pista;2;1;1;;;;1
22/10/2015;15:04:00;274;sem vítima;284,8;BR-364/MT;Norte;Colisão Traseira;2;2;;;;;1
22/10/2015;10:52:00;186;sem vítima;510;BR-364/MT;Norte;Engavetamento;1;6;;;;;1
22/10/2015;13:18:00;237;sem vítima;513;BR-163/MT;Norte;Tombamento;1;2;;;;;1
22/10/2015;23:26:00;426;sem vítima;513;BR-364/MT;Norte;Engavetamento;3;3;;;;;1
22/10/2015;06:16:00;68;com vítima;542;BR-163/MT;Sul;Colisão Lateral;2;2;;;;1;3
23/10/2015;11:03:00;164;sem vítima;233;BR-364/MT;Sul;Tombamento;1;1;;;;;1
23/10/2015;19:33:00;306;sem vítima;291;BR-364/MT;Sul;Colisão Traseira;1;2;;;;;1
24/10/2015;07:56:00;82;sem vítima;503;BR-070/MT;Sul;Tombamento;1;1;;;;;1
25/10/2015;12:12:00;138;com vítima;474;BR-364/MT;Sul;Colisão Lateral;2;1;2;;;;1
25/10/2015;14:00:00;170;sem vítima;606;BR-163/MT;Sul;Colisão Lateral;1;2;;;;;1
26/10/2015;21:27:00;344;sem vítima;74,5;BR-163/MT;Norte;Tombamento;1;1;;;;;1
26/10/2015;11:08:00;160;sem vítima;113;BR-163/MT;Sul;Colisão Lateral;1;3;;;;;1
26/10/2015;16:41:00;264;sem vítima;354,5;BR-364/MT;Sul;Tombamento;1;1;;;;;1
26/10/2015;18:09:00;292;sem vítima;496;BR-070/MT;Sul;Colisão Traseira;2;2;;;;;1
26/10/2015;23:32:00;372;sem vítima;514;BR-070/MT;Norte;Colisão Traseira;2;2;;;;;1
26/10/2015;14:31:00;216;sem vítima;746,6;BR-163/MT;Sul;Colisão Lateral;1;2;;;;;1
26/10/2015;07:52:00;81;com vítima;854,5;BR-163/MT;Sul;Colisão Transversal;1;1;;;1;1;3
28/10/2015;10:25:00;122;com vítima;202,8;BR-364/MT;Sul;Engavetamento;1;3;1;;;;1
28/10/2015;23:08:00;297;com vítima;269;BR-364/MT;Norte;Colisão Traseira;1;1;;;1;1;3
28/10/2015;03:47:00;51;sem vítima;458,5;BR-364/MT;Norte;Tombamento;1;1;;;;;1
28/10/2015;05:25:00;65;com vítima;489;BR-364/MT;Norte;Saida de Pista;1;0;;;;1;3
28/10/2015;16:52:00;225;sem vítima;489;BR-364/MT;Norte;Colisão Traseira;2;2;;;;;1
28/10/2015;18:00:00;239;sem vítima;514;BR-364/MT;Norte;Colisão Traseira;2;2;;;;;1
28/10/2015;14:20:00;183;sem vítima;520;BR-070/MT;Norte;Colisão Transversal;1;2;;;;;1
28/10/2015;15:13:00;200;sem vítima;541,5;BR-163/MT;Norte;Tombamento;1;1;;;;;1
28/10/2015;18:16:00;241;sem vítima;540;BR-364/MT;Norte;Colisão Traseira;2;2;;;;;1
29/10/2015;09:11:00;114;sem vítima;513;BR-163/MT;Sul;Tombamento;1;1;;;;;1
29/10/2015;09:37:00;123;sem vítima;613;BR-163/MT;Sul;Saida de Pista;1;2;;;;;1
29/10/2015;15:05:00;220;com vítima;747;BR-163/MT;Sul;Colisão Lateral;2;0;1;;1;;2
29/10/2015;19:50:00;298;sem vítima;836;BR-163/MT;Norte;Colisão Transversal;1;2;;;;;1
30/10/2015;14:42:00;216;sem vítima;203;BR-364/MT;Sul;Colisão Traseira;2;2;;;;;1
30/10/2015;05:37:00;64;sem vítima;278;BR-364/MT;Norte;Colisão Traseira;2;2;;;;;1
30/10/2015;03:16:00;44;sem vítima;307;BR-364/MT;Sul;Tombamento;1;2;;;;;1
30/10/2015;07:11:00;82;sem vítima;338;BR-364/MT;Sul;Colisão Traseira;2;3;;;;;1
30/10/2015;23:34:00;352;sem vítima;375,1;BR-364/MT;Sul;Colisão Traseira;2;3;;;;;1
30/10/2015;17:14:00;252;sem vítima;504,4;BR-364/MT;Sul;Tombamento;1;1;;;;;1
30/10/2015;10:25:00;153;sem vítima;649,8;BR-163/MT;Sul;Saida de Pista;1;4;;;;;1
30/10/2015;10:05:00;148;sem vítima;401;BR-364/MT;Norte;Colisão Lateral;1;2;;;;;1
31/10/2015;15:40:00;228;com vítima;350;BR-364/MT;Norte;Tombamento;1;0;;1;;;2
31/10/2015;19:01:00;269;sem vítima;350;BR-364/MT;Norte;Colisão Traseira;1;2;;;;;1
31/10/2015;11:56:00;168;sem vítima;362,3;BR-364/MT;Norte;Saida de Pista;1;1;;;;;1
31/10/2015;12:35:00;176;sem vítima;368;BR-364/MT;Norte;Colisão Transversal;2;2;;;;;1
31/10/2015;17:23:00;246;sem vítima;454;BR-364/MT;Norte;Saida de Pista;1;1;;;;;1
31/10/2015;13:13:00;182;sem vítima;470;BR-364/MT;Norte;Colisão Traseira;2;3;;;;;1
31/10/2015;15:21:00;220;sem vítima;476;BR-364/MT;Norte;Colisão Lateral;3;4;;;;;1
01/11/2015;19:47:00;284;com vítima;102,2;BR-163/MT;Norte;Saida de Pista;1;0;;1;;;2
01/11/2015;16:17:00;224;sem vítima;242;BR-364/MT;Sul;Colisão Traseira;2;2;;;;;1
01/11/2015;12:16:00;154;com vítima;329,5;BR-364/MT;Sul;Engavetamento;2;4;1;;;;1
02/11/2015;13:48:00;132;sem vítima;280;BR-364/MT;Norte;Tombamento;1;1;;;;;1
02/11/2015;06:53:00;47;com vítima;486,4;BR-364/MT;Norte;Colisão Traseira;2;4;1;;;;1
03/11/2015;14:15:00;179;sem vítima;206,8;BR-364/MT;Sul;Colisão Lateral;2;2;;;;;1
03/11/2015;18:57:00;254;sem vítima;330;BR-364/MT;Sul;Saida de Pista;1;1;;;;;1
03/11/2015;14:40:00;191;sem vítima;480;BR-364/MT;Norte;Colisão Traseira;2;2;;;;;1
03/11/2015;11:31:00;145;sem vítima;513;BR-070/MT;Norte;Tombamento;1;1;;;;;1
03/11/2015;12:48:00;159;sem vítima;539;BR-163/MT;Sul;Colisão Traseira;2;2;;;;;1
03/11/2015;08:52:00;97;com vítima;783;BR-163/MT;Norte;Colisão Lateral;1;1;;1;;;2
03/11/2015;12:30:00;157;sem vítima;401;BR-364/MT;Sul;Colisão Transversal;1;6;;;;;1
04/11/2015;15:45:00;230;sem vítima;330,1;BR-364/MT;Sul;Colisão Traseira;2;4;;;;;1
04/11/2015;16:33:00;242;sem vítima;330,245;BR-364/MT;Norte;Colisão Lateral;1;2;;;;;1
04/11/2015;11:51:00;181;sem vítima;515,4;BR-364/MT;Sul;Colisão Transversal;1;2;;;;;1
04/11/2015;18:36:00;273;sem vítima;666,4;BR-163/MT;Sul;Colisão Lateral;2;2;;;;;1
05/11/2015;08:12:00;93;sem vítima;265;BR-364/MT;Norte;Colisão Traseira;2;2;;;;;1
05/11/2015;09:40:00;135;com vítima;349;BR-364/MT;Sul;Atropelamento - Andarilho;1;1;1;;;;1
05/11/2015;22:59:00;333;sem vítima;460;BR-364/MT;Norte;Colisão Traseira;2;2;;;;;1
05/11/2015;07:59:00;88;com vítima;511;BR-070/MT;Norte;Colisão Traseira;2;1;1;;;;1
05/11/2015;08:53:00;118;sem vítima;804,8;BR-163/MT;Norte;Colisão Traseira;2;2;;;;;1
05/11/2015;10:38:00;155;sem vítima;835,3;BR-163/MT;Sul;Colisão Traseira;1;3;;;;;1
06/11/2015;19:17:00;250;sem vítima;341;BR-364/MT;Sul;Colisão Traseira;1;2;;;;;1
06/11/2015;06:48:00;57;sem vítima;527;BR-364/MT;Norte;Colisão Traseira;2;2;;;;;1
06/11/2015;05:11:00;48;sem vítima;659,2;BR-163/MT;Norte;Colisão Transversal;1;2;;;;;1
06/11/2015;17:40:00;240;sem vítima;664;BR-163/MT;Norte;Colisão Traseira;2;2;;;;;1
06/11/2015;14:24:00;211;sem vítima;761;BR-163/MT;Norte;Colisão Lateral;2;2;;;;;1
07/11/2015;05:42:00;65;sem vítima;299;BR-364/MT;Norte;Colisão Traseira;2;2;;;;;1
07/11/2015;06:21:00;69;sem vítima;374;BR-364/MT;Sul;Tombamento;1;1;;;;;1
07/11/2015;12:37:00;139;sem vítima;505,15;BR-070/MT;Sul;Colisão Transversal;1;3;;;;;1
07/11/2015;06:47:00;71;sem vítima;524;BR-070/MT;Sul;Colisão Traseira;1;2;;;;;1
07/11/2015;15:00:00;5;sem vítima;837;BR-163/MT;Sul;Colisão Transversal;1;2;;;;;1
07/11/2015;08:31:00;95;sem vítima;854;BR-163/MT;Norte;Colisão Transversal;1;2;;;;;1
08/11/2015;19:17:00;217;sem vítima;230;BR-364/MT;Sul;Tombamento;1;1;;;;;1
08/11/2015;14:32:00;147;com vítima;324,7;BR-364/MT;Sul;Colisão Lateral;2;4;2;1;;;2
08/11/2015;10:45:00;112;sem vítima;384;BR-364/MT;Norte;Engavetamento;3;3;;;;;1
08/11/2015;06:37:00;65;sem vítima;500;BR-070/MT;Sul;Colisão Traseira;2;2;;;;;1
08/11/2015;19:46:00;227;sem vítima;514;BR-070/MT;Norte;Colisão Lateral;1;6;;;;;1
09/11/2015;05:42:00;36;sem vítima;524;BR-364/MT;Sul;Choque - Outros;1;1;;;;;1
09/11/2015;05:19:00;35;sem vítima;575;BR-163/MT;Sul;Tombamento;1;1;;;;;1
09/11/2015;17:55:00;237;sem vítima;837,1;BR-163/MT;Sul;Colisão Transversal;1;5;;;;;1
10/11/2015;08:06:00;78;sem vítima;348;BR-364/MT;Norte;Colisão Traseira;1;3;;;;;1
10/11/2015;20:38:00;316;sem vítima;519,3;BR-070/MT;Sul;Engavetamento;1;4;;;;;1
10/11/2015;17:48:00;273;com vítima;542;BR-163/MT;Norte;Engavetamento;1;2;2;1;;;2
10/11/2015;05:45:00;44;sem vítima;590;BR-163/MT;Norte;Tombamento;1;2;;;;;1
10/11/2015;08:33:00;89;sem vítima;401;BR-364/MT;Sul;Colisão Transversal;1;4;;;;;1
11/11/2015;08:32:00;110;sem vítima;85;BR-163/MT;Norte;Tombamento;1;1;;;;;1
11/11/2015;18:33:00;322;sem vítima;242;BR-364/MT;Sul;Colisão Traseira;1;3;;;;;1
11/11/2015;10:13:00;163;sem vítima;486,5;BR-364/MT;Sul;Colisão Traseira;2;2;;;;;1
11/11/2015;07:03:00;74;sem vítima;579;BR-364/MT;Norte;Colisão Traseira;1;3;;;;;1
11/11/2015;13:37:00;237;com vítima;829;BR-163/MT;Norte;Colisão Lateral;1;1;;1;;;2
12/11/2015;14:13:00;242;sem vítima;204;BR-364/MT;Sul;Colisão Transversal;2;2;;;;;1
12/11/2015;06:35:00;74;sem vítima;269;BR-364/MT;Sul;Colisão Traseira;1;2;;;;;1
12/11/2015;14:41:00;254;com vítima;314;BR-364/MT;Norte;Colisão Traseira;1;1;2;;;;1
12/11/2015;06:22:00;73;sem vítima;474,5;BR-364/MT;Sul;Colisão Lateral;3;3;;;;;1
12/11/2015;21:39:00;372;sem vítima;520;BR-070/MT;Sul;Colisão Frontal;1;2;;;;;1
12/11/2015;15:30:00;276;com vítima;840,2;BR-163/MT;Norte;Colisão Frontal;1;1;;;;1;3
13/11/2015;17:39:00;345;sem vítima;118;BR-163/MT;Sul;Colisão Lateral;2;2;;;;;1
13/11/2015;15:17:00;297;sem vítima;316;BR-364/MT;Norte;Colisão Traseira;2;5;;;;;1
13/11/2015;06:55:00;82;sem vítima;503;BR-070/MT;Norte;Tombamento;1;1;;;;;1
13/11/2015;10:26:00;181;sem vítima;508;BR-070/MT;Norte;Colisão Traseira;1;4;;;;;1
13/11/2015;16:19:00;319;sem vítima;517;BR-364/MT;Norte;Colisão Traseira;1;2;;;;;1
14/11/2015;13:07:00;189;sem vítima;271;BR-364/MT;Norte;Colisão Lateral;1;3;;;;;1
14/11/2015;14:16:00;212;sem vítima;347;BR-364/MT;Norte;Colisão Lateral;2;2;;;;;1
14/11/2015;08:50:00;97;sem vítima;500;BR-070/MT;Norte;Colisão Lateral;1;5;;;;;1
14/11/2015;21:28:00;327;com vítima;621;BR-163/MT;Sul;Colisão Traseira;2;1;;1;;;2
14/11/2015;18:28:00;286;sem vítima;838;BR-163/MT;Norte;Colisão Lateral;1;2;;;;;1
15/11/2015;09:39:00;126;sem vítima;342;BR-364/MT;Norte;Colisão Traseira;2;3;;;;;1
15/11/2015;19:02:00;297;com vítima;698,5;BR-163/MT;Norte;Tombamento;1;0;;1;;;2
16/11/2015;22:25:00;325;sem vítima;86;BR-163/MT;Sul;Capotamento;1;1;;;;;1
16/11/2015;14:26:00;221;sem vítima;316,5;BR-364/MT;Norte;Colisão Traseira;1;2;;;;;1
16/11/2015;11:00:00;166;sem vítima;342;BR-364/MT;Norte;Colisão Traseira;2;2;;;;;1
16/11/2015;08:54:00;128;sem vítima;518;BR-070/MT;Norte;Colisão Transversal;1;3;;;;;1
16/11/2015;07:01:00;88;com vítima;648,4;BR-163/MT;Sul;Colisão Frontal;1;1;;;1;;2
16/11/2015;19:20:00;301;com vítima;839;BR-163/MT;Sul;Colisão Lateral;1;1;1;;;;1
17/11/2015;16:02:00;292;sem vítima;275;BR-364/MT;Norte;Colisão Lateral;2;4;;;;;1
17/11/2015;14:18:00;258;sem vítima;476,5;BR-364/MT;Norte;Engavetamento;3;3;;;;;1
18/11/2015;14:26:00;268;sem vítima;92;BR-163/MT;Norte;Colisão Lateral;1;18;;;;;1
18/11/2015;11:39:00;209;sem vítima;96;BR-163/MT;Sul;Colisão Lateral;2;3;;;;;1
18/11/2015;15:33:00;286;sem vítima;271;BR-364/MT;Sul;Tombamento;1;1;;;;;1
18/11/2015;15:48:00;294;com vítima;397;BR-364/MT;Sul;Colisão Transversal;1;1;;;;1;3
18/11/2015;14:13:00;261;sem vítima;513;BR-364/MT;Norte;Colisão Lateral;2;2;;;;;1
18/11/2015;19:29:00;342;sem vítima;571;BR-163/MT;Sul;Tombamento;1;1;;;;;1
18/11/2015;17:28:00;321;sem vítima;579;BR-163/MT;Sul;Colisão Traseira;2;2;;;;;1
19/11/2015;15:20:00;274;sem vítima;205;BR-364/MT;Norte;Colisão Lateral;1;3;;;;;1
19/11/2015;11:03:00;176;com vítima;347;BR-364/MT;Norte;Colisão Lateral;2;1;1;;;;1
19/11/2015;17:07:00;312;sem vítima;349,5;BR-364/MT;Norte;Colisão Traseira;2;2;;;;;1
19/11/2015;17:28:00;322;sem vítima;513;BR-070/MT;Norte;Tombamento;1;1;;;;;1
19/11/2015;18:47:00;340;sem vítima;542,6;BR-364/MT;Norte;Colisão Transversal;1;2;;;;;1
19/11/2015;17:33:00;325;sem vítima;564;BR-364/MT;Norte;Tombamento;1;1;;;;;1
19/11/2015;17:32:00;324;sem vítima;587;BR-163/MT;Norte;Colisão Lateral;1;2;;;;;1
19/11/2015;15:46:00;283;sem vítima;595;BR-163/MT;Norte;Colisão Lateral;2;2;;;;;1
20/11/2015;06:54:00;82;sem vítima;272,5;BR-364/MT;Sul;Tombamento;1;1;;;;;1
20/11/2015;09:33:00;152;com vítima;394;BR-364/MT;Norte;Colisão Traseira;1;1;1;;;;1
20/11/2015;13:41:00;227;com vítima;518;BR-070/MT;Sul;Colisão Traseira;2;1;;1;;;2
20/11/2015;15:35:00;249;sem vítima;531;BR-163/MT;Sul;Colisão Lateral;1;2;;;;;1
20/11/2015;18:17:00;302;sem vítima;579;BR-364/MT;Sul;Colisão Traseira;1;2;;;;;1