data;horario;n_da_ocorrencia;tipo_de_ocorrencia;km;trecho;sentido;tipo_de_acidente;caminhao;ilesos;levemente_feridos;moderadamente_feridos;gravemente_feridos;mortos;3
19/01/2016;16:53:00;258;sem vítima;756;BR-163/MT;Norte;Colisão Traseira;1;2;;;;;1
20/01/2016;05:19:00;62;com vítima;39,1;BR-163/MT;Sul;Tombamento;1;0;1;;;;1
20/01/2016;19:54:00;353;sem vítima;476,1;BR-364/MT;Norte;Colisão Traseira;2;2;;;;;1
20/01/2016;16:40:00;307;com vítima;522;BR-070/MT;Norte;Colisão Transversal;1;1;;1;;;2
20/01/2016;00:10:00;4;sem vítima;562;BR-364/MT;Sul;Tombamento;1;1;;;;;1
20/01/2016;00:24:00;10;com vítima;576;BR-163/MT;Sul;Tombamento;1;0;1;;;;1
20/01/2016;15:19:00;283;sem vítima;834;BR-163/MT;Norte;Colisão Transversal;1;2;;;;;1
20/01/2016;18:02:00;333;sem vítima;401;BR-364/MT;Norte;Colisão Lateral;1;3;;;;;1
21/01/2016;19:44:00;330;com vítima;347;BR-364/MT;Norte;Engavetamento;3;11;2;;;;1
21/01/2016;17:12:00;290;com vítima;349,9;BR-364/MT;Norte;Colisão Traseira;3;2;;1;;;2
21/01/2016;14:46:00;237;sem vítima;531;BR-364/MT;Sul;Colisão Traseira;2;3;;;;;1
21/01/2016;16:05:00;267;sem vítima;668;BR-163/MT;Sul;Colisão Traseira;2;2;;;;;1
22/01/2016;12:35:00;199;sem vítima;119;BR-163/MT;Norte;Colisão Traseira;1;2;;;;;1
22/01/2016;20:03:00;346;com vítima;487,5;BR-364/MT;Sul;Colisão Lateral;1;0;2;;;;1
22/01/2016;16:21:00;266;com vítima;512,2;BR-070/MT;Norte;Engavetamento;2;3;1;;;;1
22/01/2016;21:24:00;369;sem vítima;531;BR-163/MT;Norte;Colisão Traseira;1;4;;;;;1
22/01/2016;11:42:00;180;com vítima;542;BR-163/MT;Sul;Colisão Lateral;2;3;1;;;;1
23/01/2016;11:29:00;152;sem vítima;201;BR-364/MT;Sul;Colisão Lateral;1;3;;;;;1
23/01/2016;11:20:00;149;sem vítima;242;BR-364/MT;Sul;Colisão Traseira;2;3;;;;;1
23/01/2016;17:59:00;282;com vítima;272;BR-364/MT;Norte;Colisão Lateral;1;1;1;;;;1
23/01/2016;08:23:00;87;sem vítima;309;BR-364/MT;Norte;Colisão Traseira;2;2;;;;;1
23/01/2016;06:25:00;52;sem vítima;349;BR-364/MT;Norte;Saida de Pista;1;1;;;;;1
23/01/2016;11:23:00;150;sem vítima;522;BR-070/MT;Norte;Colisão Transversal;1;4;;;;;1
23/01/2016;09:07:00;97;sem vítima;533;BR-163/MT;Norte;Tombamento;1;2;;;;;1
23/01/2016;23:57:00;354;sem vítima;572;BR-364/MT;Sul;Tombamento;1;1;;;;;1
24/01/2016;07:53:00;114;sem vítima;309;BR-364/MT;Norte;Colisão Traseira;2;2;;;;;1
24/01/2016;16:30:00;309;sem vítima;383;BR-364/MT;Norte;Colisão Traseira;2;2;;;;;1
24/01/2016;17:46:00;331;sem vítima;504,5;BR-364/MT;Sul;Colisão Traseira;3;3;;;;;1
24/01/2016;17:41:00;327;com vítima;513;BR-163/MT;Norte;Colisão Lateral;3;6;;1;;;2
24/01/2016;09:33:00;164;sem vítima;631,7;BR-163/MT;Sul;Colisão Traseira;2;3;;;;;1
25/01/2016;19:26:00;349;sem vítima;205;BR-364/MT;Norte;Colisão Traseira;1;4;;;;;1
25/01/2016;17:01:00;320;sem vítima;265;BR-364/MT;Norte;Colisão Lateral;1;3;;;;;1
25/01/2016;06:47:00;65;sem vítima;321;BR-364/MT;Sul;Colisão Lateral;1;5;;;;;1
25/01/2016;10:46:00;171;sem vítima;538;BR-364/MT;Norte;Engavetamento;4;4;;;;;1
25/01/2016;08:29:00;105;sem vítima;593,4;BR-163/MT;Sul;Colisão Traseira;2;2;;;;;1
26/01/2016;23:31:00;372;sem vítima;503;BR-070/MT;Norte;Tombamento;1;1;;;;;1
26/01/2016;14:35:00;246;sem vítima;640;BR-163/MT;Sul;Saida de Pista;1;3;;;;;1
27/01/2016;14:06:00;220;sem vítima;320;BR-364/MT;Sul;Colisão Traseira;2;2;;;;;1
27/01/2016;17:58:00;283;sem vítima;349;BR-364/MT;Norte;Tombamento;2;3;;;;;1
27/01/2016;06:29:00;62;com vítima;448;BR-364/MT;Norte;Colisão Lateral;6;7;1;;;;1
27/01/2016;10:18:00;141;sem vítima;467,8;BR-364/MT;Sul;Tombamento;1;2;;;;;1
27/01/2016;06:14:00;61;sem vítima;472;BR-364/MT;Norte;Saida de Pista;1;1;;;;;1
27/01/2016;22:48:00;341;com vítima;508;BR-070/MT;Norte;Colisão Traseira;3;2;;;;1;3
27/01/2016;22:12:00;338;sem vítima;511;BR-070/MT;Norte;Colisão Lateral;1;2;;;;;1
27/01/2016;14:30:00;225;sem vítima;526,8;BR-163/MT;Norte;Colisão Lateral;1;3;;;;;1
27/01/2016;20:05:00;315;sem vítima;554;BR-163/MT;Norte;Colisão Traseira;2;2;;;;;1
28/01/2016;18:34:00;383;sem vítima;117,5;BR-163/MT;Norte;Colisão Traseira;1;3;;;;;1
28/01/2016;07:30:00;98;com vítima;305,3;BR-364/MT;Sul;Colisão Traseira;2;1;;;;1;3
28/01/2016;18:55:00;397;sem vítima;327;BR-364/MT;Norte;Colisão Traseira;2;4;;;;;1
28/01/2016;06:21:00;71;com vítima;824,8;BR-163/MT;Sul;Atropelamento - Usuário;1;1;;;1;;2
29/01/2016;08:08:00;128;sem vítima;269,2;BR-364/MT;Sul;Colisão Traseira;1;6;;;;;1
29/01/2016;14:44:00;279;sem vítima;274;BR-364/MT;Sul;Colisão Traseira;1;3;;;;;1
29/01/2016;17:30:00;343;com vítima;305;BR-364/MT;Sul;Colisão Lateral;1;3;3;;;;1
29/01/2016;14:39:00;276;sem vítima;441;BR-364/MT;Sul;Tombamento;1;1;;;;;1
29/01/2016;12:52:00;231;sem vítima;474,2;BR-364/MT;Sul;Saida de Pista;1;3;;;;;1
29/01/2016;21:47:00;407;sem vítima;522;BR-070/MT;Sul;Colisão Traseira;2;2;;;;;1
29/01/2016;17:05:00;336;sem vítima;528;BR-364/MT;Sul;Colisão Traseira;2;2;;;;;1
29/01/2016;17:14:00;338;sem vítima;679,2;BR-163/MT;Norte;Colisão Traseira;2;3;;;;;1
29/01/2016;05:03:00;76;com vítima;786,3;BR-163/MT;Sul;Tombamento;1;0;;;;1;3
30/01/2016;14:24:00;216;com vítima;104;BR-163/MT;Norte;Colisão Traseira;2;1;1;;;;1
30/01/2016;09:16:00;108;sem vítima;119;BR-163/MT;Sul;Colisão Traseira;1;2;;;;;1
30/01/2016;15:09:00;228;com vítima;216,7;BR-364/MT;Norte;Colisão Lateral;1;1;;1;;;2
30/01/2016;03:50:00;55;com vítima;510,2;BR-364/MT;Sul;Tombamento;1;0;1;;;;1
30/01/2016;07:16:00;87;sem vítima;539;BR-163/MT;Norte;Saida de Pista;1;3;;;;;1
30/01/2016;03:17:00;52;sem vítima;540;BR-163/MT;Sul;Saida de Pista;1;1;;;;;1
30/01/2016;10:40:00;147;com vítima;578,3;BR-163/MT;Norte;Colisão Traseira;1;1;3;;;;1
30/01/2016;09:36:00;122;sem vítima;119,1;BR-163/MT;Sul;Colisão Lateral;1;2;;;;;1
31/01/2016;15:09:00;229;sem vítima;273;BR-364/MT;Sul;Colisão Traseira;2;3;;;;;1
31/01/2016;18:32:00;286;sem vítima;348;BR-364/MT;Norte;Saida de Pista;1;2;;;;;1
31/01/2016;06:05:00;83;com vítima;443;BR-364/MT;Norte;Colisão Frontal;1;1;;;;1;3
31/01/2016;12:27:00;180;sem vítima;688,7;BR-163/MT;Sul;Colisão Lateral;1;4;;;;;1
01/02/2016;16:03:00;331;sem vítima;14;BR-163/MT;Sul;Colisão Lateral;1;4;;;;;1
01/02/2016;08:52:00;142;sem vítima;383,1;BR-364/MT;Norte;Colisão Traseira;2;2;;;;;1
01/02/2016;23:56:00;467;sem vítima;507;BR-364/MT;Norte;Choque - Defensa, barreira ou "submarino";1;1;;;;;1
01/02/2016;03:11:00;43;com vítima;524;BR-364/MT;Norte;Saida de Pista;1;0;1;;;;1
01/02/2016;09:47:00;183;com vítima;539;BR-163/MT;Sul;Colisão Frontal;2;5;;1;2;2;3
01/02/2016;00:30:00;13;sem vítima;608,8;BR-163/MT;Norte;Saida de Pista;1;1;;;;;1
01/02/2016;18:15:00;387;sem vítima;616;BR-163/MT;Sul;Colisão Traseira;2;2;;;;;1
01/02/2016;16:49:00;359;sem vítima;760;BR-163/MT;Sul;Colisão Traseira;1;2;;;;;1
02/02/2016;08:23:00;97;sem vítima;285;BR-364/MT;Sul;Tombamento;1;1;;;;;1
02/02/2016;10:56:00;177;sem vítima;523;BR-070/MT;Norte;Colisão Traseira;1;3;;;;;1
02/02/2016;20:05:00;351;com vítima;560;BR-163/MT;Norte;Colisão Frontal;2;1;;1;;1;3
02/02/2016;16:01:00;273;sem vítima;688;BR-163/MT;Sul;Colisão Traseira;1;2;;;;;1
03/02/2016;17:15:00;280;com vítima;230;BR-364/MT;Norte;Tombamento;1;0;2;;;;1
03/02/2016;18:20:00;291;com vítima;348;BR-364/MT;Norte;Engavetamento;2;2;1;;;2;3
03/02/2016;15:34:00;255;com vítima;627,5;BR-163/MT;Norte;Colisão Lateral;2;1;;;;1;3
03/02/2016;10:29:00;159;com vítima;691,2;BR-163/MT;Norte;Tombamento;1;1;1;;;;1
04/02/2016;08:57:00;124;sem vítima;512;BR-163/MT;Norte;Engavetamento;3;3;;;;;1
04/02/2016;21:27:00;380;com vítima;640;BR-163/MT;Sul;Saida de Pista;1;0;2;;;;1
04/02/2016;17:14:00;292;com vítima;686,5;BR-163/MT;Sul;Queda de Moto;1;1;1;;;;1
05/02/2016;08:18:00;113;sem vítima;269;BR-364/MT;Sul;Colisão Traseira;1;2;;;;;1
05/02/2016;00:41:00;12;sem vítima;470;BR-364/MT;Norte;Engavetamento;3;3;;;;;1
05/02/2016;16:46:00;316;com vítima;514;BR-070/MT;Sul;Colisão Transversal;1;2;1;;;;1
05/02/2016;09:53:00;151;sem vítima;515;BR-070/MT;Norte;Colisão Transversal;1;3;;;;;1
05/02/2016;01:53:00;20;sem vítima;584;BR-163/MT;Sul;Saida de Pista;1;1;;;;;1
05/02/2016;16:43:00;312;com vítima;641,5;BR-163/MT;Sul;Tombamento;2;1;;1;;;2
06/02/2016;23:42:00;387;com vítima;14,4;BR-163/MT;Norte;Colisão Frontal;1;1;;;;1;3
06/02/2016;16:41:00;296;sem vítima;237;BR-364/MT;Sul;Colisão Lateral;2;4;;;;;1
06/02/2016;16:15:00;299;com vítima;272,5;BR-364/MT;Sul;Tombamento;1;0;1;;;;1
06/02/2016;13:20:00;235;com vítima;463;BR-364/MT;Norte;Colisão Frontal;2;0;;2;;;2
06/02/2016;13:45:00;245;com vítima;464;BR-364/MT;Sul;Engavetamento;3;2;;1;;1;3
06/02/2016;15:40:00;287;sem vítima;569;BR-364/MT;Norte;Saida de Pista;1;1;;;;;1
06/02/2016;15:29:00;283;sem vítima;593;BR-163/MT;Norte;Colisão Traseira;1;2;;;;;1
08/02/2016;17:06:00;326;com vítima;45,2;BR-163/MT;Norte;Tombamento;1;0;2;;;;1
08/02/2016;10:53:00;182;com vítima;97;BR-163/MT;Sul;Tombamento;1;0;1;;;;1
08/02/2016;00:53:00;9;com vítima;357;BR-364/MT;Sul;Tombamento;1;1;1;;;;1
08/02/2016;19:37:00;365;sem vítima;383;BR-364/MT;Sul;Colisão Traseira;1;5;;;;;1
08/02/2016;21:03:00;377;sem vítima;751;BR-163/MT;Sul;Colisão Traseira;1;2;;;;;1
09/02/2016;16:26:00;275;com vítima;305,5;BR-364/MT;Sul;Colisão Frontal;1;3;1;1;;3;3
09/02/2016;08:02:00;103;sem vítima;347,5;BR-364/MT;Norte;Colisão Traseira;2;2;;;;;1
09/02/2016;16:49:00;278;sem vítima;494;BR-364/MT;Norte;Colisão Transversal;1;2;;;;;1
09/02/2016;15:04:00;242;sem vítima;522;BR-070/MT;Sul;Saida de Pista;1;2;;;;;1
10/02/2016;17:52:00;304;sem vítima;242;BR-364/MT;Norte;Engavetamento;2;4;;;;;1
10/02/2016;17:46:00;301;com vítima;289;BR-364/MT;Sul;Colisão Frontal;2;0;;;1;1;3
10/02/2016;11:21:00;171;sem vítima;389;BR-364/MT;Norte;Colisão Lateral;1;4;;;;;1
10/02/2016;15:35:00;260;sem vítima;831,2;BR-163/MT;Sul;Colisão Traseira;1;3;;;;;1
11/02/2016;20:20:00;303;sem vítima;201;BR-364/MT;Norte;Colisão Traseira;1;4;;;;;1
11/02/2016;19:53:00;299;sem vítima;279;BR-364/MT;Norte;Tombamento;1;1;;;;;1
11/02/2016;07:50:00;77;sem vítima;505;BR-070/MT;Sul;Colisão Traseira;2;3;;;;;1
12/02/2016;16:40:00;318;sem vítima;349,5;BR-364/MT;Norte;Colisão Traseira;3;3;;;;;1
12/02/2016;09:44:00;171;sem vítima;387;BR-364/MT;Norte;Colisão Traseira;2;2;;;;;1
12/02/2016;18:14:00;349;sem vítima;464;BR-364/MT;Norte;Saida de Pista;1;3;;;;;1
12/02/2016;13:54:00;269;com vítima;584;BR-163/MT;Sul;Colisão Lateral;1;1;2;;;;1
12/02/2016;17:19:00;329;sem vítima;690,7;BR-163/MT;Sul;Colisão Transversal;1;2;;;;;1
12/02/2016;16:25:00;315;sem vítima;825;BR-163/MT;Sul;Colisão Traseira;1;2;;;;;1
13/02/2016;17:44:00;270;sem vítima;265;BR-364/MT;Sul;Colisão Traseira;2;2;;;;;1
13/02/2016;10:10:00;128;sem vítima;309;BR-364/MT;Norte;Colisão Traseira;2;7;;;;;1
13/02/2016;19:00:00;290;com vítima;835,5;BR-163/MT;Norte;Queda de Moto;1;1;1;;;;1
13/02/2016;17:18:00;263;com vítima;585;BR-364/MT;Sul;Tombamento;1;0;;1;;;2
14/02/2016;01:13:00;26;sem vítima;201;BR-364/MT;Norte;Tombamento;1;1;;;;;1
14/02/2016;12:04:00;155;sem vítima;512;BR-070/MT;Norte;Colisão Traseira;1;2;;;;;1
14/02/2016;14:07:00;175;com vítima;588,7;BR-163/MT;Norte;Colisão Transversal;2;0;1;;;1;3
14/02/2016;04:04:00;40;sem vítima;744;BR-163/MT;Norte;Tombamento;1;1;;;;;1
15/02/2016;06:47:00;29;com vítima;284;BR-364/MT;Sul;Colisão Frontal;1;0;2;1;;;2
15/02/2016;10:00:00;51;sem vítima;501;BR-364/MT;Norte;Colisão Transversal;2;2;;;;;1
15/02/2016;09:42:00;43;sem vítima;550;BR-163/MT;Sul;Saida de Pista;1;1;;;;;1
15/02/2016;16:29:00;178;sem vítima;636,2;BR-163/MT;Sul;Engavetamento;1;4;;;;;1
15/02/2016;15:10:00;162;com vítima;836;BR-163/MT;Norte;Colisão Frontal;1;1;1;;;;1
16/02/2016;17:42:00;297;sem vítima;256;BR-364/MT;Sul;Tombamento;1;1;;;;;1
16/02/2016;08:22:00;103;sem vítima;278;BR-364/MT;Sul;Colisão Lateral;2;3;;;;;1
16/02/2016;14:58:00;246;com vítima;338;BR-364/MT;Norte;Colisão Frontal;2;0;;2;;;2
16/02/2016;12:26:00;201;sem vítima;511,8;BR-070/MT;Norte;Colisão Traseira;1;2;;;;;1
16/02/2016;16:42:00;276;sem vítima;652,4;BR-163/MT;Sul;Colisão Traseira;2;2;;;;;1
16/02/2016;10:00:00;135;com vítima;729;BR-163/MT;Norte;Colisão Traseira;2;1;1;;;;1
17/02/2016;11:53:00;230;sem vítima;118;BR-163/MT;Sul;Colisão Lateral;1;2;;;;;1
17/02/2016;15:20:00;297;sem vítima;202;BR-364/MT;Norte;Colisão Traseira;2;2;;;;;1
17/02/2016;08:34:00;124;sem vítima;289;BR-364/MT;Sul;Tombamento;1;1;;;;;1
17/02/2016;09:49:00;163;sem vítima;383,15;BR-364/MT;Norte;Colisão Traseira;2;2;;;;;1
17/02/2016;18:25:00;353;com vítima;399;BR-364/MT;Sul;Colisão Transversal;1;1;1;;;;1
17/02/2016;17:08:00;334;sem vítima;560,7;BR-163/MT;Norte;Saida de Pista;1;1;;;;;1
17/02/2016;18:11:00;348;com vítima;565;BR-364/MT;Norte;Saida de Pista;1;2;1;;;;1
18/02/2016;17:55:00;304;sem vítima;283;BR-364/MT;Norte;Tombamento;1;1;;;;;1
18/02/2016;14:41:00;237;sem vítima;390;BR-364/MT;Sul;Colisão Traseira;1;6;;;;;1
18/02/2016;19:01:00;317;sem vítima;500;BR-070/MT;Sul;Colisão Traseira;2;2;;;;;1
18/02/2016;18:34:00;308;com vítima;583;BR-163/MT;Sul;Colisão Transversal;1;0;2;;;;1
19/02/2016;16:24:00;285;sem vítima;201;BR-364/MT;Sul;Colisão Lateral;1;4;;;;;1
19/02/2016;15:52:00;272;sem vítima;713;BR-163/MT;Sul;Engavetamento;2;3;;;;;1
19/02/2016;22:21:00;374;sem vítima;766;BR-163/MT;Sul;Colisão Traseira;2;3;;;;;1
20/02/2016;09:03:00;122;sem vítima;28;BR-163/MT;Norte;Colisão Traseira;2;3;;;;;1
20/02/2016;17:52:00;297;sem vítima;201,3;BR-364/MT;Norte;Colisão Lateral;1;4;;;;;1
20/02/2016;17:51:00;296;sem vítima;233;BR-364/MT;Norte;Engavetamento;3;3;;;;;1
20/02/2016;10:30:00;150;com vítima;349;BR-364/MT;Norte;Tombamento;1;0;;1;;;2
20/02/2016;05:34:00;47;sem vítima;398;BR-364/MT;Norte;Colisão Traseira;1;2;;;;;1
20/02/2016;11:34:00;171;sem vítima;517;BR-070/MT;Norte;Colisão Lateral;1;2;;;;;1
20/02/2016;08:29:00;107;sem vítima;561;BR-163/MT;Sul;Tombamento;1;1;;;;;1
20/02/2016;04:06:00;31;sem vítima;593;BR-163/MT;Norte;Saida de Pista;1;1;;;;;1
20/02/2016;13:21:00;217;com vítima;771,9;BR-163/MT;Sul;Tombamento;1;0;1;;;;1
21/02/2016;09:41:00;148;com vítima;510,5;BR-364/MT;Sul;Colisão Frontal;2;0;1;;;1;3
21/02/2016;18:08:00;300;sem vítima;513;BR-070/MT;Norte;Tombamento;1;1;;;;;1
21/02/2016;16:14:00;328;sem vítima;568;BR-364/MT;Sul;Saida de Pista;1;1;;;;;1
21/02/2016;08:36:00;123;sem vítima;664;BR-163/MT;Sul;Engavetamento;3;6;;;;;1
22/02/2016;11:18:00;158;sem vítima;203;BR-364/MT;Sul;Colisão Traseira;1;4;;;;;1
22/02/2016;09:31:00;118;sem vítima;479;BR-364/MT;Sul;Colisão Traseira;2;2;;;;;1
22/02/2016;19:25:00;291;sem vítima;844;BR-163/MT;Norte;Tombamento;1;3;;;;;1
23/02/2016;17:18:00;308;sem vítima;523;BR-070/MT;Sul;Colisão Transversal;1;3;;;;;1
23/02/2016;21:18:00;356;com vítima;558;BR-364/MT;Sul;Atropelamento - Ciclista;1;1;;1;;;2
24/02/2016;16:11:00;229;sem vítima;499;BR-070/MT;Sul;Colisão Transversal;2;4;;;;;1
24/02/2016;16:42:00;240;sem vítima;835;BR-163/MT;Sul;Colisão Lateral;1;3;;;;;1
25/02/2016;06:29:00;53;sem vítima;278,53;BR-364/MT;Norte;Colisão Lateral;2;2;;;;;1
25/02/2016;10:40:00;174;sem vítima;300;BR-364/MT;Sul;Colisão Traseira;2;2;;;;;1
25/02/2016;16:38:00;297;sem vítima;484;BR-364/MT;Sul;Saida de Pista;1;1;;;;;1
25/02/2016;16:35:00;296;sem vítima;509,5;BR-163/MT;Sul;Choque - Defensa, barreira ou "submarino";1;1;;;;;1
25/02/2016;20:11:00;359;sem vítima;574;BR-364/MT;Sul;Saida de Pista;1;1;;;;;1
25/02/2016;19:56:00;354;com vítima;587,6;BR-163/MT;Sul;Tombamento;1;0;1;;;;1
25/02/2016;22:54:00;382;sem vítima;745;BR-163/MT;Norte;Tombamento;1;1;;;;;1
26/02/2016;17:54:00;349;sem vítima;243;BR-364/MT;Sul;Colisão Traseira;2;2;;;;;1
26/02/2016;08:17:00;108;sem vítima;284;BR-364/MT;Sul;Tombamento;1;1;;;;;1
26/02/2016;09:15:00;139;sem vítima;306;BR-364/MT;Norte;Colisão Traseira;2;2;;;;;1
26/02/2016;06:46:00;72;sem vítima;435;BR-364/MT;Sul;Colisão Lateral;2;2;;;;;1
26/02/2016;08:53:00;129;sem vítima;479;BR-364/MT;Sul;Engavetamento;3;3;;;;;1
26/02/2016;14:44:00;274;sem vítima;507;BR-070/MT;Sul;Colisão Lateral;2;2;;;;;1
26/02/2016;12:17:00;231;com vítima;516;BR-070/MT;Sul;Colisão Transversal;1;1;1;;;;1
26/02/2016;14:33:00;272;sem vítima;524;BR-070/MT;Norte;Engavetamento;2;3;;;;;1
27/02/2016;02:48:00;25;sem vítima;118;BR-163/MT;Sul;Colisão Traseira;2;2;;;;;1
27/02/2016;22:52:00;331;com vítima;435,6;BR-364/MT;Sul;Colisão Lateral;1;2;1;;;;1
27/02/2016;11:50:00;165;sem vítima;684;BR-163/MT;Norte;Colisão Traseira;2;2;;;;;1
27/02/2016;04:33:00;51;sem vítima;714,2;BR-163/MT;Norte;Colisão Traseira;2;2;;;;;1
28/02/2016;13:45:00;228;com vítima;512;BR-070/MT;Sul;Colisão Frontal;2;2;2;;;;1
29/02/2016;05:52:00;49;com vítima;265;BR-364/MT;Sul;Tombamento;1;0;;;;1;3
29/02/2016;06:58:00;66;sem vítima;306;BR-364/MT;Sul;Tombamento;1;1;;;;;1
29/02/2016;21:56:00;359;com vítima;469;BR-364/MT;Norte;Colisão Lateral;1;1;;;;1;3
29/02/2016;22:07:00;360;com vítima;629;BR-163/MT;Norte;Colisão Frontal;1;1;4;;;;1
29/02/2016;17:28:00;294;com vítima;786;BR-163/MT;Norte;Tombamento;1;0;1;;;;1
01/03/2016;21:16:00;369;com vítima;223;BR-364/MT;Norte;Tombamento;1;0;1;;;;1
01/03/2016;15:46:00;274;sem vítima;291;BR-364/MT;Norte;Colisão Traseira;2;2;;;;;1
01/03/2016;16:50:00;296;sem vítima;435;BR-364/MT;Sul;Colisão Lateral;2;2;;;;;1
01/03/2016;17:02:00;305;sem vítima;593,9;BR-163/MT;Sul;Colisão Traseira;2;3;;;;;1
01/03/2016;13:29:00;221;sem vítima;597,9;BR-163/MT;Norte;Colisão Transversal;2;2;;;;;1
01/03/2016;18:24:00;332;com vítima;632;BR-163/MT;Norte;Tombamento;1;0;1;;;;1
01/03/2016;20:13:00;355;com vítima;851;BR-163/MT;Norte;Tombamento;1;0;1;;;;1
02/03/2016;11:11:00;169;sem vítima;295;BR-364/MT;Sul;Tombamento;1;1;;;;;1
03/03/2016;18:18:00;314;com vítima;202;BR-364/MT;Sul;Colisão Transversal;1;1;;;;1;3
04/03/2016;19:01:00;384;sem vítima;39;BR-163/MT;Sul;Tombamento;1;1;;;;;1
04/03/2016;17:56:00;377;com vítima;105;BR-163/MT;Sul;Colisão Traseira;1;18;;3;;;2
04/03/2016;13:10:00;258;sem vítima;252;BR-364/MT;Norte;Colisão Traseira;2;2;;;;;1
04/03/2016;17:06:00;358;com vítima;536;BR-364/MT;Norte;Tombamento;1;0;1;;;;1
04/03/2016;18:00:00;378;sem vítima;119;BR-163/MT;Sul;Colisão Traseira;2;2;;;;;1
05/03/2016;02:30:00;36;sem vítima;263;BR-364/MT;Sul;Saida de Pista;1;1;;;;;1
05/03/2016;11:14:00;167;com vítima;350;BR-364/MT;Norte;Choque - Outros;1;0;1;;;;1
05/03/2016;05:36:00;56;sem vítima;459,5;BR-364/MT;Sul;Tombamento;1;1;;;;;1
05/03/2016;07:21:00;74;sem vítima;567;BR-364/MT;Sul;Saida de Pista;1;1;;;;;1
06/03/2016;06:57:00;73;com vítima;513;BR-070/MT;Sul;Tombamento;1;0;1;;;;1
07/03/2016;08:04:00;104;sem vítima;349,6;BR-364/MT;Norte;Saida de Pista;1;1;;;;;1
07/03/2016;11:15:00;181;sem vítima;436,4;BR-364/MT;Norte;Colisão Lateral;2;4;;;;;1
07/03/2016;09:01:00;129;com vítima;523,9;BR-070/MT;Norte;Engavetamento;3;3;1;;;;1
07/03/2016;13:33:00;214;sem vítima;543,8;BR-364/MT;Norte;Colisão Lateral;1;2;;;;;1
07/03/2016;16:57:00;277;com vítima;584;BR-364/MT;Norte;Tombamento;1;0;1;;;;1
08/03/2016;19:57:00;345;com vítima;206;BR-364/MT;Norte;Tombamento;1;0;1;;;;1
08/03/2016;09:56:00;170;sem vítima;342,5;BR-364/MT;Sul;Colisão Lateral;1;3;;;;;1
08/03/2016;16:03:00;287;sem vítima;349;BR-364/MT;Norte;Colisão Traseira;1;3;;;;;1
08/03/2016;17:42:00;308;sem vítima;435;BR-364/MT;Sul;Colisão Traseira;1;2;;;;;1
08/03/2016;17:56:00;309;sem vítima;512;BR-070/MT;Sul;Colisão Lateral;2;2;;;;;1
08/03/2016;07:09:00;89;sem vítima;535;BR-364/MT;Sul;Tombamento;1;1;;;;;1
08/03/2016;06:28:00;77;sem vítima;542;BR-163/MT;Norte;Colisão Traseira;2;2;;;;;1
09/03/2016;00:24:00;8;com vítima;107;BR-163/MT;Norte;Tombamento;1;0;;2;;;2
09/03/2016;19:01:00;309;sem vítima;827;BR-163/MT;Norte;Colisão Lateral;1;2;;;;;1
09/03/2016;15:58:00;265;com vítima;400;BR-364/MT;Sul;Colisão Transversal;1;1;4;1;;;2
10/03/2016;12:39:00;202;sem vítima;258,5;BR-364/MT;Sul;Colisão Lateral;1;2;;;;;1
10/03/2016;16:37:00;277;sem vítima;265,5;BR-364/MT;Sul;Colisão Traseira;1;2;;;;;1
10/03/2016;18:21:00;304;sem vítima;320;BR-364/MT;Norte;Saida de Pista;1;3;;;;;1
10/03/2016;11:53:00;188;sem vítima;349;BR-364/MT;Sul;Colisão Lateral;2;2;;;;;1
10/03/2016;05:13:00;47;sem vítima;441;BR-364/MT;Norte;Colisão Traseira;1;2;;;;;1
10/03/2016;11:13:00;169;sem vítima;511,5;BR-163/MT;Sul;Colisão Traseira;1;2;;;;;1
10/03/2016;16:10:00;268;sem vítima;566;BR-364/MT;Sul;Saida de Pista;1;1;;;;;1
10/03/2016;20:18:00;324;sem vítima;597,8;BR-163/MT;Norte;Colisão Transversal;1;2;;;;;1
10/03/2016;17:09:00;292;sem vítima;826;BR-163/MT;Sul;Colisão Traseira;1;2;;;;;1
11/03/2016;07:40:00;126;sem vítima;325,5;BR-364/MT;Norte;Colisão Traseira;2;2;;;;;1
11/03/2016;16:53:00;350;sem vítima;476;BR-364/MT;Sul;Engavetamento;4;9;;;;;1
11/03/2016;11:46:00;245;sem vítima;544,8;BR-364/MT;Norte;Colisão Traseira;1;4;;;;;1
11/03/2016;07:06:00;110;sem vítima;580;BR-364/MT;Sul;Colisão Lateral;2;2;;;;;1
11/03/2016;19:01:00;388;com vítima;704,1;BR-163/MT;Sul;Colisão Frontal;1;1;1;;1;1;3
12/03/2016;00:00:00;1;com vítima;515;BR-070/MT;Norte;Colisão Traseira;1;1;1;;;;1
12/03/2016;10:38:00;173;sem vítima;831;BR-163/MT;Norte;Colisão Transversal;1;4;;;;;1
13/03/2016;02:42:00;26;sem vítima;62;BR-163/MT;Sul;Tombamento;1;1;;;;;1