data;horario;n_da_ocorrencia;tipo_de_ocorrencia;km;trecho;sentido;tipo_de_acidente;caminhao;ilesos;levemente_feridos;moderadamente_feridos;gravemente_feridos;mortos;3
13/03/2016;12:36:00;166;sem vítima;504;BR-070/MT;Norte;Tombamento;1;1;;;;;1
14/03/2016;11:16:00;149;com vítima;204;BR-364/MT;Norte;Colisão Transversal;1;2;1;;;;1
14/03/2016;07:00:00;55;sem vítima;346,1;BR-364/MT;Norte;Saida de Pista;1;1;;;;;1
14/03/2016;09:41:00;117;sem vítima;542;BR-163/MT;Sul;Colisão Traseira;2;2;;;;;1
14/03/2016;13:23:00;194;com vítima;570,4;BR-163/MT;Norte;Colisão Frontal;1;1;;;;2;3
14/03/2016;16:25:00;241;sem vítima;829;BR-163/MT;Norte;Colisão Lateral;1;4;;;;;1
15/03/2016;05:17:00;60;com vítima;227;BR-364/MT;Norte;Colisão Frontal;2;1;1;;;;1
15/03/2016;22:33:00;395;sem vítima;526,5;BR-163/MT;Sul;Tombamento;1;2;;;;;1
15/03/2016;09:17:00;132;sem vítima;529,2;BR-364/MT;Sul;Tombamento;1;1;;;;;1
16/03/2016;08:33:00;136;sem vítima;230;BR-364/MT;Sul;Tombamento;1;1;;;;;1
16/03/2016;14:30:00;265;sem vítima;273;BR-364/MT;Sul;Colisão Transversal;2;2;;;;;1
16/03/2016;15:10:00;279;sem vítima;284;BR-364/MT;Sul;Tombamento;1;2;;;;;1
16/03/2016;12:58:00;241;sem vítima;378;BR-364/MT;Norte;Tombamento;1;1;;;;;1
16/03/2016;16:41:00;307;sem vítima;530;BR-364/MT;Norte;Colisão Traseira;2;3;;;;;1
16/03/2016;22:02:00;384;com vítima;754;BR-163/MT;Sul;Colisão Traseira;1;1;1;;;;1
17/03/2016;07:17:00;81;sem vítima;305;BR-364/MT;Sul;Colisão Traseira;2;3;;;;;1
17/03/2016;08:04:00;102;sem vítima;309;BR-364/MT;Norte;Colisão Transversal;2;2;;;;;1
17/03/2016;16:29:00;292;sem vítima;397;BR-364/MT;Norte;Colisão Transversal;1;3;;;;;1
17/03/2016;13:44:00;239;sem vítima;568;BR-364/MT;Norte;Choque - Defensa, barreira ou "submarino";1;1;;;;;1
17/03/2016;15:20:00;275;sem vítima;827;BR-163/MT;Sul;Colisão Lateral;1;2;;;;;1
18/03/2016;17:42:00;276;sem vítima;513;BR-070/MT;Norte;Colisão Transversal;2;2;;;;;1
18/03/2016;17:57:00;279;com vítima;549,5;BR-163/MT;Norte;Colisão Traseira;2;1;;1;;;2
18/03/2016;07:27:00;66;sem vítima;837;BR-163/MT;Sul;Colisão Lateral;1;2;;;;;1
19/03/2016;14:37:00;205;sem vítima;203;BR-364/MT;Norte;Colisão Traseira;2;2;;;;;1
19/03/2016;16:03:00;224;sem vítima;257;BR-364/MT;Norte;Colisão Lateral;1;2;;;;;1
19/03/2016;21:38:00;318;com vítima;464;BR-364/MT;Sul;Saida de Pista;1;0;1;;;;1
19/03/2016;16:11:00;228;sem vítima;474;BR-364/MT;Sul;Objeto lançado contra veículo;2;2;;;;;1
19/03/2016;07:08:00;76;sem vítima;833,7;BR-163/MT;Sul;Colisão Lateral;1;2;;;;;1
19/03/2016;18:57:00;266;com vítima;834;BR-163/MT;Sul;Colisão Traseira;1;1;;;1;;2
20/03/2016;08:29:00;134;sem vítima;265,8;BR-364/MT;Sul;Colisão Traseira;2;2;;;;;1
20/03/2016;09:32:00;166;sem vítima;269,321;BR-364/MT;Norte;Colisão Lateral;2;2;;;;;1
20/03/2016;02:59:00;47;sem vítima;369;BR-364/MT;Sul;Tombamento;1;1;;;;;1
21/03/2016;06:27:00;43;sem vítima;236;BR-364/MT;Norte;Colisão Traseira;1;2;;;;;1
21/03/2016;13:30:00;182;sem vítima;350;BR-364/MT;Norte;Colisão Traseira;2;2;;;;;1
21/03/2016;15:37:00;219;sem vítima;362;BR-364/MT;Sul;Colisão Traseira;1;3;;;;;1
21/03/2016;10:28:00;127;sem vítima;524;BR-163/MT;Sul;Engavetamento;1;4;;;;;1
21/03/2016;15:07:00;211;sem vítima;755;BR-163/MT;Sul;Choque - Defensa, barreira ou "submarino";1;2;;;;;1
21/03/2016;08:53:00;89;sem vítima;829;BR-163/MT;Sul;Colisão Lateral;1;2;;;;;1
22/03/2016;04:37:00;38;sem vítima;55;BR-163/MT;Norte;Saida de Pista;1;1;;;;;1
22/03/2016;20:36:00;340;sem vítima;229;BR-364/MT;Sul;Engavetamento;4;4;;;;;1
22/03/2016;06:13:00;45;sem vítima;347,7;BR-364/MT;Norte;Tombamento;1;1;;;;;1
22/03/2016;16:38:00;283;com vítima;349;BR-364/MT;Norte;Saida de Pista;1;0;;1;;;2
22/03/2016;17:02:00;291;sem vítima;383;BR-364/MT;Sul;Colisão Traseira;1;2;;;;;1
22/03/2016;04:27:00;36;sem vítima;498;BR-070/MT;Norte;Atropelamento - Animal;1;1;;;;;1
22/03/2016;15:57:00;268;sem vítima;538;BR-163/MT;Sul;Saida de Pista;1;3;;;;;1
23/03/2016;15:59:00;255;sem vítima;242,1;BR-364/MT;Sul;Engavetamento;1;6;;;;;1
23/03/2016;05:57:00;48;com vítima;532;BR-163/MT;Norte;Tombamento;1;0;1;;;;1
23/03/2016;17:30:00;287;com vítima;546;BR-163/MT;Sul;Colisão Traseira;1;2;2;;;;1
24/03/2016;10:48:00;169;com vítima;22,58;BR-163/MT;Sul;Tombamento;1;1;;2;1;;2
24/03/2016;15:37:00;252;sem vítima;260;BR-364/MT;Norte;Colisão Traseira;1;3;;;;;1
24/03/2016;11:26:00;186;com vítima;274;BR-364/MT;Norte;Colisão Traseira;1;1;1;;;;1
24/03/2016;21:50:00;339;com vítima;491;BR-364/MT;Norte;Atropelamento - Usuário;1;1;;;;1;3
25/03/2016;06:46:00;71;sem vítima;96;BR-163/MT;Norte;Colisão Traseira;2;2;;;;;1
25/03/2016;21:45:00;279;sem vítima;239;BR-364/MT;Sul;Saida de Pista;1;1;;;;;1
25/03/2016;07:11:00;78;sem vítima;349;BR-364/MT;Norte;Saida de Pista;1;1;;;;;1
25/03/2016;12:46:00;167;sem vítima;389;BR-364/MT;Sul;Colisão Traseira;1;2;;;;;1
25/03/2016;17:44:00;238;sem vítima;479;BR-364/MT;Norte;Colisão Traseira;2;2;;;;;1
25/03/2016;09:47:00;124;sem vítima;539;BR-163/MT;Sul;Saida de Pista;1;1;;;;;1
25/03/2016;09:50:00;125;com vítima;557,7;BR-163/MT;Norte;Colisão Frontal;1;2;;;4;3;3
25/03/2016;17:14:00;232;sem vítima;562;BR-364/MT;Sul;Colisão Lateral;2;2;;;;;1
25/03/2016;10:20:00;137;sem vítima;639,5;BR-163/MT;Sul;Objeto lançado contra veículo;1;4;;;;;1
26/03/2016;18:55:00;260;sem vítima;271;BR-364/MT;Sul;Colisão Traseira;2;2;;;;;1
26/03/2016;12:33:00;175;sem vítima;338,2;BR-364/MT;Sul;Colisão Traseira;1;5;;;;;1
26/03/2016;17:44:00;246;sem vítima;544,5;BR-364/MT;Norte;Colisão Transversal;1;2;;;;;1
28/03/2016;09:44:00;160;sem vítima;434,8;BR-364/MT;Norte;Colisão Transversal;2;3;;;;;1
28/03/2016;18:48:00;333;com vítima;504;BR-070/MT;Norte;Colisão Lateral;2;3;;;;1;3
29/03/2016;01:21:00;23;sem vítima;60;BR-163/MT;Norte;Saida de Pista;1;1;;;;;1
29/03/2016;12:36:00;224;com vítima;249;BR-364/MT;Sul;Colisão Lateral;3;3;1;;;;1
29/03/2016;15:14:00;267;sem vítima;262;BR-364/MT;Norte;Colisão Traseira;2;2;;;;;1
29/03/2016;13:41:00;237;com vítima;265,335;BR-364/MT;Norte;Colisão Frontal;2;2;;;1;;2
29/03/2016;11:10:00;195;sem vítima;350;BR-364/MT;Sul;Colisão Traseira;2;7;;;;;1
29/03/2016;10:11:00;160;sem vítima;484;BR-364/MT;Norte;Tombamento;1;1;;;;;1
29/03/2016;16:06:00;286;com vítima;401,5;BR-364/MT;Sul;Colisão Traseira;1;9;4;;;;1
30/03/2016;12:49:00;181;sem vítima;257;BR-364/MT;Sul;Colisão Traseira;2;2;;;;;1
30/03/2016;22:20:00;314;com vítima;277;BR-364/MT;Norte;Colisão Lateral;2;1;1;;;;1
30/03/2016;15:04:00;214;sem vítima;435,5;BR-364/MT;Sul;Engavetamento;1;3;;;;;1
30/03/2016;14:35:00;205;sem vítima;506,5;BR-070/MT;Sul;Tombamento;1;1;;;;;1
31/03/2016;07:18:00;70;sem vítima;232,5;BR-364/MT;Sul;Colisão Traseira;2;3;;;;;1
31/03/2016;10:05:00;144;com vítima;548;BR-364/MT;Sul;Colisão Traseira;2;2;1;;;;1
31/03/2016;13:19:00;201;sem vítima;671,1;BR-163/MT;Norte;Saida de Pista;1;2;;;;;1
31/03/2016;11:52:00;173;sem vítima;686,5;BR-163/MT;Sul;Colisão Transversal;2;4;;;;;1
31/03/2016;16:21:00;257;sem vítima;689,5;BR-163/MT;Norte;Colisão Lateral;2;2;;;;;1
01/04/2016;14:24:00;269;sem vítima;96,6;BR-163/MT;Sul;Tombamento;1;1;;;;;1
01/04/2016;07:29:00;105;com vítima;350;BR-364/MT;Norte;Engavetamento;3;2;;2;;;2
01/04/2016;08:50:00;143;sem vítima;383;BR-364/MT;Norte;Colisão Traseira;1;2;;;;;1
02/04/2016;09:53:00;139;sem vítima;363;BR-364/MT;Sul;Colisão Lateral;1;3;;;;;1
02/04/2016;09:38:00;133;com vítima;377,3;BR-364/MT;Sul;Colisão Frontal;2;2;;1;;;2
02/04/2016;02:33:00;36;sem vítima;587;BR-163/MT;Norte;Colisão Traseira;1;20;;;;;1
02/04/2016;21:32:00;342;sem vítima;603,2;BR-163/MT;Sul;Saida de Pista;1;1;;;;;1
02/04/2016;08:05:00;98;com vítima;757,8;BR-163/MT;Norte;Colisão Traseira;1;2;1;;;;1
03/04/2016;15:50:00;197;com vítima;564,7;BR-364/MT;Sul;Tombamento;1;0;1;;;;1
03/04/2016;07:18:00;62;com vítima;401;BR-364/MT;Norte;Colisão Lateral;1;2;1;;;;1
04/04/2016;15:45:00;255;com vítima;209;BR-364/MT;Norte;Tombamento;1;0;1;;;;1
04/04/2016;10:40:00;155;sem vítima;242;BR-364/MT;Sul;Colisão Traseira;2;2;;;;;1
05/04/2016;23:35:00;423;com vítima;30;BR-163/MT;Sul;Saida de Pista;1;0;;1;;;2
05/04/2016;23:06:00;417;sem vítima;118;BR-163/MT;Sul;Colisão Lateral;1;2;;;;;1
05/04/2016;08:29:00;121;sem vítima;834,5;BR-163/MT;Norte;Colisão Traseira;1;2;;;;;1
06/04/2016;09:13:00;129;sem vítima;348;BR-364/MT;Norte;Colisão Traseira;2;2;;;;;1
07/04/2016;18:27:00;307;com vítima;280;BR-364/MT;Sul;Colisão Frontal;1;1;1;;;;1
07/04/2016;21:01:00;343;com vítima;488,5;BR-364/MT;Norte;Colisão Traseira;2;1;1;;;;1
07/04/2016;00:29:00;16;com vítima;515;BR-364/MT;Norte;Colisão Lateral;2;1;1;;;;1
07/04/2016;14:02:00;234;sem vítima;641,5;BR-163/MT;Norte;Saida de Pista;1;1;;;;;1
07/04/2016;14:02:00;245;sem vítima;641;BR-163/MT;Norte;Saida de Pista;1;1;;;;;1
07/04/2016;15:05:00;252;com vítima;641,2;BR-163/MT;Norte;Engavetamento;3;3;;1;;;2
07/04/2016;16:54:00;290;sem vítima;833,3;BR-163/MT;Norte;Colisão Lateral;1;2;;;;;1
08/04/2016;12:13:00;196;sem vítima;230;BR-364/MT;Norte;Colisão Traseira;1;3;;;;;1
08/04/2016;12:10:00;195;sem vítima;260;BR-364/MT;Norte;Colisão Lateral;1;3;;;;;1
08/04/2016;13:48:00;227;sem vítima;260;BR-364/MT;Sul;Colisão Lateral;1;4;;;;;1
08/04/2016;05:48:00;65;com vítima;399;BR-364/MT;Sul;Colisão Transversal;1;1;;1;;;2
08/04/2016;13:30:00;219;sem vítima;785;BR-163/MT;Norte;Saida de Pista;1;1;;;;;1
09/04/2016;13:32:00;240;sem vítima;347;BR-364/MT;Norte;Saida de Pista;1;1;;;;;1
09/04/2016;09:38:00;134;sem vítima;350;BR-364/MT;Norte;Saida de Pista;1;1;;;;;1
10/04/2016;20:38:00;367;sem vítima;327;BR-364/MT;Norte;Colisão Lateral;1;2;;;;;1
11/04/2016;08:28:00;92;com vítima;347;BR-364/MT;Norte;Colisão Traseira;3;2;1;1;;;2
11/04/2016;16:55:00;246;com vítima;347;BR-364/MT;Norte;Tombamento;2;1;1;;;;1
11/04/2016;13:41:00;194;com vítima;540,35;BR-364/MT;Sul;Colisão Traseira;2;1;1;;;;1
11/04/2016;20:16:00;292;sem vítima;547;BR-163/MT;Sul;Saida de Pista;1;2;;;;;1
12/04/2016;00:45:00;12;sem vítima;18,5;BR-163/MT;Norte;Saida de Pista;1;1;;;;;1
12/04/2016;23:38:00;350;sem vítima;58;BR-163/MT;Norte;Saida de Pista;1;2;;;;;1
12/04/2016;07:09:00;64;sem vítima;265;BR-364/MT;Norte;Engavetamento;1;4;;;;;1
12/04/2016;09:45:00;119;sem vítima;330;BR-364/MT;Sul;Engavetamento;2;3;;;;;1
12/04/2016;20:36:00;314;sem vítima;467;BR-364/MT;Sul;Tombamento;1;2;;;;;1
12/04/2016;06:50:00;59;sem vítima;523;BR-364/MT;Norte;Colisão Traseira;2;2;;;;;1
12/04/2016;17:43:00;271;sem vítima;589,8;BR-163/MT;Norte;Saida de Pista;1;1;;;;;1
12/04/2016;13:12:00;193;com vítima;827,1;BR-163/MT;Norte;Colisão Traseira;1;1;1;;;;1
13/04/2016;09:27:00;149;com vítima;268;BR-364/MT;Norte;Colisão Traseira;1;4;;1;;;2
14/04/2016;15:29:00;293;sem vítima;459;BR-364/MT;Sul;Colisão Lateral;1;3;;;;;1
14/04/2016;04:00:00;48;sem vítima;500,1;BR-070/MT;Norte;Atropelamento - Animal;1;1;;;;;1
14/04/2016;00:55:00;25;com vítima;526,5;BR-364/MT;Norte;Tombamento;1;0;1;;;;1
14/04/2016;07:40:00;95;sem vítima;534,5;BR-163/MT;Sul;Tombamento;1;1;;;;;1
14/04/2016;16:29:00;313;sem vítima;563;BR-364/MT;Sul;Colisão Transversal;2;2;;;;;1
14/04/2016;06:47:00;72;com vítima;580;BR-364/MT;Norte;Colisão Traseira;1;3;1;;;;1
15/04/2016;17:16:00;289;sem vítima;532;BR-163/MT;Sul;Engavetamento;3;3;;;;;1
15/04/2016;08:14:00;82;sem vítima;576;BR-163/MT;Sul;Colisão Lateral;2;3;;;;;1
15/04/2016;17:22:00;291;sem vítima;579,8;BR-163/MT;Norte;Colisão Lateral;2;3;;;;;1
15/04/2016;16:52:00;284;sem vítima;692,6;BR-163/MT;Sul;Tombamento;1;1;;;;;1
16/04/2016;11:05:00;144;sem vítima;202,7;BR-364/MT;Sul;Colisão Lateral;2;2;;;;;1
16/04/2016;07:00:00;80;sem vítima;347;BR-364/MT;Norte;Saida de Pista;1;1;;;;;1
16/04/2016;19:11:00;279;sem vítima;500;BR-070/MT;Sul;Atropelamento - Animal;1;1;;;;;1
16/04/2016;09:12:00;106;sem vítima;532,6;BR-364/MT;Norte;Colisão Traseira;2;3;;;;;1
17/04/2016;09:22:00;117;sem vítima;511;BR-163/MT;Norte;Colisão Traseira;2;2;;;;;1
19/04/2016;13:23:00;201;sem vítima;110;BR-163/MT;Norte;Colisão Lateral;2;2;;;;;1
19/04/2016;18:53:00;309;com vítima;205;BR-364/MT;Norte;Colisão Traseira;1;1;1;;;;1
19/04/2016;08:01:00;80;sem vítima;606;BR-163/MT;Sul;Tombamento;1;1;;;;;1
19/04/2016;17:02:00;276;sem vítima;633;BR-163/MT;Norte;Engavetamento;3;6;;;;;1
19/04/2016;08:39:00;99;com vítima;752,8;BR-163/MT;Sul;Colisão Lateral;1;1;1;;;;1
20/04/2016;09:24:00;134;com vítima;203;BR-364/MT;Sul;Colisão Traseira;1;2;1;;;;1
20/04/2016;09:28:00;139;sem vítima;264;BR-364/MT;Sul;Tombamento;1;1;;;;;1
20/04/2016;16:07:00;254;sem vítima;345;BR-364/MT;Sul;Colisão Traseira;2;2;;;;;1
20/04/2016;17:14:00;276;sem vítima;530,5;BR-163/MT;Norte;Colisão Lateral;2;3;;;;;1
20/04/2016;09:01:00;123;sem vítima;544;BR-364/MT;Norte;Colisão Traseira;2;2;;;;;1
20/04/2016;06:05:00;63;com vítima;605,2;BR-163/MT;Norte;Colisão Lateral;2;0;2;;;;1
21/04/2016;19:13:00;335;com vítima;268;BR-364/MT;Sul;Colisão Traseira;1;1;;1;;;2
21/04/2016;08:14:00;114;sem vítima;503;BR-070/MT;Norte;Tombamento;1;1;;;;;1
21/04/2016;19:05:00;333;com vítima;519;BR-163/MT;Norte;Tombamento;1;0;1;;;;1
22/04/2016;15:57:00;287;sem vítima;203;BR-364/MT;Sul;Colisão Transversal;1;2;;;;;1
22/04/2016;18:39:00;339;sem vítima;838;BR-163/MT;Sul;Colisão Lateral;1;2;;;;;1
23/04/2016;22:39:00;332;com vítima;496;BR-364/MT;Sul;Colisão Frontal;1;1;;;;1;3
23/04/2016;07:39:00;87;sem vítima;664,45;BR-163/MT;Sul;Colisão Traseira;1;4;;;;;1
25/04/2016;12:41:00;195;sem vítima;577,4;BR-163/MT;Sul;Tombamento;1;2;;;;;1
25/04/2016;19:03:00;301;sem vítima;578,8;BR-163/MT;Sul;Tombamento;1;1;;;;;1
26/04/2016;06:49:00;54;com vítima;57;BR-163/MT;Sul;Tombamento;1;0;1;;;;1
26/04/2016;23:12:00;317;sem vítima;95;BR-163/MT;Norte;Saida de Pista;1;1;;;;;1
26/04/2016;11:13:00;163;sem vítima;442;BR-364/MT;Norte;Colisão Traseira;2;2;;;;;1
26/04/2016;15:11:00;210;com vítima;514;BR-070/MT;Sul;Queda de Moto;1;2;1;;;;1
26/04/2016;19:33:00;284;sem vítima;552;BR-163/MT;Sul;Saida de Pista;1;1;;;;;1
26/04/2016;12:49:00;187;sem vítima;598,5;BR-163/MT;Sul;Colisão Traseira;2;2;;;;;1
26/04/2016;09:01:00;113;sem vítima;827;BR-163/MT;Norte;Colisão Transversal;2;3;;;;;1
27/04/2016;20:33:00;329;sem vítima;348;BR-364/MT;Sul;Colisão Traseira;2;2;;;;;1
27/04/2016;07:52:00;74;sem vítima;447;BR-364/MT;Norte;Saida de Pista;1;1;;;;;1
27/04/2016;09:01:00;103;sem vítima;524;BR-070/MT;Norte;Colisão Traseira;2;2;;;;;1
28/04/2016;11:42:00;171;sem vítima;514;BR-070/MT;Sul;Colisão Traseira;2;2;;;;;1
28/04/2016;05:43:00;58;sem vítima;650;BR-163/MT;Norte;Tombamento;1;3;;;;;1
29/04/2016;11:58:00;190;com vítima;214,2;BR-364/MT;Norte;Colisão Traseira;2;1;1;;;;1
29/04/2016;21:11:00;331;com vítima;275;BR-364/MT;Sul;Colisão Lateral;1;1;;;1;;2
29/04/2016;17:06:00;280;sem vítima;373,5;BR-364/MT;Norte;Colisão Lateral;1;2;;;;;1
29/04/2016;09:06:00;122;com vítima;521,3;BR-070/MT;Sul;Colisão Lateral;1;2;1;;;;1
29/04/2016;09:40:00;139;sem vítima;691;BR-163/MT;Norte;Colisão Transversal;2;3;;;;;1
30/04/2016;09:46:00;120;sem vítima;255,1;BR-364/MT;Norte;Colisão Traseira;3;3;;;;;1
30/04/2016;16:52:00;233;com vítima;342;BR-364/MT;Sul;Colisão Traseira;1;1;2;;;;1
30/04/2016;16:11:00;220;com vítima;519;BR-070/MT;Norte;Colisão Lateral;1;1;3;;;;1
30/04/2016;15:31:00;210;com vítima;556,5;BR-163/MT;Sul;Colisão Transversal;1;1;;;1;1;3
30/04/2016;04:44:00;37;com vítima;686;BR-163/MT;Norte;Atropelamento - Andarilho;1;1;;;1;;2
01/05/2016;12:57:00;162;sem vítima;236;BR-364/MT;Norte;Tombamento;1;1;;;;;1
01/05/2016;09:40:00;110;com vítima;680,2;BR-163/MT;Norte;Colisão Lateral;1;1;1;1;;;2
02/05/2016;07:06:00;79;sem vítima;293,04;BR-364/MT;Norte;Tombamento;1;1;;;;;1
02/05/2016;06:55:00;72;sem vítima;447;BR-364/MT;Norte;Atropelamento - Animal;1;1;;;;;1
03/05/2016;12:32:00;192;sem vítima;276,5;BR-364/MT;Sul;Engavetamento;2;18;;;;;1
03/05/2016;13:06:00;203;sem vítima;276,5;BR-364/MT;Sul;Engavetamento;3;3;;;;;1
03/05/2016;15:48:00;249;sem vítima;276,3;BR-364/MT;Sul;Engavetamento;1;4;;;;;1
03/05/2016;18:41:00;289;sem vítima;295;BR-364/MT;Sul;Colisão Traseira;2;6;;;;;1
03/05/2016;16:06:00;251;com vítima;575;BR-163/MT;Norte;Saida de Pista;1;0;1;;;;1
03/05/2016;06:54:00;59;com vítima;690,4;BR-163/MT;Sul;Colisão Transversal;1;1;1;;;;1
03/05/2016;16:07:00;253;sem vítima;838;BR-163/MT;Norte;Colisão Transversal;2;2;;;;;1
04/05/2016;21:08:00;338;sem vítima;259;BR-364/MT;Norte;Choque - Suporte de Sinalização;1;3;;;;;1
04/05/2016;16:28:00;277;com vítima;469;BR-364/MT;Sul;Colisão Lateral;2;1;1;;;;1
04/05/2016;18:39:00;310;sem vítima;573;BR-364/MT;Sul;Tombamento;1;2;;;;;1
04/05/2016;13:23:00;215;sem vítima;688;BR-163/MT;Sul;Colisão Transversal;2;3;;;;;1
04/05/2016;07:25:00;79;com vítima;826,7;BR-163/MT;Norte;Colisão Traseira;1;1;1;;;;1
05/05/2016;11:36:00;178;sem vítima;347;BR-364/MT;Norte;Choque - Talude;1;1;;;;;1
05/05/2016;09:23:00;130;sem vítima;476,6;BR-364/MT;Sul;Tombamento;1;1;;;;;1
05/05/2016;08:01:00;90;com vítima;573;BR-364/MT;Sul;Tombamento;1;0;;1;;;2
06/05/2016;08:08:00;90;sem vítima;255;BR-364/MT;Norte;Engavetamento;2;16;;;;;1
06/05/2016;16:29:00;283;sem vítima;479;BR-364/MT;Sul;Choque - Defensa, barreira ou "submarino";1;1;;;;;1
06/05/2016;20:40:00;363;sem vítima;552;BR-163/MT;Sul;Saida de Pista;1;1;;;;;1
06/05/2016;07:09:00;69;sem vítima;589,5;BR-163/MT;Sul;Tombamento;1;1;;;;;1
06/05/2016;07:45:00;83;sem vítima;749;BR-163/MT;Norte;Colisão Lateral;2;2;;;;;1
06/05/2016;18:01:00;308;sem vítima;119;BR-163/MT;Sul;Colisão Lateral;1;2;;;;;1
07/05/2016;09:15:00;126;com vítima;243,3;BR-364/MT;Sul;Colisão Traseira;2;1;1;;;;1
08/05/2016;15:52:00;273;sem vítima;238,5;BR-364/MT;Norte;Colisão Lateral;1;2;;;;;1
08/05/2016;18:48:00;327;sem vítima;504;BR-070/MT;Norte;Colisão Transversal;1;2;;;;;1
09/05/2016;06:20:00;48;com vítima;97;BR-163/MT;Sul;Tombamento;1;0;1;;;;1
09/05/2016;16:01:00;295;sem vítima;202,9;BR-364/MT;Sul;Colisão Lateral;1;2;;;;;1
09/05/2016;13:09:00;229;sem vítima;254,5;BR-364/MT;Sul;Tombamento;1;1;;;;;1
09/05/2016;16:37:00;310;com vítima;536;BR-163/MT;Sul;Colisão Traseira;1;1;1;2;;;2
09/05/2016;14:40:00;266;sem vítima;831,5;BR-163/MT;Sul;Colisão Lateral;1;2;;;;;1
10/05/2016;14:39:00;255;com vítima;32;BR-163/MT;Norte;Tombamento;1;0;2;;;;1
10/05/2016;15:14:00;267;sem vítima;236;BR-364/MT;Sul;Colisão Lateral;2;2;;;;;1
10/05/2016;18:12:00;317;sem vítima;326;BR-364/MT;Norte;Colisão Lateral;2;2;;;;;1
10/05/2016;09:47:00;146;sem vítima;831,5;BR-163/MT;Norte;Colisão Lateral;1;2;;;;;1
11/05/2016;11:24:00;194;sem vítima;272;BR-364/MT;Norte;Saida de Pista;1;1;;;;;1
11/05/2016;15:51:00;273;sem vítima;746;BR-163/MT;Norte;Colisão Lateral;1;2;;;;;1
12/05/2016;04:17:00;37;sem vítima;103;BR-163/MT;Sul;Tombamento;1;1;;;;;1
12/05/2016;14:15:00;257;sem vítima;308;BR-364/MT;Sul;Colisão Lateral;2;2;;;;;1
12/05/2016;02:59:00;24;sem vítima;663;BR-163/MT;Sul;Colisão Lateral;1;2;;;;;1
12/05/2016;06:40:00;53;sem vítima;119;BR-163/MT;Sul;Colisão Transversal;1;2;;;;;1
13/05/2016;12:18:00;213;com vítima;349;BR-364/MT;Norte;Tombamento;1;0;1;;;;1
13/05/2016;07:29:00;78;com vítima;582;BR-163/MT;Sul;Colisão Lateral;1;4;2;;;;1
14/05/2016;06:38:00;61;com vítima;205,8;BR-364/MT;Norte;Colisão Lateral;1;1;;;1;;2
14/05/2016;17:40:00;250;sem vítima;514;BR-070/MT;Norte;Colisão Transversal;1;3;;;;;1
14/05/2016;15:05:00;215;sem vítima;563,4;BR-364/MT;Sul;Tombamento;1;1;;;;;1
14/05/2016;14:15:00;197;sem vítima;610;BR-163/MT;Norte;Colisão Lateral;1;3;;;;;1
15/05/2016;12:38:00;168;com vítima;301,2;BR-364/MT;Sul;Colisão Frontal;3;3;;;1;1;3
15/05/2016;16:30:00;232;sem vítima;301,3;BR-364/MT;Norte;Colisão Traseira;2;4;;;;;1
15/05/2016;12:10:00;177;sem vítima;322;BR-364/MT;Sul;Colisão Traseira;2;2;;;;;1
16/05/2016;11:04:00;182;sem vítima;393;BR-364/MT;Norte;Tombamento;1;2;;;;;1
16/05/2016;09:44:00;151;sem vítima;537,5;BR-364/MT;Sul;Colisão Lateral;2;2;;;;;1
17/05/2016;06:40:00;55;sem vítima;233;BR-364/MT;Norte;Saida de Pista;1;1;;;;;1
18/05/2016;19:52:00;312;com vítima;118;BR-163/MT;Sul;Colisão Frontal;1;1;;1;;;2
18/05/2016;09:05:00;108;sem vítima;325;BR-364/MT;Norte;Colisão Traseira;2;2;;;;;1
19/05/2016;08:08:00;108;sem vítima;228,5;BR-364/MT;Sul;Engavetamento;3;3;;;;;1
19/05/2016;08:14:00;114;sem vítima;231;BR-364/MT;Sul;Colisão Traseira;1;5;;;;;1
19/05/2016;15:29:00;277;com vítima;249;BR-364/MT;Sul;Colisão Traseira;2;1;1;;;;1
19/05/2016;20:30:00;350;com vítima;305;BR-364/MT;Sul;Colisão Frontal;2;0;1;;;1;3
19/05/2016;08:30:00;120;sem vítima;466;BR-364/MT;Norte;Colisão Traseira;1;6;;;;;1
19/05/2016;15:30:00;287;sem vítima;596,5;BR-163/MT;Norte;Colisão Transversal;1;5;;;;;1
19/05/2016;19:05:00;330;com vítima;844,5;BR-163/MT;Norte;Saida de Pista;1;0;1;;;;1
20/05/2016;19:52:00;362;sem vítima;271;BR-364/MT;Norte;Colisão Lateral;1;2;;;;;1
20/05/2016;22:34:00;395;sem vítima;378,1;BR-364/MT;Norte;Colisão Traseira;1;3;;;;;1
20/05/2016;16:16:00;294;sem vítima;513,5;BR-163/MT;Norte;Colisão Lateral;1;3;;;;;1
20/05/2016;22:23:00;392;sem vítima;547;BR-163/MT;Sul;Colisão Traseira;1;2;;;;;1
20/05/2016;07:06:00;66;sem vítima;833;BR-163/MT;Sul;Colisão Traseira;1;3;;;;;1
21/05/2016;06:52:00;61;com vítima;339,3;BR-364/MT;Sul;Colisão Frontal;5;3;;;1;1;3