data;horario;n_da_ocorrencia;tipo_de_ocorrencia;km;trecho;sentido;tipo_de_acidente;caminhao;ilesos;levemente_feridos;moderadamente_feridos;gravemente_feridos;mortos;3
21/05/2016;09:22:00;111;com vítima;505;BR-070/MT;Sul;Colisão Frontal;1;2;;;;1;3
22/05/2016;18:54:00;259;com vítima;31,1;BR-163/MT;Norte;Colisão Traseira;2;3;;;;1;3
22/05/2016;11:01:00;129;sem vítima;244;BR-364/MT;Norte;Engavetamento;3;3;;;;;1
22/05/2016;10:45:00;122;sem vítima;309;BR-364/MT;Sul;Colisão Traseira;2;2;;;;;1
22/05/2016;05:15:00;48;sem vítima;464;BR-364/MT;Sul;Colisão Traseira;3;3;;;;;1
22/05/2016;15:16:00;204;sem vítima;575;BR-364/MT;Norte;Colisão Traseira;1;3;;;;;1
23/05/2016;13:03:00;222;sem vítima;233,1;BR-364/MT;Norte;Colisão Lateral;2;2;;;;;1
23/05/2016;06:30:00;59;sem vítima;466;BR-364/MT;Sul;Colisão Lateral;1;4;;;;;1
24/05/2016;09:23:00;127;sem vítima;202,9;BR-364/MT;Norte;Engavetamento;3;3;;;;;1
24/05/2016;16:55:00;300;sem vítima;258;BR-364/MT;Norte;Colisão Transversal;1;2;;;;;1
24/05/2016;18:30:00;326;sem vítima;309;BR-364/MT;Norte;Colisão Traseira;1;3;;;;;1
24/05/2016;15:50:00;281;sem vítima;339,3;BR-364/MT;Norte;Colisão Traseira;2;2;;;;;1
24/05/2016;10:20:00;156;com vítima;498;BR-364/MT;Norte;Colisão Traseira;1;2;1;;;;1
24/05/2016;08:06:00;84;sem vítima;513;BR-070/MT;Norte;Colisão Traseira;2;2;;;;;1
24/05/2016;07:18:00;70;sem vítima;594,3;BR-163/MT;Norte;Colisão Lateral;2;3;;;;;1
25/05/2016;10:03:00;142;sem vítima;497,4;BR-070/MT;Sul;Colisão Traseira;2;2;;;;;1
25/05/2016;15:32:00;271;sem vítima;516;BR-163/MT;Norte;Colisão Traseira;1;2;;;;;1
25/05/2016;20:22:00;370;sem vítima;589;BR-163/MT;Sul;Colisão Frontal;1;2;;;;;1
26/05/2016;20:18:00;311;sem vítima;805;BR-163/MT;Norte;Colisão Traseira;1;2;;;;;1
27/05/2016;21:38:00;302;com vítima;514;BR-070/MT;Sul;Colisão Transversal;1;4;1;;;;1
27/05/2016;06:06:00;44;com vítima;539,3;BR-163/MT;Norte;Tombamento;1;0;;1;;;2
27/05/2016;08:11:00;76;sem vítima;829;BR-163/MT;Norte;Colisão Transversal;1;2;;;;;1
29/05/2016;07:37:00;67;com vítima;247,1;BR-364/MT;Sul;Colisão Lateral;2;3;1;1;;;2
29/05/2016;12:45:00;141;sem vítima;303;BR-364/MT;Sul;Tombamento;1;1;;;;;1
29/05/2016;10:02:00;116;sem vítima;566,5;BR-163/MT;Sul;Tombamento;1;1;;;;;1
30/05/2016;21:37:00;324;com vítima;220;BR-364/MT;Sul;Colisão Traseira;2;1;1;;;;1
30/05/2016;19:11:00;298;sem vítima;394;BR-364/MT;Norte;Atropelamento - Animal;1;1;;;;;1
30/05/2016;07:36:00;71;sem vítima;630;BR-163/MT;Norte;Colisão Lateral;1;2;;;;;1
30/05/2016;14:48:00;206;com vítima;846,5;BR-163/MT;Sul;Engavetamento;3;2;1;1;;;2
31/05/2016;11:06:00;192;sem vítima;262,9;BR-364/MT;Norte;Engavetamento;2;4;;;;;1
31/05/2016;20:42:00;338;sem vítima;272;BR-364/MT;Norte;Colisão Traseira;1;2;;;;;1
31/05/2016;09:54:00;159;sem vítima;602;BR-163/MT;Sul;Tombamento;1;1;;;;;1
01/06/2016;08:00:00;96;sem vítima;514;BR-070/MT;Norte;Colisão Transversal;1;3;;;;;1
01/06/2016;18:21:00;314;sem vítima;292;BR-364/MT;Norte;Colisão Lateral;1;4;;;;;1
01/06/2016;20:03:00;347;sem vítima;527;BR-364/MT;Norte;Engavetamento;3;3;;;;;1
02/06/2016;07:46:00;92;sem vítima;607;BR-163/MT;Norte;Colisão Lateral;1;3;;;;;1
02/06/2016;09:04:00;121;sem vítima;202;BR-364/MT;Norte;Colisão Traseira;1;2;;;;;1
02/06/2016;09:11:00;126;sem vítima;119;BR-163/MT;Norte;Colisão Traseira;1;2;;;;;1
02/06/2016;10:09:00;155;com vítima;95;BR-163/MT;Sul;Saida de Pista;3;2;1;;;;1
02/06/2016;12:25:00;190;com vítima;349;BR-364/MT;Norte;Choque - Talude;1;0;3;;;;1
02/06/2016;16:46:00;258;sem vítima;667,6;BR-163/MT;Norte;Saida de Pista;1;1;;;;;1
02/06/2016;18:04:00;277;sem vítima;688;BR-163/MT;Sul;Colisão Traseira;1;5;;;;;1
03/06/2016;07:20:00;94;sem vítima;293,9;BR-364/MT;Norte;Colisão Traseira;1;3;;;;;1
03/06/2016;08:30:00;119;sem vítima;750;BR-163/MT;Sul;Colisão Traseira;2;2;;;;;1
03/06/2016;08:32:00;121;com vítima;543,8;BR-364/MT;Sul;Atropelamento - Ciclista;1;1;;1;;;2
03/06/2016;12:28:00;204;sem vítima;668,5;BR-163/MT;Sul;Colisão Lateral;2;2;;;;;1
03/06/2016;14:34:00;253;com vítima;585;BR-163/MT;Norte;Colisão Frontal;2;0;;;1;2;3
03/06/2016;16:39:00;281;sem vítima;835;BR-163/MT;Sul;Colisão Transversal;1;4;;;;;1
03/06/2016;17:42:00;293;com vítima;349;BR-364/MT;Norte;Saida de Pista;1;0;;1;;;2
03/06/2016;21:01:00;344;com vítima;217;BR-364/MT;Norte;Saida de Pista;1;0;1;;;;1
03/06/2016;22:20:00;365;sem vítima;380;BR-364/MT;Norte;Colisão Traseira;2;2;;;;;1
04/06/2016;05:29:00;44;com vítima;642,8;BR-163/MT;Norte;Colisão Traseira;2;1;2;;;;1
04/06/2016;07:48:00;70;sem vítima;273,4;BR-364/MT;Sul;Colisão Traseira;1;2;;;;;1
06/06/2016;09:20:00;122;sem vítima;690,8;BR-163/MT;Sul;Colisão Lateral;1;3;;;;;1
06/06/2016;10:39:00;154;sem vítima;275;BR-364/MT;Norte;Colisão Lateral;1;2;;;;;1
06/06/2016;15:39:00;245;sem vítima;401;BR-364/MT;Norte;Colisão Lateral;1;3;;;;;1
06/06/2016;16:21:00;256;sem vítima;824;BR-163/MT;Sul;Colisão Lateral;2;2;;;;;1
06/06/2016;19:46:00;312;com vítima;840;BR-163/MT;Norte;Colisão Traseira;1;1;1;1;;;2
06/06/2016;21:04:00;332;com vítima;440;BR-364/MT;Norte;Saida de Pista;1;0;1;;;;1
07/06/2016;03:43:00;26;sem vítima;518;BR-070/MT;Norte;Saida de Pista;1;1;;;;;1
07/06/2016;05:41:00;41;com vítima;462;BR-364/MT;Sul;Colisão Lateral;2;1;;;;1;3
07/06/2016;08:04:00;75;sem vítima;338,39;BR-364/MT;Norte;Tombamento;1;2;;;;;1
07/06/2016;14:44:00;210;sem vítima;730;BR-163/MT;Norte;Saida de Pista;1;1;;;;;1
08/06/2016;10:20:00;163;sem vítima;842;BR-163/MT;Sul;Colisão Transversal;1;2;;;;;1
08/06/2016;16:54:00;275;sem vítima;493;BR-364/MT;Sul;Colisão Traseira;2;2;;;;;1
09/06/2016;07:29:00;92;sem vítima;681;BR-163/MT;Sul;Colisão Traseira;3;3;;;;;1
09/06/2016;10:14:00;175;sem vítima;511;BR-070/MT;Norte;Engavetamento;3;6;;;;;1
09/06/2016;10:50:00;191;sem vítima;261;BR-364/MT;Sul;Engavetamento;3;4;;;;;1
09/06/2016;14:10:00;239;sem vítima;513;BR-070/MT;Sul;Colisão Transversal;1;4;;;;;1
09/06/2016;16:05:00;270;sem vítima;581;BR-364/MT;Norte;Tombamento;1;1;;;;;1
09/06/2016;18:45:00;314;sem vítima;331;BR-364/MT;Sul;Colisão Lateral;1;2;;;;;1
10/06/2016;08:45:00;127;sem vítima;688,5;BR-163/MT;Sul;Colisão Transversal;2;3;;;;;1
10/06/2016;11:12:00;189;sem vítima;579;BR-364/MT;Sul;Colisão Traseira;2;2;;;;;1
10/06/2016;14:12:00;243;com vítima;347,7;BR-364/MT;Sul;Tombamento;1;1;1;;;;1
10/06/2016;15:20:00;252;sem vítima;13,7;BR-163/MT;Sul;Tombamento;1;1;;;;;1
10/06/2016;21:17:00;341;com vítima;606,5;BR-163/MT;Sul;Colisão Traseira;1;4;1;;;;1
11/06/2016;01:33:00;8;com vítima;356,8;BR-364/MT;Sul;Saida de Pista;1;0;;;;1;3
11/06/2016;09:37:00;114;sem vítima;338,5;BR-364/MT;Norte;Colisão Traseira;2;4;;;;;1
11/06/2016;16:40:00;243;sem vítima;11,3;BR-163/MT;Sul;Colisão Lateral;1;2;;;;;1
11/06/2016;19:07:00;276;com vítima;522;BR-070/MT;Sul;Colisão Lateral;1;1;1;;;;1
12/06/2016;05:22:00;69;sem vítima;214,4;BR-364/MT;Norte;Colisão Traseira;2;2;;;;;1
12/06/2016;11:31:00;163;sem vítima;346;BR-364/MT;Sul;Colisão Lateral;2;5;;;;;1
12/06/2016;16:23:00;233;com vítima;205,9;BR-364/MT;Norte;Colisão Traseira;1;1;1;1;;;2
12/06/2016;20:29:00;283;sem vítima;6;BR-163/MT;Sul;Colisão Traseira;2;2;;;;;1
12/06/2016;21:13:00;291;sem vítima;518;BR-163/MT;Norte;Colisão Traseira;1;3;;;;;1
13/06/2016;08:20:00;105;sem vítima;514;BR-070/MT;Norte;Colisão Transversal;1;3;;;;;1
13/06/2016;12:28:00;211;sem vítima;580,5;BR-364/MT;Norte;Tombamento;1;1;;;;;1
13/06/2016;19:34:00;327;com vítima;803;BR-163/MT;Norte;Colisão Transversal;1;3;3;;1;;2
14/06/2016;10:31:00;152;sem vítima;831,5;BR-163/MT;Norte;Colisão Lateral;1;2;;;;;1
14/06/2016;10:52:00;163;sem vítima;827;BR-163/MT;Sul;Colisão Lateral;1;2;;;;;1
14/06/2016;13:53:00;215;sem vítima;630,5;BR-163/MT;Sul;Colisão Traseira;2;2;;;;;1
14/06/2016;15:56:00;264;com vítima;613,5;BR-163/MT;Norte;Colisão Lateral;1;1;1;;;;1
14/06/2016;16:03:00;266;sem vítima;540,1;BR-364/MT;Norte;Colisão Traseira;2;2;;;;;1
14/06/2016;17:48:00;298;sem vítima;259,8;BR-364/MT;Norte;Saida de Pista;1;2;;;;;1
14/06/2016;17:41:00;299;sem vítima;813,5;BR-163/MT;Norte;Colisão Traseira;2;3;;;;;1
15/06/2016;13:25:00;226;sem vítima;621;BR-163/MT;Sul;Colisão Traseira;2;2;;;;;1
15/06/2016;19:01:00;361;com vítima;280;BR-364/MT;Sul;Colisão Traseira;1;2;1;;;;1
16/06/2016;08:55:00;148;sem vítima;383,1;BR-364/MT;Norte;Engavetamento;1;6;;;;;1
16/06/2016;10:15:00;191;sem vítima;524;BR-364/MT;Norte;Colisão Transversal;1;3;;;;;1
16/06/2016;14:04:00;277;sem vítima;753,7;BR-163/MT;Sul;Colisão Transversal;2;2;;;;;1
16/06/2016;14:50:00;296;sem vítima;472,4;BR-364/MT;Norte;Saida de Pista;1;1;;;;;1
17/06/2016;11:26:00;215;com vítima;680,9;BR-163/MT;Sul;Colisão Lateral;3;2;1;;;;1
17/06/2016;15:10:00;283;com vítima;561,3;BR-364/MT;Norte;Colisão Transversal;1;1;;;;1;3
17/06/2016;17:10:00;318;sem vítima;627;BR-163/MT;Sul;Colisão Traseira;1;2;;;;;1
18/06/2016;14:53:00;231;com vítima;786,7;BR-163/MT;Norte;Colisão Transversal;1;1;1;;2;;2
19/06/2016;07:59:00;105;sem vítima;209;BR-364/MT;Sul;Colisão Traseira;1;1;;;;;1
19/06/2016;08:11:00;110;com vítima;271;BR-364/MT;Sul;Colisão Lateral;1;1;1;;;;1
19/06/2016;15:04:00;220;com vítima;271;BR-364/MT;Sul;Colisão Transversal;1;0;1;;;2;3
19/06/2016;15:50:00;227;com vítima;854;BR-163/MT;Norte;Colisão Lateral;1;1;;1;;;2
19/06/2016;21:38:00;322;sem vítima;398;BR-364/MT;Sul;Colisão Traseira;2;2;;;;;1
20/06/2016;05:11:00;42;sem vítima;503;BR-070/MT;Norte;Saida de Pista;1;1;;;;;1
20/06/2016;09:34:00;130;sem vítima;33,6;BR-163/MT;Norte;Colisão Traseira;1;6;;;;;1
20/06/2016;14:01:00;233;sem vítima;202,5;BR-364/MT;Sul;Colisão Transversal;1;3;;;;;1
20/06/2016;14:42:00;247;sem vítima;618,2;BR-163/MT;Sul;Colisão Traseira;2;2;;;;;1
21/06/2016;06:50:00;67;com vítima;349,6;BR-364/MT;Norte;Choque - Talude;1;0;;;;1;3
21/06/2016;08:42:00;104;sem vítima;383;BR-364/MT;Sul;Colisão Traseira;1;3;;;;;1
21/06/2016;15:20:00;260;sem vítima;527;BR-364/MT;Norte;Engavetamento;6;6;;;;;1
21/06/2016;22:56:00;360;sem vítima;93;BR-163/MT;Norte;Tombamento;1;1;;;;;1
22/06/2016;15:01:00;221;sem vítima;599,1;BR-163/MT;Sul;Colisão Transversal;1;2;;;;;1
22/06/2016;17:08:00;274;sem vítima;530;BR-163/MT;Norte;Colisão Traseira;2;2;;;;;1
22/06/2016;17:29:00;282;sem vítima;357;BR-364/MT;Norte;Colisão Traseira;2;3;;;;;1
22/06/2016;23:23:00;378;com vítima;629;BR-163/MT;Norte;Colisão Traseira;1;3;1;;;;1
23/06/2016;07:18:00;62;sem vítima;834;BR-163/MT;Sul;Colisão Lateral;1;2;;;;;1
23/06/2016;15:45:00;259;sem vítima;782,3;BR-163/MT;Norte;Colisão Traseira;2;3;;;;;1
23/06/2016;17:12:00;286;sem vítima;347;BR-364/MT;Sul;Colisão Traseira;2;3;;;;;1
24/06/2016;00:59:00;16;sem vítima;100;BR-163/MT;Sul;Saida de Pista;1;1;;;;;1
24/06/2016;08:20:00;97;sem vítima;512,3;BR-163/MT;Sul;Colisão Traseira;2;2;;;;;1
24/06/2016;10:04:00;147;sem vítima;243,725;BR-364/MT;Sul;Colisão Traseira;2;2;;;;;1
24/06/2016;10:45:00;162;sem vítima;712,8;BR-163/MT;Norte;Colisão Transversal;1;2;;;;;1
24/06/2016;15:10:00;240;sem vítima;688,5;BR-163/MT;Sul;Colisão Frontal;2;5;;;;;1
25/06/2016;04:44:00;38;com vítima;724,5;BR-163/MT;Sul;Colisão Frontal;1;2;;;;1;3
25/06/2016;08:36:00;84;sem vítima;837;BR-163/MT;Sul;Colisão Transversal;1;3;;;;;1
25/06/2016;10:41:00;119;sem vítima;728;BR-163/MT;Norte;Colisão Lateral;2;3;;;;;1
25/06/2016;11:20:00;131;com vítima;682,5;BR-163/MT;Sul;Tombamento;1;0;1;;;;1
25/06/2016;13:03:00;149;com vítima;609;BR-163/MT;Sul;Tombamento;1;0;;1;;;2
25/06/2016;15:38:00;198;sem vítima;829;BR-163/MT;Norte;Colisão Lateral;1;3;;;;;1
26/06/2016;07:09:00;63;com vítima;440;BR-364/MT;Sul;Tombamento;1;0;;2;;;2
26/06/2016;09:01:00;101;com vítima;349;BR-364/MT;Norte;Tombamento;1;0;;1;;;2
26/06/2016;16:11:00;233;com vítima;273;BR-364/MT;Norte;Tombamento;1;0;1;;;;1
26/06/2016;23:45:00;342;sem vítima;570;BR-364/MT;Norte;Saida de Pista;1;1;;;;;1
27/06/2016;11:26:00;161;sem vítima;753;BR-163/MT;Sul;Colisão Traseira;2;2;;;;;1
27/06/2016;21:13:00;344;com vítima;349;BR-364/MT;Norte;Tombamento;1;0;1;;;;1
28/06/2016;05:21:00;36;sem vítima;348;BR-364/MT;Sul;Saida de Pista;1;1;;;;;1
28/06/2016;06:04:00;40;sem vítima;507,1;BR-163/MT;Sul;Colisão Traseira;2;2;;;;;1
29/06/2016;02:32:00;23;sem vítima;381;BR-364/MT;Sul;Colisão Lateral;2;2;;;;;1
29/06/2016;09:12:00;117;com vítima;527;BR-163/MT;Sul;Colisão Lateral;1;1;2;;;;1
29/06/2016;14:14:00;217;sem vítima;498;BR-070/MT;Norte;Colisão Lateral;1;2;;;;;1
29/06/2016;17:02:00;268;sem vítima;617,3;BR-163/MT;Sul;Tombamento;1;1;;;;;1
29/06/2016;19:51:00;312;sem vítima;544;BR-163/MT;Norte;Tombamento;1;1;;;;;1
30/06/2016;10:16:00;140;sem vítima;342;BR-364/MT;Norte;Colisão Traseira;2;7;;;;;1
30/06/2016;10:56:00;158;sem vítima;271;BR-364/MT;Norte;Tombamento;1;1;;;;;1
30/06/2016;11:29:00;169;sem vítima;387,5;BR-364/MT;Norte;Colisão Lateral;1;3;;;;;1
30/06/2016;15:27:00;248;com vítima;831,5;BR-163/MT;Sul;Atropelamento - Ciclista;1;1;1;;;;1
30/06/2016;16:40:00;271;sem vítima;214;BR-364/MT;Norte;Colisão Traseira;1;3;;;;;1
30/06/2016;18:13:00;301;sem vítima;201;BR-364/MT;Norte;Colisão Traseira;1;3;;;;;1
01/07/2016;02:17:00;22;sem vítima;546;BR-163/MT;Sul;Tombamento;1;1;;;;;1
01/07/2016;03:30:00;30;com vítima;279;BR-364/MT;Norte;Colisão Traseira;2;1;;;1;;2
01/07/2016;10:33:00;139;com vítima;825;BR-163/MT;Sul;Colisão Lateral;1;1;;1;;;2
01/07/2016;11:38:00;163;sem vítima;234;BR-364/MT;Norte;Colisão Lateral;1;2;;;;;1
01/07/2016;12:08:00;173;sem vítima;307,2;BR-364/MT;Sul;Tombamento;1;1;;;;;1
01/07/2016;13:13:00;188;sem vítima;253;BR-364/MT;Sul;Engavetamento;3;5;;;;;1
02/07/2016;08:44:00;105;com vítima;400;BR-364/MT;Norte;Atropelamento - Ciclista;1;1;1;;;;1
02/07/2016;15:29:00;242;sem vítima;243;BR-364/MT;Sul;Colisão Traseira;2;2;;;;;1
02/07/2016;17:14:00;279;sem vítima;467,5;BR-364/MT;Norte;Engavetamento;3;4;;;;;1
03/07/2016;08:14:00;102;sem vítima;452;BR-364/MT;Sul;Colisão Traseira;2;3;;;;;1
03/07/2016;16:20:00;262;sem vítima;514,5;BR-070/MT;Sul;Colisão Traseira;2;3;;;;;1
03/07/2016;16:34:00;269;sem vítima;510;BR-364/MT;Sul;Colisão Traseira;2;2;;;;;1
03/07/2016;22:44:00;360;sem vítima;341;BR-364/MT;Sul;Saida de Pista;1;1;;;;;1
04/07/2016;06:37:00;44;sem vítima;276;BR-364/MT;Norte;Colisão Traseira;2;2;;;;;1
04/07/2016;08:57:00;100;com vítima;524;BR-070/MT;Norte;Engavetamento;2;2;1;;;;1
04/07/2016;09:02:00;103;sem vítima;524;BR-070/MT;Norte;Colisão Traseira;2;2;;;;;1
04/07/2016;16:02:00;271;sem vítima;526,5;BR-364/MT;Sul;Colisão Traseira;2;2;;;;;1
04/07/2016;18:09:00;308;com vítima;494;BR-364/MT;Norte;Colisão Lateral;1;1;;1;;;2
04/07/2016;22:30:00;368;com vítima;518;BR-364/MT;Sul;Colisão Frontal;1;1;;;;1;3
05/07/2016;10:54:00;165;sem vítima;343;BR-364/MT;Norte;Colisão Traseira;2;2;;;;;1
05/07/2016;13:53:00;219;sem vítima;504;BR-364/MT;Sul;Colisão Traseira;2;6;;;;;1
05/07/2016;15:30:00;255;sem vítima;753;BR-163/MT;Sul;Colisão Transversal;1;4;;;;;1
05/07/2016;17:52:00;298;com vítima;470;BR-364/MT;Sul;Colisão Frontal;2;0;;2;;2;3
06/07/2016;16:27:00;285;sem vítima;829;BR-163/MT;Norte;Colisão Transversal;2;2;;;;;1
06/07/2016;19:38:00;329;sem vítima;828;BR-163/MT;Sul;Colisão Lateral;1;2;;;;;1
07/07/2016;09:31:00;129;sem vítima;524;BR-364/MT;Norte;Tombamento;1;1;;;;;1
07/07/2016;16:59:00;271;sem vítima;698;BR-163/MT;Norte;Colisão Transversal;1;2;;;;;1
07/07/2016;17:11:00;279;sem vítima;118;BR-163/MT;Norte;Colisão Lateral;1;3;;;;;1
07/07/2016;21:32:00;339;com vítima;787;BR-163/MT;Norte;Colisão Transversal;1;1;1;;;;1
08/07/2016;08:36:00;102;com vítima;575;BR-163/MT;Sul;Colisão Traseira;1;1;1;;;;1
08/07/2016;10:29:00;159;sem vítima;667;BR-163/MT;Norte;Colisão Traseira;2;2;;;;;1
08/07/2016;11:46:00;185;com vítima;397;BR-364/MT;Sul;Colisão Transversal;1;1;;1;;;2
08/07/2016;15:05:00;265;sem vítima;209,24;BR-364/MT;Norte;Saida de Pista;1;1;;;;;1
08/07/2016;15:28:00;271;sem vítima;617;BR-163/MT;Sul;Colisão Traseira;1;2;;;;;1
08/07/2016;15:46:00;278;com vítima;837;BR-163/MT;Sul;Colisão Transversal;1;1;;1;;;2
09/07/2016;00:22:00;6;com vítima;516;BR-070/MT;Norte;Colisão Transversal;1;1;1;;;;1
09/07/2016;09:00:00;107;com vítima;826;BR-163/MT;Sul;Colisão Lateral;1;1;1;;;;1
09/07/2016;13:22:00;187;sem vítima;342,2;BR-364/MT;Sul;Colisão Traseira;2;2;;;;;1
09/07/2016;22:10:00;358;com vítima;787;BR-163/MT;Norte;Colisão Traseira;1;2;1;;;1;3
10/07/2016;04:19:00;34;sem vítima;345;BR-364/MT;Sul;Tombamento;1;1;;;;;1
10/07/2016;05:15:00;44;com vítima;598,5;BR-163/MT;Norte;Choque - Veiculo parado no acostamento;1;1;1;;;;1
10/07/2016;11:52:00;144;com vítima;350;BR-364/MT;Norte;Colisão Traseira;2;1;1;;;1;3
10/07/2016;22:19:00;316;sem vítima;364;BR-364/MT;Norte;Atropelamento - Animal;1;1;;;;;1
11/07/2016;06:40:00;41;com vítima;247,427;BR-364/MT;Norte;Colisão Frontal;1;1;;1;;;2
11/07/2016;07:37:00;60;com vítima;511;BR-070/MT;Norte;Engavetamento;3;3;1;;;;1
11/07/2016;11:03:00;142;com vítima;79,925;BR-163/MT;Sul;Tombamento;1;0;;2;;;2
11/07/2016;13:40:00;188;com vítima;504;BR-070/MT;Sul;Tombamento;1;0;2;;;;1
11/07/2016;14:53:00;219;sem vítima;254,409;BR-364/MT;Sul;Engavetamento;3;3;;;;;1
11/07/2016;17:43:00;277;sem vítima;294;BR-364/MT;Norte;Colisão Transversal;1;2;;;;;1
12/07/2016;06:11:00;44;sem vítima;296,5;BR-364/MT;Norte;Colisão Lateral;2;2;;;;;1
12/07/2016;11:37:00;170;com vítima;610;BR-163/MT;Sul;Colisão Traseira;2;1;;;;1;3
12/07/2016;13:03:00;192;sem vítima;524,5;BR-364/MT;Sul;Colisão Traseira;2;2;;;;;1
12/07/2016;13:48:00;204;sem vítima;80;BR-163/MT;Norte;Colisão Traseira;1;4;;;;;1
13/07/2016;08:33:00;120;com vítima;277,1;BR-364/MT;Sul;Tombamento;1;0;;1;;;2
13/07/2016;09:26:00;138;sem vítima;577;BR-163/MT;Sul;Engavetamento;2;8;;;;;1
13/07/2016;10:03:00;152;sem vítima;579;BR-163/MT;Sul;Colisão Traseira;2;2;;;;;1
13/07/2016;10:53:00;166;sem vítima;442;BR-364/MT;Sul;Choque - Objeto sobre a pista;2;2;;;;;1
14/07/2016;11:07:00;188;com vítima;496;BR-070/MT;Norte;Colisão Traseira;2;1;1;;;;1
14/07/2016;15:21:00;272;sem vítima;459;BR-364/MT;Sul;Colisão Traseira;1;6;;;;;1
14/07/2016;15:25:00;276;com vítima;747;BR-163/MT;Norte;Colisão Transversal;1;2;;1;;;2
15/07/2016;03:36:00;25;sem vítima;98,462;BR-163/MT;Norte;Colisão Traseira;1;2;;;;;1
15/07/2016;08:48:00;129;com vítima;574;BR-364/MT;Norte;Colisão Lateral;4;3;;1;;;2
16/07/2016;07:11:00;70;com vítima;206;BR-364/MT;Sul;Colisão Transversal;1;1;1;;;;1
16/07/2016;14:16:00;216;sem vítima;467;BR-364/MT;Sul;Tombamento;1;1;;;;;1
17/07/2016;05:49:00;37;com vítima;305,1;BR-364/MT;Sul;Engavetamento;4;4;1;;1;;2
18/07/2016;16:50:00;231;sem vítima;247;BR-364/MT;Sul;Colisão Traseira;1;4;;;;;1
18/07/2016;17:07:00;235;sem vítima;746,2;BR-163/MT;Sul;Tombamento;1;1;;;;;1
18/07/2016;18:03:00;248;sem vítima;832,8;BR-163/MT;Sul;Colisão Traseira;1;2;;;;;1
19/07/2016;13:07:00;172;sem vítima;294;BR-364/MT;Sul;Engavetamento;3;19;;;;;1
19/07/2016;14:12:00;189;sem vítima;720;BR-163/MT;Norte;Colisão Traseira;1;5;;;;;1
19/07/2016;17:44:00;242;sem vítima;598;BR-163/MT;Norte;Saida de Pista;1;2;;;;;1
20/07/2016;10:13:00;125;sem vítima;512;BR-364/MT;Norte;Colisão Traseira;2;2;;;;;1
20/07/2016;10:27:00;132;sem vítima;97;BR-163/MT;Norte;Tombamento;1;1;;;;;1
20/07/2016;14:33:00;196;sem vítima;598;BR-163/MT;Sul;Colisão Transversal;1;4;;;;;1
20/07/2016;17:19:00;250;sem vítima;841;BR-163/MT;Sul;Saida de Pista;1;1;;;;;1
21/07/2016;10:36:00;166;sem vítima;666;BR-163/MT;Sul;Engavetamento;4;6;;;;;1
21/07/2016;11:09:00;181;sem vítima;670,5;BR-163/MT;Sul;Colisão Traseira;2;2;;;;;1
21/07/2016;15:48:00;264;com vítima;400,6;BR-364/MT;Norte;Colisão Transversal;1;2;1;;;;1
22/07/2016;11:42:00;155;sem vítima;746,2;BR-163/MT;Sul;Colisão Traseira;1;3;;;;;1
22/07/2016;12:01:00;157;com vítima;267,2;BR-364/MT;Sul;Colisão Lateral;1;2;;;;1;3
22/07/2016;15:24:00;222;sem vítima;210;BR-364/MT;Sul;Tombamento;1;1;;;;;1
23/07/2016;00:41:00;4;com vítima;452;BR-364/MT;Norte;Colisão Traseira;2;1;1;1;;;2
23/07/2016;10:19:00;117;com vítima;397;BR-364/MT;Sul;Colisão Transversal;1;2;1;;;;1
23/07/2016;11:44:00;144;sem vítima;267,8;BR-364/MT;Sul;Colisão Traseira;2;2;;;;;1
23/07/2016;15:52:00;201;com vítima;266;BR-364/MT;Norte;Tombamento;1;0;1;;;;1
24/07/2016;14:43:00;214;com vítima;84;BR-163/MT;Norte;Colisão Traseira;1;1;1;1;;;2
25/07/2016;12:10:00;162;sem vítima;86,5;BR-163/MT;Norte;Choque - Objeto sobre a pista;1;1;;;;;1
25/07/2016;14:41:00;192;sem vítima;38,7;BR-163/MT;Sul;Tombamento;1;1;;;;;1
25/07/2016;15:42:00;221;sem vítima;201;BR-364/MT;Norte;Colisão Traseira;1;2;;;;;1
26/07/2016;07:03:00;55;com vítima;471,5;BR-364/MT;Sul;Colisão Frontal;2;0;1;;;1;3
26/07/2016;12:54:00;171;sem vítima;598;BR-163/MT;Sul;Colisão Traseira;1;2;;;;;1
26/07/2016;15:55:00;234;sem vítima;516;BR-163/MT;Norte;Engavetamento;1;5;;;;;1
27/07/2016;03:27:00;30;sem vítima;829;BR-163/MT;Sul;Saida de Pista;1;1;;;;;1
27/07/2016;09:23:00;109;sem vítima;401;BR-364/MT;Sul;Colisão Transversal;1;2;;;;;1
27/07/2016;15:10:00;208;sem vítima;258,575;BR-364/MT;Norte;Colisão Transversal;1;4;;;;;1
27/07/2016;15:20:00;212;sem vítima;400,05;BR-364/MT;Sul;Colisão Lateral;2;2;;;;;1