data;horario;n_da_ocorrencia;tipo_de_ocorrencia;km;trecho;sentido;tipo_de_acidente;caminhao;ilesos;levemente_feridos;moderadamente_feridos;gravemente_feridos;mortos;3
28/07/2016;11:03:00;170;sem vítima;634;BR-163/MT;Sul;Tombamento;1;1;;;;;1
28/07/2016;12:38:00;212;com vítima;268;BR-364/MT;Norte;Colisão Traseira;2;2;;;1;1;3
28/07/2016;14:57:00;261;sem vítima;338;BR-364/MT;Sul;Saida de Pista;1;1;;;;;1
28/07/2016;17:03:00;300;sem vítima;242,3;BR-364/MT;Sul;Colisão Traseira;2;3;;;;;1
28/07/2016;16:59:00;311;sem vítima;550,3;BR-163/MT;Sul;Tombamento;1;1;;;;;1
28/07/2016;21:24:00;384;sem vítima;454,5;BR-364/MT;Norte;Colisão Traseira;1;16;;;;;1
29/07/2016;10:09:00;160;sem vítima;397;BR-364/MT;Norte;Colisão Traseira;1;2;;;;;1
29/07/2016;14:12:00;245;sem vítima;530,5;BR-364/MT;Sul;Colisão Traseira;2;2;;;;;1
29/07/2016;15:17:00;264;sem vítima;516;BR-070/MT;Norte;Colisão Traseira;2;2;;;;;1
29/07/2016;19:37:00;356;sem vítima;33,6;BR-163/MT;Sul;Colisão Traseira;2;3;;;;;1
30/07/2016;09:44:00;120;sem vítima;537,9;BR-364/MT;Sul;Engavetamento;4;5;;;;;1
30/07/2016;10:01:00;128;sem vítima;307;BR-364/MT;Norte;Colisão Traseira;2;2;;;;;1
30/07/2016;13:47:00;206;sem vítima;401;BR-364/MT;Sul;Colisão Traseira;1;3;;;;;1
31/07/2016;14:14:00;201;com vítima;582;BR-163/MT;Sul;Tombamento;1;0;1;;;;1
31/07/2016;18:00:00;257;com vítima;519;BR-070/MT;Norte;Colisão Frontal;1;1;;;;1;3
31/07/2016;20:07:00;286;sem vítima;237,5;BR-364/MT;Sul;Colisão Lateral;2;3;;;;;1
01/08/2016;15:05:00;225;sem vítima;486,38;BR-364/MT;Norte;Colisão Traseira;2;2;;;;;1
02/08/2016;07:08:00;59;com vítima;203,7;BR-364/MT;Norte;Colisão Lateral;1;1;1;;;;1
02/08/2016;07:53:00;79;sem vítima;549,107;BR-163/MT;Norte;Tombamento;1;1;;;;;1
02/08/2016;13:36:00;197;com vítima;347,2;BR-364/MT;Norte;Colisão Traseira;2;1;1;;;;1
02/08/2016;15:05:00;220;sem vítima;204;BR-364/MT;Sul;Colisão Lateral;2;2;;;;;1
02/08/2016;20:08:00;313;com vítima;14,04;BR-163/MT;Norte;Atropelamento - Usuário;1;1;;;;1;3
03/08/2016;06:52:00;66;sem vítima;275,45;BR-364/MT;Sul;Colisão Traseira;2;3;;;;;1
03/08/2016;07:50:00;88;sem vítima;308,179;BR-364/MT;Norte;Colisão Traseira;2;2;;;;;1
03/08/2016;10:03:00;159;sem vítima;387,7;BR-364/MT;Norte;Engavetamento;2;3;;;;;1
03/08/2016;11:08:00;182;com vítima;463,56;BR-364/MT;Norte;Colisão Traseira;2;1;1;;;;1
03/08/2016;15:46:00;286;sem vítima;684,74;BR-163/MT;Norte;Colisão Transversal;1;3;;;;;1
03/08/2016;15:49:00;287;sem vítima;513,56;BR-070/MT;Norte;Colisão Traseira;1;2;;;;;1
04/08/2016;02:11:00;29;com vítima;349,675;BR-364/MT;Norte;Saida de Pista;1;0;;1;;;2
04/08/2016;06:28:00;53;com vítima;514,028;BR-070/MT;Norte;Colisão Transversal;1;3;1;;;;1
04/08/2016;14:50:00;341;com vítima;515,024;BR-070/MT;Norte;Saida de Pista;1;0;;;;1;3
04/08/2016;15:34:00;360;sem vítima;479,09;BR-364/MT;Norte;Colisão Traseira;1;4;;;;;1
04/08/2016;16:59:00;392;com vítima;579,25;BR-364/MT;Sul;Colisão Traseira;2;1;2;;;;1
05/08/2016;08:18:00;101;sem vítima;265,879;BR-364/MT;Sul;Colisão Lateral;3;3;;;;;1
05/08/2016;10:09:00;151;sem vítima;523,211;BR-070/MT;Sul;Colisão Transversal;1;2;;;;;1
05/08/2016;12:57:00;182;com vítima;308,337;BR-364/MT;Sul;Colisão Frontal;3;2;;1;;;2
05/08/2016;18:14:00;314;sem vítima;596,5;BR-163/MT;Sul;Colisão Transversal;1;4;;;;;1
05/08/2016;20:51:00;369;sem vítima;521,685;BR-163/MT;Norte;Saida de Pista;2;2;;;;;1
06/08/2016;02:08:00;29;com vítima;449,155;BR-364/MT;Sul;Engavetamento;3;2;1;;;;1
06/08/2016;08:08:00;91;sem vítima;592,59;BR-163/MT;Norte;Colisão Frontal;1;2;;;;;1
06/08/2016;11:05:00;140;sem vítima;347,918;BR-364/MT;Norte;Colisão Traseira;2;2;;;;;1
06/08/2016;11:59:00;156;com vítima;783,113;BR-163/MT;Norte;Colisão Lateral;1;5;4;;;;1
06/08/2016;17:20:00;253;sem vítima;540;BR-163/MT;Norte;Colisão Traseira;1;4;;;;;1
07/08/2016;06:10:00;42;com vítima;524;BR-070/MT;Norte;Colisão Transversal;1;1;2;;;;1
07/08/2016;07:15:00;57;sem vítima;495,665;BR-364/MT;Sul;Colisão Transversal;1;3;;;;;1
08/08/2016;13:42:00;195;com vítima;119,873;BR-163/MT;Norte;Colisão Lateral;1;0;1;;1;;2
08/08/2016;14:50:00;215;sem vítima;734,398;BR-163/MT;Sul;Colisão Lateral;1;4;;;;;1
09/08/2016;08:48:00;86;com vítima;593,832;BR-163/MT;Sul;Saida de Pista;1;1;1;;;;1
09/08/2016;10:36:00;133;com vítima;348,682;BR-364/MT;Norte;Colisão Traseira;2;1;;1;;;2
09/08/2016;11:10:00;145;sem vítima;639,31;BR-163/MT;Norte;Colisão Traseira;1;4;;;;;1
09/08/2016;13:51:00;190;sem vítima;587,051;BR-163/MT;Norte;Colisão Lateral;2;2;;;;;1
09/08/2016;18:34:00;286;sem vítima;627,95;BR-163/MT;Norte;Colisão Traseira;2;2;;;;;1
09/08/2016;20:36:00;330;sem vítima;854,159;BR-163/MT;Norte;Colisão Transversal;2;2;;;;;1
10/08/2016;10:25:00;149;com vítima;832,681;BR-163/MT;Sul;Colisão Lateral;1;1;1;;;;1
10/08/2016;13:44:00;214;sem vítima;511,424;BR-070/MT;Norte;Engavetamento;3;3;;;;;1
10/08/2016;14:50:00;243;com vítima;558,974;BR-163/MT;Sul;Saida de Pista;1;0;1;;;;1
10/08/2016;15:07:00;250;sem vítima;347,749;BR-364/MT;Sul;Colisão Lateral;2;2;;;;;1
10/08/2016;18:09:00;296;sem vítima;598,176;BR-163/MT;Sul;Colisão Transversal;1;4;;;;;1
10/08/2016;20:56:00;355;com vítima;209,526;BR-364/MT;Sul;Tombamento;1;0;1;;;;1
11/08/2016;06:47:00;44;com vítima;463,857;BR-364/MT;Norte;Colisão Transversal;2;1;;;;1;3
11/08/2016;07:08:00;53;sem vítima;327,843;BR-364/MT;Sul;Tombamento;1;1;;;;;1
11/08/2016;07:13:00;56;sem vítima;756,182;BR-163/MT;Sul;Colisão Lateral;1;4;;;;;1
11/08/2016;08:56:00;87;sem vítima;210,743;BR-364/MT;Sul;Colisão Traseira;2;2;;;;;1
11/08/2016;12:44:00;158;sem vítima;272,44;BR-364/MT;Norte;Tombamento;1;1;;;;;1
11/08/2016;15:46:00;218;sem vítima;469,669;BR-364/MT;Norte;Saida de Pista;1;1;;;;;1
12/08/2016;08:57:00;100;sem vítima;209,916;BR-364/MT;Sul;Colisão Lateral;1;2;;;;;1
12/08/2016;10:14:00;134;sem vítima;276,2;BR-364/MT;Sul;Colisão Traseira;1;2;;;;;1
12/08/2016;14:56:00;236;sem vítima;117,183;BR-163/MT;Sul;Colisão Transversal;1;4;;;;;1
13/08/2016;06:23:00;43;sem vítima;275;BR-364/MT;Sul;Colisão Traseira;1;2;;;;;1
13/08/2016;12:59:00;178;sem vítima;350,337;BR-364/MT;Norte;Tombamento;1;3;;;;;1
14/08/2016;13:24:00;142;sem vítima;439,672;BR-364/MT;Norte;Colisão Lateral;1;3;;;;;1
14/08/2016;15:58:00;196;sem vítima;543,756;BR-163/MT;Norte;Saida de Pista;1;1;;;;;1
14/08/2016;18:54:00;252;com vítima;605,48;BR-163/MT;Norte;Colisão Lateral;2;2;;;;1;3
15/08/2016;11:47:00;150;sem vítima;575;BR-364/MT;Norte;Tombamento;1;1;;;;;1
15/08/2016;11:54:00;151;com vítima;637,589;BR-163/MT;Sul;Engavetamento;1;7;1;;;;1
15/08/2016;14:28:00;184;sem vítima;347,282;BR-364/MT;Sul;Tombamento;1;1;;;;;1
15/08/2016;19:47:00;273;sem vítima;280,256;BR-364/MT;Sul;Colisão Transversal;1;24;;;;;1
16/08/2016;00:56:00;7;sem vítima;333,886;BR-364/MT;Sul;Tombamento;1;1;;;;;1
16/08/2016;05:52:00;43;com vítima;307,513;BR-364/MT;Sul;Colisão Frontal;2;1;;;;1;3
16/08/2016;07:46:00;70;com vítima;281,205;BR-364/MT;Sul;Colisão Frontal;3;2;1;1;;;2
16/08/2016;13:15:00;210;sem vítima;320,395;BR-364/MT;Sul;Colisão Traseira;2;2;;;;;1
16/08/2016;16:52:00;298;sem vítima;327,961;BR-364/MT;Sul;Tombamento;1;1;;;;;1
17/08/2016;03:24:00;40;com vítima;444,84;BR-364/MT;Sul;Colisão Transversal;1;1;1;;;1;3
17/08/2016;06:57:00;68;sem vítima;203;BR-364/MT;Norte;Colisão Traseira;2;4;;;;;1
17/08/2016;07:37:00;80;com vítima;511,665;BR-163/MT;Sul;Engavetamento;3;4;1;1;;;2
17/08/2016;12:43:00;183;sem vítima;502,092;BR-364/MT;Norte;Colisão Traseira;2;2;;;;;1
17/08/2016;16:56:00;268;sem vítima;613,805;BR-163/MT;Norte;Colisão Lateral;2;2;;;;;1
18/08/2016;00:45:00;12;sem vítima;398,323;BR-364/MT;Sul;Tombamento;1;1;;;;;1
18/08/2016;07:56:00;106;sem vítima;644,084;BR-163/MT;Norte;Colisão Traseira;2;2;;;;;1
18/08/2016;12:37:00;234;sem vítima;589,75;BR-163/MT;Norte;Tombamento;1;1;;;;;1
18/08/2016;12:40:00;237;com vítima;545,89;BR-364/MT;Norte;Saida de Pista;1;0;1;;;;1
18/08/2016;16:07:00;323;sem vítima;580,675;BR-163/MT;Sul;Tombamento;1;1;;;;;1
19/08/2016;10:12:00;138;com vítima;487,958;BR-364/MT;Sul;Colisão Traseira;1;1;;1;;;2
19/08/2016;20:22:00;310;sem vítima;316,265;BR-364/MT;Sul;Colisão Traseira;1;16;;;;;1
20/08/2016;05:47:00;38;sem vítima;281,01;BR-364/MT;Norte;Colisão Traseira;2;2;;;;;1
20/08/2016;10:34:00;120;com vítima;454,766;BR-364/MT;Sul;Colisão Frontal;3;1;1;2;2;;2
20/08/2016;12:41:00;151;com vítima;825,868;BR-163/MT;Sul;Atropelamento - Usuário;1;1;;;1;;2
20/08/2016;14:33:00;188;sem vítima;469,17;BR-364/MT;Sul;Colisão Traseira;2;2;;;;;1
20/08/2016;15:50:00;216;sem vítima;455,003;BR-364/MT;Sul;Engavetamento;3;3;;;;;1
20/08/2016;17:53:00;253;sem vítima;693,461;BR-163/MT;Norte;Choque - Veiculo parado na pista;1;4;;;;;1
20/08/2016;18:19:00;258;com vítima;103,84;BR-163/MT;Norte;Colisão Traseira;1;1;1;;;;1
20/08/2016;19:04:00;268;sem vítima;350,736;BR-364/MT;Norte;Colisão Traseira;1;3;;;;;1
21/08/2016;08:10:00;63;com vítima;439,449;BR-364/MT;Sul;Tombamento;1;0;;1;;;2
21/08/2016;20:43:00;257;com vítima;267,548;BR-364/MT;Sul;Colisão Transversal;1;1;2;;;;1
22/08/2016;16:23:00;233;com vítima;787,962;BR-163/MT;Sul;Colisão Traseira;1;6;1;2;;;2
22/08/2016;16:54:00;239;com vítima;398,704;BR-364/MT;Norte;Colisão Traseira;1;1;;1;;;2
22/08/2016;17:43:00;251;sem vítima;516,84;BR-163/MT;Norte;Colisão Lateral;1;5;;;;;1
22/08/2016;20:11:00;289;sem vítima;288,079;BR-364/MT;Sul;Colisão Traseira;2;2;;;;;1
23/08/2016;07:36:00;76;sem vítima;524;BR-070/MT;Norte;Colisão Traseira;1;2;;;;;1
23/08/2016;08:10:00;87;sem vítima;202,86;BR-364/MT;Norte;Tombamento;1;1;;;;;1
23/08/2016;08:32:00;98;sem vítima;573,763;BR-364/MT;Sul;Colisão Traseira;2;2;;;;;1
23/08/2016;20:18:00;304;com vítima;110,647;BR-163/MT;Norte;Colisão Traseira;2;3;;;;1;3
23/08/2016;21:03:00;311;com vítima;480,834;BR-364/MT;Norte;Colisão Frontal;2;0;;1;;1;3
24/08/2016;06:51:00;38;sem vítima;479;BR-364/MT;Norte;Colisão Traseira;2;2;;;;;1
24/08/2016;08:26:00;71;sem vítima;513,694;BR-070/MT;Norte;Colisão Traseira;1;3;;;;;1
24/08/2016;12:01:00;161;sem vítima;827,2;BR-163/MT;Sul;Colisão Transversal;1;2;;;;;1
24/08/2016;13:33:00;196;sem vítima;334,262;BR-364/MT;Sul;Saida de Pista;1;1;;;;;1
24/08/2016;16:04:00;244;sem vítima;754;BR-163/MT;Sul;Colisão Traseira;2;3;;;;;1
24/08/2016;20:54:00;305;com vítima;501;BR-070/MT;Norte;Colisão Traseira;1;1;1;;;;1
25/08/2016;08:43:00;100;com vítima;644,043;BR-163/MT;Norte;Engavetamento;4;2;;2;;;2
25/08/2016;09:46:00;127;sem vítima;514,348;BR-070/MT;Sul;Colisão Transversal;1;2;;;;;1
25/08/2016;14:12:00;213;com vítima;837,121;BR-163/MT;Norte;Colisão Transversal;1;1;;1;;;2
26/08/2016;04:03:00;37;com vítima;718,247;BR-163/MT;Norte;Colisão Frontal;1;1;;;;1;3
26/08/2016;07:48:00;79;sem vítima;400,793;BR-364/MT;Sul;Colisão Traseira;1;4;;;;;1
26/08/2016;09:16:00;116;sem vítima;715,225;BR-163/MT;Norte;Engavetamento;2;16;;;;;1
26/08/2016;12:46:00;192;sem vítima;119,781;BR-163/MT;Sul;Tombamento;1;1;;;;;1
26/08/2016;20:36:00;344;sem vítima;211,397;BR-364/MT;Norte;Tombamento;1;1;;;;;1
27/08/2016;09:50:00;127;sem vítima;519,462;BR-163/MT;Norte;Tombamento;1;1;;;;;1
27/08/2016;15:19:00;219;sem vítima;687;BR-163/MT;Norte;Colisão Traseira;1;2;;;;;1
27/08/2016;15:51:00;230;com vítima;244,207;BR-364/MT;Sul;Colisão Transversal;1;0;1;;;1;3
27/08/2016;22:53:00;321;sem vítima;435,793;BR-364/MT;Norte;Colisão Traseira;1;2;;;;;1
27/08/2016;23:45:00;328;sem vítima;313;BR-364/MT;Norte;Tombamento;1;1;;;;;1
27/08/2016;23:56:00;329;sem vítima;474,588;BR-364/MT;Sul;Tombamento;1;3;;;;;1
29/08/2016;13:49:00;190;sem vítima;579,792;BR-163/MT;Sul;Choque - Defensa, barreira ou "submarino";1;2;;;;;1
29/08/2016;14:17:00;197;sem vítima;518;BR-163/MT;Norte;Colisão Traseira;2;2;;;;;1
30/08/2016;07:38:00;79;sem vítima;329,6;BR-364/MT;Sul;Colisão Traseira;2;3;;;;;1
30/08/2016;08:54:00;114;sem vítima;349,816;BR-364/MT;Norte;Saida de Pista;1;1;;;;;1
30/08/2016;10:24:00;155;com vítima;532,5;BR-364/MT;Sul;Colisão Traseira;2;1;;2;;;2
30/08/2016;14:43:00;245;sem vítima;207,96;BR-364/MT;Norte;Colisão Lateral;1;3;;;;;1
30/08/2016;20:57:00;352;sem vítima;342,959;BR-364/MT;Sul;Colisão Traseira;2;2;;;;;1
31/08/2016;10:01:00;134;sem vítima;309,262;BR-364/MT;Norte;Engavetamento;3;4;;;;;1
31/08/2016;13:52:00;206;sem vítima;279;BR-364/MT;Norte;Colisão Traseira;1;5;;;;;1
31/08/2016;22:41:00;352;sem vítima;537,3;BR-364/MT;Norte;Colisão Transversal;2;2;;;;;1
01/09/2016;00:35:00;9;sem vítima;516;BR-070/MT;Norte;Choque - Poste;1;1;;;;;1
01/09/2016;10:07:00;159;sem vítima;304,146;BR-364/MT;Sul;Tombamento;1;1;;;;;1
01/09/2016;13:32:00;230;sem vítima;350,799;BR-364/MT;Norte;Saida de Pista;1;1;;;;;1
02/09/2016;12:07:00;147;sem vítima;328,8;BR-364/MT;Sul;Colisão Traseira;2;2;;;;;1
02/09/2016;12:45:00;160;sem vítima;495;BR-364/MT;Norte;Colisão Transversal;2;2;;;;;1
02/09/2016;13:23:00;168;com vítima;331,8;BR-364/MT;Sul;Colisão Frontal;2;1;;1;;;2
02/09/2016;14:13:00;181;sem vítima;638,33;BR-163/MT;Sul;Colisão Traseira;1;36;;;;;1
03/09/2016;04:36:00;41;sem vítima;337;BR-364/MT;Sul;Colisão Traseira;2;2;;;;;1
03/09/2016;05:26:00;51;sem vítima;374;BR-364/MT;Norte;Colisão Traseira;2;2;;;;;1
03/09/2016;07:28:00;73;sem vítima;401;BR-364/MT;Norte;Colisão Traseira;1;5;;;;;1
03/09/2016;09:27:00;111;sem vítima;826;BR-163/MT;Norte;Colisão Lateral;1;3;;;;;1
03/09/2016;17:02:00;232;sem vítima;273;BR-364/MT;Sul;Colisão Traseira;2;2;;;;;1
03/09/2016;17:48:00;248;com vítima;492;BR-364/MT;Norte;Colisão Transversal;1;1;;1;;;2
03/09/2016;19:28:00;267;sem vítima;754;BR-163/MT;Sul;Colisão Transversal;1;4;;;;;1
04/09/2016;10:25:00;97;sem vítima;765,1;BR-163/MT;Sul;Saida de Pista;1;1;;;;;1
04/09/2016;17:06:00;179;com vítima;694,3;BR-163/MT;Sul;Tombamento;1;1;;1;;;2
04/09/2016;17:36:00;189;sem vítima;255;BR-364/MT;Norte;Tombamento;1;1;;;;;1
04/09/2016;21:16:00;227;com vítima;208,3;BR-364/MT;Sul;Saida de Pista;1;0;1;1;;;2
05/09/2016;05:57:00;45;sem vítima;118,283;BR-163/MT;Sul;Colisão Lateral;1;2;;;;;1
05/09/2016;09:03:00;104;sem vítima;261,844;BR-364/MT;Norte;Tombamento;1;1;;;;;1
05/09/2016;09:34:00;122;sem vítima;827;BR-163/MT;Norte;Colisão Lateral;2;2;;;;;1
05/09/2016;17:54:00;268;com vítima;520,656;BR-070/MT;Sul;Colisão Frontal;1;1;;;;2;3
05/09/2016;18:53:00;281;sem vítima;539;BR-163/MT;Sul;Colisão Lateral;1;7;;;;;1
06/09/2016;09:06:00;95;sem vítima;609;BR-163/MT;Norte;Colisão Traseira;2;2;;;;;1
06/09/2016;10:08:00;115;com vítima;685,6;BR-163/MT;Norte;Colisão Transversal;1;1;1;;;;1
06/09/2016;19:26:00;252;sem vítima;570,24;BR-364/MT;Sul;Atropelamento de Animal;1;1;;;;;1
07/09/2016;09:39:00;115;com vítima;293,69;BR-364/MT;Sul;Colisão Frontal;4;3;1;1;;;2
07/09/2016;15:33:00;212;sem vítima;439;BR-364/MT;Norte;Colisão Lateral;2;3;;;;;1
08/09/2016;06:25:00;50;sem vítima;348,36;BR-364/MT;Norte;Colisão Traseira;2;2;;;;;1
08/09/2016;10:41:00;140;com vítima;350,23;BR-364/MT;Norte;Tombamento;1;0;;2;;;2
08/09/2016;16:16:00;240;com vítima;115;BR-163/MT;Norte;Engavetamento;2;2;;1;;;2
09/09/2016;05:57:00;31;com vítima;625,5;BR-163/MT;Sul;Colisão Transversal;4;3;1;;;;1
09/09/2016;06:21:00;34;sem vítima;118,332;BR-163/MT;Norte;Tombamento;1;1;;;;;1
09/09/2016;16:52:00;228;sem vítima;836;BR-163/MT;Sul;Colisão Lateral;1;2;;;;;1
09/09/2016;19:24:00;276;com vítima;348,573;BR-364/MT;Norte;Colisão Lateral;2;1;1;;;;1
09/09/2016;20:38:00;287;sem vítima;374;BR-364/MT;Norte;Colisão Transversal;1;3;;;;;1
10/09/2016;16:31:00;287;sem vítima;584;BR-163/MT;Norte;Saida de Pista;1;1;;;;;1
10/09/2016;20:37:00;361;sem vítima;347,358;BR-364/MT;Norte;Colisão Traseira;1;2;;;;;1
11/09/2016;08:23:00;102;com vítima;288,4;BR-364/MT;Sul;Engavetamento;2;7;3;;;;1
11/09/2016;15:32:00;209;com vítima;842;BR-163/MT;Sul;Colisão Lateral;1;6;1;;;;1
12/09/2016;17:14:00;289;com vítima;274,419;BR-364/MT;Sul;Colisão Lateral;1;1;1;;;;1
13/09/2016;06:57:00;53;sem vítima;766;BR-163/MT;Norte;Colisão Traseira;2;2;;;;;1
13/09/2016;07:29:00;64;sem vítima;566,5;BR-364/MT;Norte;Tombamento;1;2;;;;;1
13/09/2016;13:07:00;182;com vítima;741,9;BR-163/MT;Sul;Colisão Traseira;2;2;1;;;;1
13/09/2016;15:31:00;227;sem vítima;584;BR-364/MT;Norte;Colisão Transversal;1;1;;;;;1
13/09/2016;16:25:00;246;com vítima;496,828;BR-364/MT;Norte;Colisão Transversal;1;1;1;;;;1
13/09/2016;16:57:00;254;sem vítima;587;BR-364/MT;Sul;Colisão Lateral;2;3;;;;;1
14/09/2016;06:00:00;47;sem vítima;304,6;BR-364/MT;Sul;Tombamento;1;1;;;;;1
14/09/2016;20:51:00;405;sem vítima;446,5;BR-364/MT;Sul;Colisão Traseira;1;3;;;;;1
15/09/2016;05:12:00;38;com vítima;566,515;BR-163/MT;Sul;Tombamento;1;0;1;;;;1
15/09/2016;12:12:00;205;sem vítima;514;BR-070/MT;Norte;Colisão Transversal;1;3;;;;;1
15/09/2016;13:42:00;227;sem vítima;455;BR-364/MT;Norte;Saida de Pista;1;1;;;;;1
15/09/2016;17:09:00;308;com vítima;712,6;BR-163/MT;Sul;Engavetamento;3;6;3;;;1;3
15/09/2016;18:32:00;326;sem vítima;294;BR-364/MT;Sul;Colisão Lateral;1;3;;;;;1
15/09/2016;19:37:00;347;com vítima;397;BR-364/MT;Sul;Colisão Transversal;1;1;;4;;;2
15/09/2016;23:33:00;379;com vítima;717,405;BR-163/MT;Norte;Tombamento;1;1;2;;;;1
16/09/2016;02:19:00;18;sem vítima;487,98;BR-364/MT;Sul;Choque - Outros;1;1;;;;;1
16/09/2016;07:43:00;81;sem vítima;513,5;BR-070/MT;Norte;Colisão Traseira;2;2;;;;;1
16/09/2016;17:45:00;269;sem vítima;393;BR-364/MT;Norte;Colisão Transversal;1;2;;;;;1
17/09/2016;12:35:00;203;sem vítima;356;BR-364/MT;Norte;Colisão Lateral;2;2;;;;;1
17/09/2016;13:02:00;210;sem vítima;242,194;BR-364/MT;Sul;Colisão Traseira;2;2;;;;;1
17/09/2016;13:10:00;213;sem vítima;202;BR-364/MT;Norte;Colisão Traseira;1;2;;;;;1
17/09/2016;16:01:00;259;sem vítima;798,5;BR-163/MT;Sul;Tombamento;1;1;;;;;1
17/09/2016;22:21:00;350;com vítima;97;BR-163/MT;Sul;Colisão Lateral;1;1;1;;;;1
18/09/2016;07:04:00;64;com vítima;563,9;BR-163/MT;Norte;Colisão Lateral;2;4;;;;1;3
18/09/2016;11:52:00;140;sem vítima;343,4;BR-364/MT;Sul;Tombamento;1;1;;;;;1
18/09/2016;22:23:00;306;com vítima;684;BR-163/MT;Norte;Colisão Lateral;1;1;1;;;;1
20/09/2016;06:58:00;54;com vítima;832,3;BR-163/MT;Sul;Colisão Transversal;1;2;1;;;;1
20/09/2016;09:40:00;116;sem vítima;386;BR-364/MT;Norte;Colisão Traseira;2;4;;;;;1
20/09/2016;18:06:00;280;com vítima;294,5;BR-364/MT;Sul;Tombamento;2;2;1;;;;1
21/09/2016;07:41:00;78;com vítima;119,4;BR-163/MT;Norte;Colisão Transversal;1;1;1;;;;1
21/09/2016;14:45:00;268;sem vítima;688;BR-163/MT;Norte;Colisão Transversal;1;2;;;;;1
21/09/2016;17:21:00;325;sem vítima;357,8;BR-364/MT;Norte;Colisão Lateral;1;2;;;;;1
21/09/2016;18:32:00;348;sem vítima;523;BR-364/MT;Sul;Colisão Traseira;2;2;;;;;1
21/09/2016;20:12:00;376;com vítima;599,9;BR-163/MT;Sul;Colisão Traseira;2;1;;1;;;2
21/09/2016;21:24:00;386;sem vítima;473,24;BR-364/MT;Sul;Choque - Arvore;1;1;;;;;1
22/09/2016;07:02:00;65;com vítima;515;BR-070/MT;Sul;Colisão Traseira;3;2;1;;;;1
22/09/2016;07:45:00;85;sem vítima;305;BR-364/MT;Sul;Colisão Traseira;2;2;;;;;1
22/09/2016;11:20:00;181;sem vítima;539;BR-163/MT;Sul;Colisão Lateral;2;2;;;;;1
22/09/2016;16:11:00;264;sem vítima;14,74;BR-163/MT;Norte;Tombamento;1;1;;;;;1
22/09/2016;16:41:00;271;sem vítima;450;BR-364/MT;Sul;Colisão Traseira;2;2;;;;;1
22/09/2016;17:50:00;291;sem vítima;792,4;BR-163/MT;Sul;Saida de Pista;1;1;;;;;1
22/09/2016;19:22:00;317;sem vítima;664,045;BR-163/MT;Norte;Colisão Traseira;1;2;;;;;1
22/09/2016;19:39:00;324;com vítima;744,3;BR-163/MT;Sul;Tombamento;1;0;;1;;;2
23/09/2016;09:42:00;127;sem vítima;214,5;BR-364/MT;Norte;Colisão Traseira;1;2;;;;;1
24/09/2016;00:31:00;2;com vítima;584,96;BR-364/MT;Norte;Saida de Pista;1;0;1;;;;1
24/09/2016;19:53:00;269;sem vítima;767;BR-163/MT;Sul;Colisão Lateral;1;5;;;;;1
24/09/2016;22:22:00;291;sem vítima;473,728;BR-364/MT;Sul;Saida de Pista;1;1;;;;;1
25/09/2016;17:32:00;206;com vítima;582,184;BR-364/MT;Norte;Colisão Transversal;2;3;;1;;;2
26/09/2016;17:25:00;269;sem vítima;615;BR-163/MT;Norte;Colisão Lateral;1;2;;;;;1
27/09/2016;07:23:00;73;com vítima;350,342;BR-364/MT;Norte;Saida de Pista;1;0;1;;;;1
27/09/2016;11:45:00;179;com vítima;826;BR-163/MT;Norte;Colisão Frontal;1;1;1;;;;1
28/09/2016;03:00:00;22;sem vítima;583,145;BR-364/MT;Sul;Colisão Traseira;2;2;;;;;1
28/09/2016;11:04:00;181;com vítima;519,945;BR-070/MT;Sul;Colisão Transversal;1;1;;1;;;2
28/09/2016;11:56:00;191;com vítima;518,003;BR-070/MT;Norte;Colisão Transversal;1;1;;1;;;2
28/09/2016;14:56:00;243;sem vítima;547,9;BR-163/MT;Sul;Tombamento;1;1;;;;;1
28/09/2016;21:44:00;360;sem vítima;247;BR-364/MT;Sul;Colisão Lateral;1;2;;;;;1
29/09/2016;00:52:00;4;sem vítima;469,465;BR-364/MT;Norte;Saida de Pista;1;2;;;;;1
29/09/2016;05:14:00;36;sem vítima;247;BR-364/MT;Norte;Colisão Lateral;1;3;;;;;1
29/09/2016;16:43:00;298;sem vítima;598;BR-163/MT;Norte;Colisão Transversal;1;2;;;;;1
29/09/2016;18:03:00;321;sem vítima;216;BR-364/MT;Norte;Atropelamento de Animal;1;2;;;;;1
29/09/2016;18:12:00;322;sem vítima;837,3;BR-163/MT;Sul;Colisão Lateral;1;5;;;;;1
29/09/2016;19:01:00;333;com vítima;728,5;BR-163/MT;Norte;Colisão Transversal;2;0;1;;;1;3
30/09/2016;11:52:00;180;com vítima;836;BR-163/MT;Sul;Colisão Lateral;1;2;1;;;;1