data;horario;n_da_ocorrencia;tipo_de_ocorrencia;km;trecho;sentido;tipo_de_acidente;caminhao;ilesos;levemente_feridos;moderadamente_feridos;gravemente_feridos;mortos;3
30/09/2016;20:52:00;339;sem vítima;521,38;BR-070/MT;Norte;Colisão Traseira;1;2;;;;;1
04/10/2016;04:57:00;28;sem vítima;353,571;BR-364/MT;Sul;Colisão Traseira;1;2;;;;;1
04/10/2016;08:15:00;70;com vítima;776,434;BR-163/MT;Sul;Tombamento;1;0;1;;;;1
04/10/2016;18:14:00;261;com vítima;605,48;BR-163/MT;Norte;Colisão Frontal;1;2;2;2;;1;3
04/10/2016;20:10:00;281;sem vítima;463;BR-364/MT;Sul;Tombamento;1;2;;;;;1
05/10/2016;01:15:00;9;com vítima;745;BR-163/MT;Sul;Tombamento;1;0;1;;;;1
05/10/2016;19:18:00;270;com vítima;583,1;BR-163/MT;Sul;Tombamento;1;0;1;;;;1
05/10/2016;19:59:00;279;com vítima;583;BR-163/MT;Norte;Tombamento;1;0;2;;;;1
06/10/2016;05:52:00;35;sem vítima;35;BR-163/MT;Sul;Colisão Traseira;1;6;;;;;1
06/10/2016;06:58:00;42;sem vítima;258;BR-364/MT;Sul;Colisão Transversal;1;3;;;;;1
06/10/2016;12:31:00;171;sem vítima;449;BR-364/MT;Sul;Colisão Lateral;2;2;;;;;1
07/10/2016;05:56:00;40;sem vítima;226,994;BR-364/MT;Sul;Tombamento;1;1;;;;;1
07/10/2016;09:46:00;120;sem vítima;273;BR-364/MT;Sul;Colisão Lateral;1;2;;;;;1
08/10/2016;02:33:00;25;sem vítima;86;BR-163/MT;Norte;Atropelamento de Animal;1;1;;;;;1
08/10/2016;07:25:00;72;com vítima;831;BR-163/MT;Sul;Choque - Outros;1;1;1;;;;1
08/10/2016;07:49:00;83;sem vítima;263,751;BR-364/MT;Sul;Colisão Traseira;1;6;;;;;1
08/10/2016;09:48:00;130;sem vítima;287;BR-364/MT;Norte;Colisão Traseira;1;3;;;;;1
08/10/2016;10:23:00;143;sem vítima;260;BR-364/MT;Sul;Colisão Transversal;1;2;;;;;1
09/10/2016;04:41:00;37;com vítima;269;BR-364/MT;Norte;Colisão Traseira;1;5;1;;;;1
09/10/2016;10:43:00;135;sem vítima;831;BR-163/MT;Norte;Colisão Lateral;1;4;;;;;1
10/10/2016;07:44:00;61;sem vítima;538,673;BR-364/MT;Norte;Saida de Pista;1;1;;;;;1
10/10/2016;11:48:00;170;sem vítima;827,3;BR-163/MT;Sul;Colisão Traseira;1;2;;;;;1
10/10/2016;14:01:00;206;sem vítima;614;BR-163/MT;Sul;Colisão Traseira;2;2;;;;;1
10/10/2016;14:39:00;217;sem vítima;597,7;BR-163/MT;Norte;Colisão Traseira;1;2;;;;;1
11/10/2016;07:53:00;78;sem vítima;377;BR-364/MT;Norte;Colisão Traseira;2;3;;;;;1
11/10/2016;09:09:00;107;sem vítima;568,202;BR-364/MT;Sul;Colisão Traseira;2;3;;;;;1
11/10/2016;11:42:00;167;sem vítima;379,072;BR-364/MT;Sul;Colisão Traseira;2;2;;;;;1
11/10/2016;13:10:00;182;sem vítima;684,6;BR-163/MT;Sul;Tombamento;1;1;;;;;1
11/10/2016;17:06:00;251;sem vítima;502;BR-364/MT;Norte;Colisão Lateral;1;2;;;;;1
11/10/2016;19:25:00;301;sem vítima;828;BR-163/MT;Norte;Colisão Traseira;1;2;;;;;1
11/10/2016;23:36:00;343;com vítima;484,262;BR-364/MT;Sul;Saida de Pista;1;0;3;;;;1
12/10/2016;00:41:00;8;com vítima;461;BR-364/MT;Sul;Saida de Pista;1;0;1;;;;1
12/10/2016;08:56:00;92;com vítima;474,581;BR-364/MT;Sul;Tombamento;1;0;;1;;;2
12/10/2016;10:56:00;125;com vítima;750;BR-163/MT;Sul;Tombamento;1;0;1;;;;1
13/10/2016;14:43:00;229;sem vítima;504,5;BR-070/MT;Sul;Tombamento;1;1;;;;;1
14/10/2016;09:05:00;92;sem vítima;515;BR-070/MT;Norte;Colisão Lateral;1;2;;;;;1
14/10/2016;16:22:00;253;sem vítima;443,4;BR-364/MT;Sul;Tombamento;1;1;;;;;1
14/10/2016;18:26:00;279;com vítima;694;BR-163/MT;Norte;Colisão Transversal;1;3;1;;;;1
14/10/2016;18:54:00;291;sem vítima;351;BR-364/MT;Sul;Tombamento;1;1;;;;;1
15/10/2016;06:51:00;68;sem vítima;469;BR-364/MT;Sul;Tombamento;1;1;;;;;1
15/10/2016;19:33:00;322;com vítima;394,283;BR-364/MT;Norte;Colisão Lateral;1;2;;1;;;2
16/10/2016;12:08:00;163;sem vítima;497;BR-070/MT;Sul;Colisão Traseira;2;2;;;;;1
17/10/2016;05:21:00;42;sem vítima;503;BR-070/MT;Sul;Tombamento;1;1;;;;;1
17/10/2016;10:52:00;147;sem vítima;269,96;BR-364/MT;Sul;Tombamento;1;1;;;;;1
18/10/2016;02:29:00;19;sem vítima;264,9;BR-364/MT;Sul;Saida de Pista;1;1;;;;;1
18/10/2016;14:32:00;209;com vítima;266,414;BR-364/MT;Norte;Colisão Frontal;1;0;2;;;;1
19/10/2016;06:15:00;62;com vítima;238,496;BR-364/MT;Norte;Colisão Lateral;1;1;1;1;;;2
19/10/2016;07:09:00;79;com vítima;579;BR-364/MT;Norte;Colisão Traseira;2;2;1;;;;1
19/10/2016;14:53:00;290;com vítima;518,461;BR-070/MT;Sul;Colisão Lateral;1;1;;2;;;2
19/10/2016;18:30:00;357;sem vítima;542,554;BR-163/MT;Norte;Saida de Pista;1;1;;;;;1
20/10/2016;00:56:00;9;sem vítima;473,829;BR-364/MT;Sul;Tombamento;1;1;;;;;1
20/10/2016;05:45:00;52;sem vítima;201,1;BR-364/MT;Norte;Colisão Traseira;1;4;;;;;1
20/10/2016;08:24:00;99;sem vítima;214,4;BR-364/MT;Norte;Colisão Traseira;1;3;;;;;1
20/10/2016;10:49:00;168;sem vítima;400,542;BR-364/MT;Norte;Colisão Lateral;1;5;;;;;1
20/10/2016;11:37:00;183;sem vítima;347;BR-364/MT;Norte;Colisão Traseira;2;2;;;;;1
20/10/2016;12:35:00;200;sem vítima;587,293;BR-163/MT;Sul;Colisão Lateral;2;2;;;;;1
21/10/2016;08:04:00;89;com vítima;610;BR-163/MT;Norte;Saida de Pista;1;0;;1;;;2
21/10/2016;13:34:00;206;sem vítima;309;BR-364/MT;Norte;Colisão Lateral;1;3;;;;;1
21/10/2016;16:25:00;259;sem vítima;438;BR-364/MT;Norte;Choque - Veiculo parado no acostamento;2;2;;;;;1
21/10/2016;17:01:00;271;sem vítima;328,55;BR-364/MT;Sul;Colisão Traseira;2;2;;;;;1
22/10/2016;18:39:00;299;sem vítima;519,622;BR-364/MT;Norte;Saida de Pista;1;1;;;;;1
22/10/2016;22:33:00;340;sem vítima;804,7;BR-163/MT;Norte;Atropelamento de Animal;1;1;;;;;1
23/10/2016;17:55:00;215;com vítima;269;BR-364/MT;Norte;Saida de Pista;1;0;1;;;;1
24/10/2016;06:01:00;25;sem vítima;347;BR-364/MT;Norte;Saida de Pista;1;1;;;;;1
24/10/2016;09:41:00;90;com vítima;464;BR-364/MT;Norte;Colisão Frontal;1;1;;;3;1;3
24/10/2016;10:18:00;102;com vítima;531;BR-364/MT;Norte;Tombamento;1;0;;1;;;2
24/10/2016;14:17:00;175;sem vítima;504;BR-070/MT;Sul;Tombamento;1;1;;;;;1
25/10/2016;09:04:00;105;sem vítima;479;BR-364/MT;Sul;Tombamento;1;1;;;;;1
25/10/2016;22:46:00;334;sem vítima;512;BR-364/MT;Sul;Colisão Traseira;2;2;;;;;1
26/10/2016;16:51:00;267;sem vítima;567,239;BR-364/MT;Norte;Saida de Pista;1;3;;;;;1
26/10/2016;19:33:00;318;sem vítima;385;BR-364/MT;Sul;Engavetamento;3;3;;;;;1
26/10/2016;21:01:00;337;sem vítima;475;BR-364/MT;Sul;Saida de Pista;1;1;;;;;1
27/10/2016;11:22:00;155;sem vítima;273,321;BR-364/MT;Norte;Colisão Traseira;1;2;;;;;1
27/10/2016;18:38:00;290;sem vítima;579,1;BR-364/MT;Sul;Colisão Traseira;1;3;;;;;1
27/10/2016;23:55:00;345;com vítima;464;BR-364/MT;Norte;Tombamento;1;0;;;;1;3
28/10/2016;09:45:00;125;sem vítima;287,9;BR-364/MT;Norte;Engavetamento;2;5;;;;;1
28/10/2016;10:53:00;149;sem vítima;435,647;BR-364/MT;Sul;Colisão Traseira;1;2;;;;;1
28/10/2016;20:56:00;324;com vítima;236,226;BR-364/MT;Sul;Colisão Transversal;1;1;;;;1;3
28/10/2016;22:00:00;335;sem vítima;494,5;BR-364/MT;Sul;Colisão Traseira;2;2;;;;;1
29/10/2016;09:55:00;127;sem vítima;338,65;BR-364/MT;Sul;Tombamento;1;2;;;;;1
29/10/2016;14:13:00;209;sem vítima;363;BR-364/MT;Sul;Colisão Traseira;2;2;;;;;1
29/10/2016;22:19:00;339;sem vítima;49,407;BR-163/MT;Norte;Saida de Pista;1;3;;;;;1
30/10/2016;07:05:00;44;com vítima;503,646;BR-070/MT;Sul;Saida de Pista;1;0;1;;;;1
02/11/2016;14:01:00;182;sem vítima;827;BR-163/MT;Norte;Colisão Lateral;1;2;;;;;1
02/11/2016;16:29:00;225;sem vítima;568,1;BR-364/MT;Sul;Tombamento;1;1;;;;;1
03/11/2016;11:48:00;182;sem vítima;209,929;BR-364/MT;Sul;Tombamento;1;2;;;;;1
04/11/2016;07:59:00;75;com vítima;689,6;BR-163/MT;Sul;Colisão Frontal;1;1;1;;;;1
05/11/2016;18:52:00;299;sem vítima;529,8;BR-364/MT;Sul;Saida de Pista;1;1;;;;;1
06/11/2016;08:10:00;89;sem vítima;117,8;BR-163/MT;Norte;Colisão Transversal;2;3;;;;;1
07/11/2016;06:59:00;62;com vítima;247,978;BR-364/MT;Norte;Colisão Lateral;1;1;;1;;;2
07/11/2016;09:37:00;108;com vítima;319;BR-364/MT;Norte;Colisão Traseira;1;4;1;;;;1
07/11/2016;17:46:00;236;sem vítima;346;BR-364/MT;Norte;Tombamento;1;1;;;;;1
08/11/2016;10:12:00;138;com vítima;276,81;BR-364/MT;Sul;Tombamento;1;0;;;1;;2
09/11/2016;13:05:00;202;com vítima;520;BR-070/MT;Norte;Colisão Traseira;1;2;4;;;;1
09/11/2016;14:06:00;223;sem vítima;567,3;BR-364/MT;Norte;Tombamento;1;1;;;;;1
09/11/2016;14:14:00;229;sem vítima;520;BR-070/MT;Norte;Colisão Traseira;2;2;;;;;1
09/11/2016;15:08:00;248;sem vítima;664,4;BR-163/MT;Sul;Colisão Traseira;1;15;;;;;1
09/11/2016;15:57:00;260;sem vítima;824;BR-163/MT;Norte;Colisão Lateral;2;3;;;;;1
10/11/2016;10:51:00;190;sem vítima;360;BR-364/MT;Sul;Colisão Transversal;2;3;;;;;1
10/11/2016;20:13:00;355;sem vítima;534,9;BR-364/MT;Sul;Tombamento;1;1;;;;;1
10/11/2016;21:46:00;370;sem vítima;514;BR-070/MT;Sul;Colisão Transversal;1;5;;;;;1
11/11/2016;01:43:00;20;sem vítima;581;BR-364/MT;Norte;Colisão Traseira;2;2;;;;;1
11/11/2016;09:17:00;128;com vítima;9,321;BR-163/MT;Norte;Tombamento;1;0;1;;;;1
11/11/2016;12:38:00;197;sem vítima;513,39;BR-070/MT;Norte;Colisão Transversal;1;2;;;;;1
11/11/2016;13:11:00;211;sem vítima;659,1;BR-163/MT;Norte;Saida de Pista;1;2;;;;;1
11/11/2016;17:05:00;302;sem vítima;773,5;BR-163/MT;Norte;Saida de Pista;1;4;;;;;1
12/11/2016;06:41:00;60;sem vítima;748,5;BR-163/MT;Norte;Colisão Traseira;1;3;;;;;1
12/11/2016;07:48:00;82;sem vítima;272,079;BR-364/MT;Sul;Colisão Lateral;1;2;;;;;1
12/11/2016;12:35:00;186;sem vítima;468;BR-364/MT;Sul;Colisão Traseira;1;3;;;;;1
12/11/2016;16:10:00;258;com vítima;638;BR-163/MT;Norte;Colisão Lateral;2;20;;1;;;2
12/11/2016;17:21:00;273;sem vítima;284,436;BR-364/MT;Sul;Colisão Lateral;1;5;;;;;1
13/11/2016;12:36:00;184;com vítima;363;BR-364/MT;Norte;Colisão Lateral;1;3;1;;;;1
13/11/2016;22:27:00;313;com vítima;310,212;BR-364/MT;Norte;Colisão Traseira;1;0;2;;;1;3
14/11/2016;14:24:00;220;sem vítima;269;BR-364/MT;Sul;Colisão Lateral;1;3;;;;;1
15/11/2016;12:35:00;185;sem vítima;464,3;BR-364/MT;Sul;Saida de Pista;1;1;;;;;1
15/11/2016;13:29:00;198;sem vítima;513,868;BR-070/MT;Norte;Colisão Traseira;1;2;;;;;1
16/11/2016;05:26:00;35;sem vítima;593;BR-163/MT;Norte;Colisão Transversal;1;2;;;;;1
16/11/2016;12:26:00;204;sem vítima;831,6;BR-163/MT;Norte;Colisão Traseira;1;2;;;;;1
16/11/2016;15:32:00;262;sem vítima;385;BR-364/MT;Norte;Colisão Traseira;2;2;;;;;1
16/11/2016;16:16:00;280;sem vítima;526,5;BR-163/MT;Norte;Saida de Pista;1;1;;;;;1
16/11/2016;18:48:00;316;sem vítima;469,81;BR-364/MT;Sul;Saida de Pista;1;2;;;;;1
16/11/2016;19:01:00;322;sem vítima;437,35;BR-364/MT;Norte;Colisão Lateral;1;2;;;;;1
16/11/2016;20:20:00;338;sem vítima;485;BR-364/MT;Sul;Tombamento;1;1;;;;;1
17/11/2016;06:27:00;35;com vítima;641,459;BR-163/MT;Norte;Colisão Frontal;2;2;;;;5;3
17/11/2016;16:35:00;247;com vítima;255;BR-364/MT;Sul;Colisão Transversal;1;1;1;;;;1
18/11/2016;00:49:00;14;sem vítima;535,5;BR-364/MT;Sul;Saida de Pista;1;1;;;;;1
18/11/2016;09:05:00;114;sem vítima;754;BR-163/MT;Sul;Colisão Traseira;1;3;;;;;1
19/11/2016;10:37:00;134;sem vítima;201,099;BR-364/MT;Norte;Colisão Lateral;2;2;;;;;1
19/11/2016;15:03:00;215;sem vítima;443,551;BR-364/MT;Sul;Tombamento;1;2;;;;;1
19/11/2016;17:44:00;262;sem vítima;579;BR-364/MT;Sul;Colisão Traseira;2;2;;;;;1
21/11/2016;05:34:00;34;sem vítima;486;BR-364/MT;Norte;Tombamento;1;2;;;;;1
21/11/2016;11:02:00;135;sem vítima;486;BR-364/MT;Norte;Saida de Pista;1;1;;;;;1
21/11/2016;12:33:00;164;sem vítima;484;BR-364/MT;Norte;Colisão Traseira;2;2;;;;;1
21/11/2016;18:03:00;241;com vítima;568,5;BR-364/MT;Sul;Saida de Pista;1;0;1;;;;1
22/11/2016;07:13:00;50;sem vítima;290;BR-364/MT;Sul;Saida de Pista;1;1;;;;;1
22/11/2016;07:45:00;62;sem vítima;290;BR-364/MT;Norte;Colisão Lateral;2;2;;;;;1
22/11/2016;10:43:00;160;com vítima;348;BR-364/MT;Sul;Saida de Pista;1;0;1;;;;1
23/11/2016;15:35:00;280;sem vítima;348,522;BR-364/MT;Norte;Tombamento;1;1;;;;;1
23/11/2016;20:53:00;355;sem vítima;210;BR-364/MT;Sul;Tombamento;1;1;;;;;1
23/11/2016;21:21:00;363;sem vítima;606;BR-163/MT;Sul;Saida de Pista;1;1;;;;;1
23/11/2016;21:57:00;367;com vítima;597;BR-163/MT;Norte;Colisão Traseira;1;1;;1;;;2
24/11/2016;03:35:00;28;com vítima;336,065;BR-364/MT;Sul;Colisão Lateral;2;1;;;;1;3
24/11/2016;05:21:00;33;sem vítima;687;BR-163/MT;Norte;Colisão Lateral;1;2;;;;;1
24/11/2016;13:59:00;220;com vítima;400,906;BR-364/MT;Sul;Colisão Lateral;1;1;;;;1;3
24/11/2016;18:06:00;304;sem vítima;479,002;BR-364/MT;Sul;Colisão Traseira;2;3;;;;;1
25/11/2016;16:27:00;287;sem vítima;330,2;BR-364/MT;Sul;Colisão Lateral;1;2;;;;;1
26/11/2016;00:15:00;4;sem vítima;601,5;BR-163/MT;Norte;Choque - Defensa, barreira ou "submarino";1;1;;;;;1
26/11/2016;07:46:00;89;com vítima;797,445;BR-163/MT;Norte;Tombamento;1;0;1;1;1;;2
26/11/2016;18:07:00;265;sem vítima;485,6;BR-364/MT;Sul;Tombamento;1;1;;;;;1
28/11/2016;06:37:00;41;sem vítima;750,5;BR-163/MT;Sul;Colisão Lateral;1;2;;;;;1
28/11/2016;16:34:00;250;sem vítima;204,785;BR-364/MT;Sul;Tombamento;1;1;;;;;1
28/11/2016;18:10:00;273;sem vítima;381,059;BR-364/MT;Norte;Saida de Pista;1;2;;;;;1
29/11/2016;11:13:00;182;sem vítima;397;BR-364/MT;Norte;Colisão Traseira;1;3;;;;;1
29/11/2016;18:29:00;326;sem vítima;514;BR-070/MT;Norte;Colisão Traseira;1;5;;;;;1
29/11/2016;18:57:00;337;sem vítima;525;BR-364/MT;Sul;Colisão Traseira;2;2;;;;;1
30/11/2016;06:38:00;43;sem vítima;366;BR-364/MT;Sul;Saida de Pista;1;2;;;;;1
30/11/2016;18:14:00;299;com vítima;624,274;BR-163/MT;Sul;Engavetamento;4;3;1;;;;1
01/12/2016;07:00:00;59;sem vítima;401,046;BR-364/MT;Norte;Colisão Lateral;1;3;;;;;1
01/12/2016;07:35:00;76;sem vítima;383,1;BR-364/MT;Sul;Colisão Traseira;2;2;;;;;1
01/12/2016;07:58:00;92;com vítima;850,685;BR-163/MT;Norte;Saida de Pista;1;0;1;;;;1
01/12/2016;12:41:00;197;sem vítima;351,37;BR-364/MT;Norte;Colisão Traseira;2;2;;;;;1
02/12/2016;08:41:00;96;sem vítima;338,149;BR-364/MT;Sul;Tombamento;1;1;;;;;1
03/12/2016;05:55:00;35;com vítima;585,8;BR-364/MT;Norte;Colisão Traseira;2;1;1;;;;1
03/12/2016;18:07:00;275;sem vítima;338,2;BR-364/MT;Sul;Colisão Traseira;1;4;;;;;1
04/12/2016;15:45:00;188;sem vítima;567,4;BR-364/MT;Norte;Tombamento;1;1;;;;;1
05/12/2016;09:00:00;86;sem vítima;508,525;BR-070/MT;Sul;Colisão Traseira;2;2;;;;;1
05/12/2016;09:33:00;100;sem vítima;572,633;BR-364/MT;Norte;Atropelamento de Animal;1;1;;;;;1
05/12/2016;14:36:00;206;sem vítima;397,078;BR-364/MT;Sul;Colisão Lateral;2;2;;;;;1
05/12/2016;15:36:00;225;sem vítima;533,5;BR-163/MT;Sul;Tombamento;1;1;;;;;1
06/12/2016;01:09:00;11;sem vítima;467,029;BR-364/MT;Sul;Saida de Pista;1;1;;;;;1
06/12/2016;02:34:00;17;com vítima;447,017;BR-364/MT;Norte;Colisão Frontal;1;1;;;;1;3
06/12/2016;10:31:00;137;sem vítima;508;BR-070/MT;Sul;Colisão Lateral;1;2;;;;;1
06/12/2016;15:39:00;236;sem vítima;765,7;BR-163/MT;Sul;Tombamento;1;1;;;;;1
06/12/2016;20:50:00;316;com vítima;482,338;BR-364/MT;Sul;Colisão Frontal;1;1;;1;;1;3
06/12/2016;20:55:00;317;sem vítima;568;BR-364/MT;Norte;Saida de Pista;1;1;;;;;1
07/12/2016;00:34:00;4;sem vítima;583,3;BR-163/MT;Norte;Saida de Pista;1;1;;;;;1
07/12/2016;04:50:00;29;sem vítima;355;BR-364/MT;Norte;Saida de Pista;1;1;;;;;1
07/12/2016;18:43:00;323;com vítima;514,8;BR-070/MT;Norte;Colisão Frontal;1;2;;;;1;3
07/12/2016;18:50:00;338;sem vítima;209,9;BR-364/MT;Norte;Tombamento;1;1;;;;;1
07/12/2016;21:56:00;363;sem vítima;533,5;BR-163/MT;Norte;Saida de Pista;1;2;;;;;1
08/12/2016;07:03:00;51;sem vítima;112;BR-163/MT;Norte;Tombamento;1;1;;;;;1
08/12/2016;10:11:00;141;sem vítima;280,7;BR-364/MT;Sul;Colisão Traseira;2;2;;;;;1
08/12/2016;17:23:00;300;sem vítima;388;BR-364/MT;Norte;Saida de Pista;1;1;;;;;1
08/12/2016;18:21:00;311;sem vítima;486,4;BR-364/MT;Norte;Saida de Pista;1;2;;;;;1
09/12/2016;09:10:00;87;sem vítima;616,1;BR-163/MT;Sul;Saida de Pista;1;1;;;;;1
09/12/2016;15:48:00;226;sem vítima;568,365;BR-364/MT;Sul;Saida de Pista;1;2;;;;;1
09/12/2016;16:03:00;229;sem vítima;568,365;BR-364/MT;Sul;Tombamento;1;1;;;;;1
10/12/2016;02:03:00;9;sem vítima;366,351;BR-364/MT;Norte;Saida de Pista;1;1;;;;;1
10/12/2016;06:52:00;35;sem vítima;475,351;BR-364/MT;Sul;Saida de Pista;1;1;;;;;1
10/12/2016;12:56:00;148;sem vítima;479;BR-364/MT;Sul;Colisão Traseira;2;2;;;;;1
10/12/2016;15:39:00;194;sem vítima;380,782;BR-364/MT;Norte;Saida de Pista;1;1;;;;;1
14/12/2016;06:53:00;28;sem vítima;506,704;BR-070/MT;Sul;Saida de Pista;1;1;;;;;1
14/12/2016;12:18:00;149;sem vítima;445,738;BR-364/MT;Sul;Saida de Pista;1;1;;;;;1
14/12/2016;19:09:00;293;sem vítima;812;BR-163/MT;Sul;Tombamento;1;1;;;;;1
14/12/2016;23:05:00;332;sem vítima;230;BR-364/MT;Sul;Tombamento;1;1;;;;;1
15/12/2016;04:14:00;33;com vítima;266,895;BR-364/MT;Sul;Colisão Lateral;1;1;;1;;;2
15/12/2016;09:28:00;125;sem vítima;237;BR-364/MT;Sul;Colisão Lateral;1;5;;;;;1
15/12/2016;17:09:00;290;sem vítima;346;BR-364/MT;Norte;Saida de Pista;1;1;;;;;1
16/12/2016;00:14:00;2;sem vítima;584,1;BR-163/MT;Sul;Tombamento;1;2;;;;;1
16/12/2016;11:25:00;161;sem vítima;511,768;BR-070/MT;Norte;Colisão Traseira;1;2;;;;;1
16/12/2016;17:57:00;291;com vítima;96;BR-163/MT;Sul;Tombamento;1;0;1;;;;1
17/12/2016;08:27:00;65;sem vítima;833;BR-163/MT;Norte;Colisão Lateral;1;3;;;;;1
17/12/2016;11:08:00;125;sem vítima;287,005;BR-364/MT;Norte;Colisão Lateral;1;2;;;;;1
17/12/2016;13:14:00;173;sem vítima;586,3;BR-163/MT;Sul;Choque - Defensa, barreira ou "submarino";1;1;;;;;1
17/12/2016;21:51:00;326;com vítima;691;BR-163/MT;Norte;Colisão Traseira;1;0;2;;;;1
19/12/2016;12:40:00;203;sem vítima;623;BR-163/MT;Norte;Colisão Traseira;1;3;;;;;1
20/12/2016;17:45:00;288;sem vítima;526,8;BR-364/MT;Sul;Colisão Traseira;2;2;;;;;1
20/12/2016;22:39:00;354;sem vítima;503,7;BR-070/MT;Sul;Colisão Lateral;1;5;;;;;1
21/12/2016;05:22:00;20;sem vítima;235,199;BR-364/MT;Sul;Colisão Traseira;1;2;;;;;1
21/12/2016;05:35:00;23;com vítima;104,256;BR-163/MT;Sul;Colisão Traseira;1;1;5;;;;1
21/12/2016;18:54:00;301;com vítima;524;BR-070/MT;Norte;Colisão Traseira;2;2;1;;;;1
22/12/2016;07:38:00;50;sem vítima;763,3;BR-163/MT;Norte;Tombamento;1;1;;;;;1
22/12/2016;08:15:00;67;com vítima;273,168;BR-364/MT;Sul;Colisão Traseira;1;1;1;;;;1
22/12/2016;13:02:00;182;sem vítima;522;BR-070/MT;Norte;Colisão Traseira;1;4;;;;;1
22/12/2016;14:39:00;229;sem vítima;855;BR-163/MT;Norte;Colisão Transversal;1;7;;;;;1
22/12/2016;21:01:00;369;com vítima;573;BR-163/MT;Sul;Colisão Lateral;2;0;3;;;;1
23/12/2016;06:03:00;54;sem vítima;350,01;BR-364/MT;Sul;Saida de Pista;1;1;;;;;1
23/12/2016;06:03:00;104;sem vítima;349,9;BR-364/MT;Sul;Colisão Traseira;1;4;;;;;1
23/12/2016;11:37:00;162;com vítima;827;BR-163/MT;Sul;Colisão Lateral;1;4;;1;;;2
23/12/2016;16:09:00;258;sem vítima;524;BR-070/MT;Norte;Colisão Traseira;1;2;;;;;1
23/12/2016;18:47:00;300;sem vítima;316;BR-364/MT;Sul;Colisão Traseira;1;2;;;;;1
24/12/2016;06:10:00;41;com vítima;309,972;BR-364/MT;Norte;Colisão Lateral;1;2;4;;;;1
24/12/2016;17:30:00;247;sem vítima;850,4;BR-163/MT;Sul;Colisão Lateral;1;3;;;;;1
25/12/2016;15:27:00;118;sem vítima;494,217;BR-364/MT;Sul;Tombamento;1;1;;;;;1
26/12/2016;07:08:00;32;sem vítima;529,388;BR-364/MT;Sul;Tombamento;1;2;;;;;1
26/12/2016;07:08:00;54;com vítima;529,388;BR-364/MT;Norte;Saida de Pista;1;0;1;;;;1
26/12/2016;10:12:00;83;sem vítima;526,434;BR-364/MT;Norte;Colisão Traseira;2;2;;;;;1
26/12/2016;14:39:00;174;sem vítima;577,6;BR-163/MT;Norte;Tombamento;1;1;;;;;1
27/12/2016;04:35:00;25;sem vítima;833,3;BR-163/MT;Sul;Choque - Veiculo parado no acostamento;1;2;;;;;1
27/12/2016;16:33:00;235;sem vítima;686;BR-163/MT;Sul;Colisão Lateral;1;4;;;;;1
28/12/2016;11:08:00;129;sem vítima;245;BR-364/MT;Sul;Colisão Lateral;1;8;;;;;1
28/12/2016;15:19:00;183;sem vítima;350;BR-364/MT;Norte;Colisão Lateral;2;4;;;;;1
28/12/2016;15:31:00;186;com vítima;281,2;BR-364/MT;Norte;Colisão Traseira;1;2;3;;;;1
28/12/2016;17:53:00;224;com vítima;349,7;BR-364/MT;Norte;Saida de Pista;1;0;;;;1;3
28/12/2016;17:58:00;227;sem vítima;529,5;BR-364/MT;Sul;Tombamento;1;1;;;;;1
29/12/2016;13:04:00;206;sem vítima;767;BR-163/MT;Norte;Choque - Suporte de Sinalização;1;1;;;;;1
29/12/2016;14:42:00;234;sem vítima;529,375;BR-364/MT;Sul;Tombamento;1;1;;;;;1
29/12/2016;15:28:00;246;com vítima;511,526;BR-163/MT;Norte;Colisão Lateral;1;2;1;;;;1
30/12/2016;16:02:00;259;com vítima;513,968;BR-070/MT;Norte;Colisão Transversal;1;5;1;;;;1
30/12/2016;23:35:00;380;sem vítima;570,114;BR-364/MT;Norte;Atropelamento de Animal;1;1;;;;;1
31/12/2016;02:39:00;21;com vítima;512;BR-070/MT;Sul;Colisão Traseira;1;0;1;;;;1
01/01/2017;10:44:00;84;com vítima;468,99;BR-364/MT;Norte;Tombamento;1;0;3;;;;1
01/01/2017;16:19:00;151;sem vítima;543;BR-163/MT;Norte;Colisão Traseira;1;4;;;;;1
03/01/2017;05:25:00;39;com vítima;565;BR-163/MT;Norte;Tombamento;1;0;1;;;;1
03/01/2017;09:18:00;109;com vítima;281;BR-364/MT;Norte;Colisão Traseira;1;1;2;;;;1
03/01/2017;16:44:00;246;sem vítima;64;BR-163/MT;Sul;Tombamento;1;1;;;;;1
03/01/2017;21:05:00;315;com vítima;609,8;BR-163/MT;Norte;Saida de Pista;1;0;1;;;;1
04/01/2017;09:59:00;125;sem vítima;401,8;BR-364/MT;Sul;Colisão Transversal;1;2;;;;;1
04/01/2017;12:06:00;163;sem vítima;277;BR-364/MT;Sul;Saida de Pista;1;2;;;;;1
04/01/2017;13:27:00;187;sem vítima;347,922;BR-364/MT;Norte;Saida de Pista;1;2;;;;;1
04/01/2017;17:27:00;257;sem vítima;572,842;BR-364/MT;Norte;Colisão Traseira;1;4;;;;;1