data;horario;n_da_ocorrencia;tipo_de_ocorrencia;km;trecho;sentido;tipo_de_acidente;caminhao;ilesos;levemente_feridos;moderadamente_feridos;gravemente_feridos;mortos;3
05/01/2017;15:08:00;201;com vítima;510,72;BR-364/MT;Sul;Engavetamento;2;14;;1;;1;3
06/01/2017;10:18:00;116;sem vítima;527,456;BR-364/MT;Sul;Colisão Transversal;1;4;;;;;1
06/01/2017;15:39:00;210;com vítima;768;BR-163/MT;Sul;Colisão Lateral;1;3;2;;;;1
06/01/2017;20:36:00;317;sem vítima;315,889;BR-364/MT;Norte;Engavetamento;1;4;;;;;1
07/01/2017;06:32:00;35;com vítima;626,3;BR-163/MT;Sul;Tombamento;1;0;1;;;;1
07/01/2017;17:52:00;259;com vítima;783;BR-163/MT;Norte;Colisão Transversal;1;1;1;;;;1
07/01/2017;19:37:00;287;com vítima;267,832;BR-364/MT;Sul;Colisão Traseira;1;2;;1;;1;3
09/01/2017;06:57:00;41;sem vítima;832;BR-163/MT;Norte;Colisão Lateral;1;2;;;;;1
09/01/2017;13:58:00;178;sem vítima;563,83;BR-163/MT;Sul;Tombamento;1;1;;;;;1
09/01/2017;15:50:00;210;sem vítima;766;BR-163/MT;Sul;Colisão Traseira;2;2;;;;;1
10/01/2017;04:43:00;19;sem vítima;627;BR-163/MT;Sul;Colisão Lateral;1;2;;;;;1
10/01/2017;17:37:00;276;sem vítima;754,1;BR-163/MT;Norte;Colisão Traseira;2;4;;;;;1
10/01/2017;18:22:00;284;sem vítima;552;BR-163/MT;Sul;Tombamento;1;2;;;;;1
10/01/2017;22:53:00;351;sem vítima;687,08;BR-163/MT;Norte;Saida de Pista;1;3;;;;;1
11/01/2017;10:10:00;133;sem vítima;522,209;BR-070/MT;Sul;Colisão Traseira;2;2;;;;;1
11/01/2017;10:42:00;151;sem vítima;239;BR-364/MT;Norte;Colisão Traseira;1;4;;;;;1
11/01/2017;15:54:00;280;com vítima;486,344;BR-364/MT;Norte;Saida de Pista;1;0;1;;;;1
12/01/2017;04:10:00;20;com vítima;263,606;BR-364/MT;Sul;Colisão Frontal;1;1;;;1;;2
12/01/2017;10:07:00;131;sem vítima;378,165;BR-364/MT;Norte;Colisão Traseira;2;2;;;;;1
12/01/2017;11:10:00;154;sem vítima;373,08;BR-364/MT;Sul;Colisão Traseira;2;2;;;;;1
12/01/2017;12:56:00;182;com vítima;503,6;BR-070/MT;Sul;Tombamento;1;0;1;;;;1
12/01/2017;13:55:00;197;sem vítima;113;BR-163/MT;Norte;Saida de Pista;1;1;;;;;1
12/01/2017;15:46:00;235;sem vítima;539,774;BR-163/MT;Sul;Colisão Traseira;2;2;;;;;1
12/01/2017;15:57:00;239;sem vítima;375,495;BR-364/MT;Norte;Colisão Traseira;1;4;;;;;1
12/01/2017;18:47:00;275;sem vítima;316;BR-364/MT;Norte;Colisão Lateral;1;2;;;;;1
13/01/2017;08:16:00;90;sem vítima;316;BR-364/MT;Norte;Colisão Traseira;2;3;;;;;1
15/01/2017;07:15:00;36;com vítima;320,817;BR-364/MT;Norte;Colisão Traseira;2;1;1;;;;1
15/01/2017;19:39:00;249;sem vítima;271;BR-364/MT;Sul;Colisão Lateral;1;3;;;;;1
16/01/2017;09:23:00;105;sem vítima;117,758;BR-163/MT;Sul;Engavetamento;1;5;;;;;1
17/01/2017;11:34:00;154;com vítima;271;BR-364/MT;Norte;Colisão Traseira;1;1;1;;;;1
18/01/2017;11:26:00;156;com vítima;664,5;BR-163/MT;Sul;Colisão Traseira;2;1;3;;;;1
18/01/2017;16:44:00;250;sem vítima;212,849;BR-364/MT;Sul;Colisão Traseira;2;2;;;;;1
19/01/2017;10:00:00;121;com vítima;356,009;BR-364/MT;Norte;Engavetamento;3;2;1;;;;1
19/01/2017;12:21:00;164;com vítima;317,4;BR-364/MT;Norte;Colisão Transversal;2;2;;1;;;2
19/01/2017;13:40:00;195;sem vítima;766,7;BR-163/MT;Sul;Colisão Traseira;1;3;;;;;1
20/01/2017;08:03:00;64;com vítima;447,922;BR-364/MT;Norte;Colisão Transversal;2;1;;;;1;3
20/01/2017;09:27:00;103;sem vítima;628,524;BR-163/MT;Norte;Colisão Traseira;2;2;;;;;1
20/01/2017;09:46:00;113;sem vítima;627;BR-163/MT;Norte;Colisão Traseira;2;2;;;;;1
20/01/2017;09:53:00;117;sem vítima;276,622;BR-364/MT;Sul;Colisão Transversal;2;2;;;;;1
20/01/2017;13:29:00;182;sem vítima;458,554;BR-364/MT;Norte;Colisão Lateral;2;2;;;;;1
20/01/2017;19:33:00;307;sem vítima;317;BR-364/MT;Norte;Colisão Traseira;1;6;;;;;1
21/01/2017;11:25:00;144;sem vítima;530,91;BR-163/MT;Norte;Colisão Traseira;1;2;;;;;1
21/01/2017;13:07:00;175;sem vítima;459,2;BR-364/MT;Norte;Saida de Pista;1;1;;;;;1
21/01/2017;15:47:00;230;sem vítima;347,3;BR-364/MT;Norte;Choque - Talude;1;1;;;;;1
22/01/2017;07:59:00;80;com vítima;687;BR-163/MT;Sul;Colisão Transversal;1;1;1;;;;1
22/01/2017;09:39:00;130;sem vítima;514;BR-364/MT;Sul;Colisão Traseira;1;3;;;;;1
22/01/2017;10:10:00;143;sem vítima;204,5;BR-364/MT;Norte;Colisão Traseira;2;2;;;;;1
22/01/2017;19:18:00;327;sem vítima;822;BR-163/MT;Sul;Colisão Lateral;1;2;;;;;1
22/01/2017;19:32:00;332;sem vítima;753;BR-163/MT;Norte;Colisão Transversal;1;2;;;;;1
22/01/2017;20:09:00;347;com vítima;435,017;BR-364/MT;Norte;Colisão Traseira;2;2;;;1;;2
23/01/2017;06:19:00;34;com vítima;574,088;BR-364/MT;Sul;Choque - Talude;1;0;1;;;;1
23/01/2017;10:46:00;150;sem vítima;477,22;BR-364/MT;Norte;Saida de Pista;1;3;;;;;1
23/01/2017;11:25:00;161;sem vítima;582,689;BR-364/MT;Norte;Colisão Lateral;1;7;;;;;1
23/01/2017;20:34:00;353;com vítima;537,22;BR-364/MT;Norte;Colisão Frontal;1;4;;;1;;2
24/01/2017;09:32:00;124;sem vítima;387,2;BR-364/MT;Norte;Colisão Traseira;1;2;;;;;1
24/01/2017;21:46:00;387;sem vítima;320;BR-364/MT;Sul;Colisão Traseira;2;3;;;;;1
25/01/2017;03:50:00;40;sem vítima;605,409;BR-163/MT;Norte;Saida de Pista;1;1;;;;;1
25/01/2017;06:41:00;64;sem vítima;730,8;BR-163/MT;Sul;Capotamento;1;1;;;;;1
25/01/2017;07:53:00;98;sem vítima;435,1;BR-364/MT;Sul;Colisão Traseira;2;2;;;;;1
25/01/2017;10:06:00;143;sem vítima;581;BR-163/MT;Norte;Saida de Pista;1;1;;;;;1
25/01/2017;10:53:00;154;sem vítima;283,188;BR-364/MT;Sul;Tombamento;2;2;;;;;1
25/01/2017;11:25:00;167;com vítima;455,076;BR-364/MT;Sul;Colisão Traseira;2;1;1;;;;1
25/01/2017;14:08:00;204;sem vítima;530,6;BR-364/MT;Norte;Colisão Traseira;2;2;;;;;1
25/01/2017;14:17:00;210;sem vítima;384,2;BR-364/MT;Sul;Engavetamento;2;3;;;;;1
25/01/2017;14:20:00;211;sem vítima;380,2;BR-364/MT;Norte;Colisão Traseira;2;2;;;;;1
25/01/2017;16:21:00;241;com vítima;265;BR-364/MT;Sul;Atropelamento - Ciclista;1;1;;1;;;2
25/01/2017;18:35:00;296;com vítima;380;BR-364/MT;Norte;Engavetamento;3;2;1;;;;1
25/01/2017;18:56:00;312;sem vítima;689,69;BR-163/MT;Norte;Colisão Traseira;2;2;;;;;1
25/01/2017;21:21:00;358;sem vítima;614;BR-163/MT;Sul;Colisão Traseira;2;2;;;;;1
26/01/2017;01:24:00;22;sem vítima;277;BR-364/MT;Sul;Capotamento;1;1;;;;;1
26/01/2017;10:40:00;154;sem vítima;515,984;BR-070/MT;Sul;Colisão Traseira;2;2;;;;;1
26/01/2017;10:51:00;165;sem vítima;522,445;BR-364/MT;Sul;Colisão Traseira;2;2;;;;;1
26/01/2017;11:11:00;173;com vítima;828;BR-163/MT;Sul;Colisão Traseira;1;1;1;;;;1
26/01/2017;11:30:00;179;sem vítima;835,6;BR-163/MT;Norte;Colisão Lateral;2;3;;;;;1
26/01/2017;14:38:00;229;sem vítima;397,48;BR-364/MT;Sul;Colisão Transversal;1;5;;;;;1
26/01/2017;17:21:00;279;sem vítima;451,76;BR-364/MT;Sul;Colisão Traseira;1;2;;;;;1
26/01/2017;18:00:00;292;com vítima;538,5;BR-163/MT;Sul;Saida de Pista;1;0;;1;;;2
26/01/2017;18:16:00;297;sem vítima;539;BR-163/MT;Norte;Colisão Traseira;2;2;;;;;1
27/01/2017;03:02:00;16;sem vítima;511,313;BR-364/MT;Norte;Tombamento;1;1;;;;;1
27/01/2017;15:06:00;250;sem vítima;284;BR-364/MT;Sul;Colisão Lateral;2;4;;;;;1
27/01/2017;17:54:00;303;com vítima;835,5;BR-163/MT;Sul;Colisão Lateral;1;1;1;;;;1
28/01/2017;09:29:00;108;com vítima;474,2;BR-364/MT;Sul;Colisão Lateral;2;0;1;1;;;2
28/01/2017;09:37:00;109;com vítima;458,12;BR-364/MT;Sul;Colisão Frontal;1;1;;1;;1;3
28/01/2017;10:32:00;129;sem vítima;401,6;BR-364/MT;Sul;Engavetamento;1;3;;;;;1
28/01/2017;12:43:00;171;sem vítima;456;BR-364/MT;Norte;Saida de Pista;1;1;;;;;1
28/01/2017;18:21:00;278;sem vítima;664,045;BR-163/MT;Sul;Engavetamento;2;3;;;;;1
29/01/2017;08:02:00;110;sem vítima;297;BR-364/MT;Norte;Colisão Traseira;1;2;;;;;1
29/01/2017;08:14:00;115;sem vítima;529,4;BR-163/MT;Sul;Tombamento;1;1;;;;;1
29/01/2017;16:08:00;285;sem vítima;809,232;BR-163/MT;Norte;Tombamento;1;1;;;;;1
30/01/2017;07:14:00;69;sem vítima;454,857;BR-364/MT;Sul;Colisão Traseira;2;3;;;;;1
30/01/2017;07:44:00;83;com vítima;836,5;BR-163/MT;Norte;Colisão Transversal;1;1;1;;;;1
30/01/2017;16:24:00;304;sem vítima;532,152;BR-364/MT;Norte;Colisão Lateral;2;2;;;;;1
30/01/2017;18:10:00;343;com vítima;526,573;BR-163/MT;Norte;Tombamento;1;0;1;;;;1
30/01/2017;18:52:00;355;sem vítima;316,555;BR-364/MT;Norte;Colisão Traseira;2;2;;;;;1
31/01/2017;18:40:00;341;sem vítima;827;BR-163/MT;Sul;Colisão Lateral;2;2;;;;;1
01/02/2017;04:54:00;32;sem vítima;475,248;BR-364/MT;Norte;Choque - Outros;1;2;;;;;1
01/02/2017;07:16:00;50;sem vítima;33,587;BR-163/MT;Norte;Colisão Traseira;2;2;;;;;1
01/02/2017;09:36:00;120;sem vítima;524;BR-364/MT;Norte;Colisão Traseira;2;2;;;;;1
01/02/2017;09:58:00;134;sem vítima;829,186;BR-163/MT;Sul;Colisão Traseira;1;2;;;;;1
01/02/2017;14:21:00;223;sem vítima;605,5;BR-163/MT;Sul;Tombamento;1;1;;;;;1
01/02/2017;15:01:00;240;sem vítima;400,5;BR-364/MT;Norte;Colisão Transversal;1;2;;;;;1
03/02/2017;05:12:00;45;sem vítima;392,97;BR-364/MT;Norte;Tombamento;1;1;;;;;1
03/02/2017;05:45:00;51;sem vítima;586,899;BR-163/MT;Sul;Colisão Traseira;2;2;;;;;1
03/02/2017;15:35:00;303;sem vítima;510,787;BR-163/MT;Sul;Colisão Lateral;1;3;;;;;1
03/02/2017;23:57:00;451;sem vítima;521,366;BR-364/MT;Norte;Colisão Traseira;2;2;;;;;1
04/02/2017;10:03:00;122;sem vítima;312,266;BR-364/MT;Sul;Colisão Lateral;2;2;;;;;1
04/02/2017;11:40:00;157;sem vítima;627,15;BR-163/MT;Sul;Colisão Lateral;1;5;;;;;1
04/02/2017;12:10:00;163;sem vítima;793,18;BR-163/MT;Norte;Saida de Pista;1;1;;;;;1
04/02/2017;13:57:00;195;sem vítima;383,228;BR-364/MT;Sul;Colisão Traseira;1;2;;;;;1
04/02/2017;14:34:00;207;sem vítima;383,368;BR-364/MT;Sul;Colisão Traseira;1;6;;;;;1
04/02/2017;15:25:00;225;sem vítima;346,663;BR-364/MT;Norte;Saida de Pista;1;1;;;;;1
04/02/2017;16:02:00;239;sem vítima;348,427;BR-364/MT;Norte;Colisão Traseira;2;3;;;;;1
04/02/2017;17:38:00;277;sem vítima;262,254;BR-364/MT;Norte;Colisão Traseira;1;7;;;;;1
04/02/2017;20:02:00;312;com vítima;566,4;BR-163/MT;Sul;Engavetamento;2;2;1;1;;;2
04/02/2017;20:25:00;318;sem vítima;583,3;BR-163/MT;Sul;Saida de Pista;1;1;;;;;1
05/02/2017;00:26:00;2;sem vítima;576,1;BR-364/MT;Norte;Colisão Traseira;1;4;;;;;1
05/02/2017;01:59:00;13;com vítima;77;BR-163/MT;Sul;Tombamento;1;0;1;;;;1
05/02/2017;05:29:00;33;sem vítima;106,803;BR-163/MT;Sul;Tombamento;1;1;;;;;1
05/02/2017;15:11:00;193;sem vítima;592;BR-163/MT;Sul;Colisão Lateral;1;6;;;;;1
05/02/2017;16:49:00;214;sem vítima;397,5;BR-364/MT;Sul;Colisão Lateral;1;2;;;;;1
06/02/2017;06:56:00;48;com vítima;380,68;BR-364/MT;Sul;Tombamento;1;2;1;;;;1
06/02/2017;13:42:00;239;sem vítima;786,7;BR-163/MT;Sul;Colisão Transversal;1;2;;;;;1
06/02/2017;20:41:00;368;sem vítima;575,917;BR-364/MT;Sul;Saida de Pista;1;1;;;;;1
07/02/2017;00:50:00;8;sem vítima;393,031;BR-364/MT;Norte;Atropelamento de Animal;1;1;;;;;1
07/02/2017;06:46:00;59;sem vítima;482,996;BR-364/MT;Sul;Tombamento;1;3;;;;;1
07/02/2017;15:38:00;243;com vítima;325,9;BR-364/MT;Norte;Saida de Pista;1;0;;1;;;2
07/02/2017;16:33:00;262;sem vítima;119,6;BR-163/MT;Sul;Colisão Traseira;1;4;;;;;1
08/02/2017;08:38:00;99;sem vítima;834,05;BR-163/MT;Sul;Colisão Transversal;1;6;;;;;1
08/02/2017;17:24:00;309;com vítima;241,9;BR-364/MT;Norte;Engavetamento;3;5;1;;;;1
08/02/2017;19:48:00;351;com vítima;544,848;BR-163/MT;Sul;Colisão Frontal;3;1;1;;;2;3
09/02/2017;04:57:00;32;sem vítima;579,1;BR-364/MT;Norte;Choque - Defensa, barreira ou "submarino";1;2;;;;;1
09/02/2017;08:15:00;83;com vítima;826;BR-163/MT;Sul;Colisão Transversal;1;4;2;;;;1
09/02/2017;12:09:00;194;sem vítima;514,407;BR-364/MT;Sul;Colisão Traseira;1;2;;;;;1
09/02/2017;12:54:00;203;sem vítima;572;BR-163/MT;Norte;Tombamento;1;2;;;;;1
09/02/2017;14:59:00;233;sem vítima;531,565;BR-364/MT;Norte;Colisão Traseira;1;4;;;;;1
09/02/2017;16:00:00;266;com vítima;653,8;BR-163/MT;Norte;Colisão Traseira;2;1;1;;;;1
10/02/2017;07:29:00;75;sem vítima;269,787;BR-364/MT;Norte;Colisão Transversal;1;3;;;;;1
10/02/2017;09:04:00;114;sem vítima;506,55;BR-364/MT;Norte;Colisão Lateral;1;3;;;;;1
10/02/2017;16:45:00;291;sem vítima;238;BR-364/MT;Norte;Colisão Traseira;1;2;;;;;1
11/02/2017;07:30:00;65;sem vítima;572,273;BR-163/MT;Norte;Tombamento;1;1;;;;;1
11/02/2017;09:49:00;111;sem vítima;536,365;BR-364/MT;Sul;Colisão Traseira;2;3;;;;;1
11/02/2017;13:43:00;186;sem vítima;277,379;BR-364/MT;Sul;Tombamento;1;1;;;;;1
11/02/2017;14:19:00;198;sem vítima;573,783;BR-364/MT;Sul;Colisão Lateral;2;2;;;;;1
11/02/2017;17:03:00;269;sem vítima;452,964;BR-364/MT;Norte;Saida de Pista;1;1;;;;;1
12/02/2017;06:51:00;59;sem vítima;725,47;BR-163/MT;Sul;Colisão Lateral;1;4;;;;;1
12/02/2017;16:32:00;267;com vítima;601,22;BR-163/MT;Sul;Tombamento;1;0;1;;;;1
12/02/2017;18:44:00;308;sem vítima;331;BR-364/MT;Norte;Colisão Traseira;2;2;;;;;1
13/02/2017;08:26:00;60;sem vítima;460,3;BR-364/MT;Norte;Colisão Lateral;1;4;;;;;1
13/02/2017;19:11:00;269;sem vítima;678,236;BR-163/MT;Sul;Tombamento;1;1;;;;;1
13/02/2017;21:54:00;299;sem vítima;749,383;BR-163/MT;Norte;Colisão Traseira;1;2;;;;;1
14/02/2017;07:55:00;51;sem vítima;484,1;BR-364/MT;Sul;Colisão Lateral;2;3;;;;;1
14/02/2017;08:59:00;70;com vítima;573,981;BR-163/MT;Sul;Colisão Frontal;1;0;2;;;;1
14/02/2017;09:12:00;77;com vítima;305,507;BR-364/MT;Sul;Colisão Traseira;2;2;1;;;;1
14/02/2017;11:24:00;122;sem vítima;444,1;BR-364/MT;Norte;Colisão Traseira;1;4;;;;;1
14/02/2017;22:35:00;318;sem vítima;514,013;BR-070/MT;Norte;Colisão Transversal;1;3;;;;;1
15/02/2017;07:31:00;88;sem vítima;316,55;BR-364/MT;Sul;Colisão Traseira;2;2;;;;;1
15/02/2017;09:28:00;154;com vítima;576,802;BR-364/MT;Sul;Saida de Pista;1;0;1;;;;1
15/02/2017;14:53:00;284;sem vítima;304,768;BR-364/MT;Sul;Colisão Traseira;2;2;;;;;1
15/02/2017;15:17:00;293;sem vítima;608,755;BR-163/MT;Sul;Colisão Lateral;1;2;;;;;1
15/02/2017;21:49:00;385;sem vítima;584,7;BR-163/MT;Norte;Colisão Lateral;1;6;;;;;1
16/02/2017;09:55:00;129;com vítima;513,936;BR-070/MT;Norte;Colisão Transversal;1;2;1;;;;1
16/02/2017;11:05:00;168;sem vítima;491,022;BR-364/MT;Norte;Colisão Traseira;2;2;;;;;1
17/02/2017;10:59:00;128;sem vítima;503,68;BR-070/MT;Sul;Colisão Transversal;1;4;;;;;1
17/02/2017;14:40:00;190;sem vítima;401;BR-364/MT;Sul;Engavetamento;1;3;;;;;1
17/02/2017;16:21:00;218;com vítima;111,275;BR-163/MT;Sul;Colisão Transversal;1;2;;;2;;2
17/02/2017;18:37:00;262;sem vítima;684,769;BR-163/MT;Norte;Saida de Pista;1;1;;;;;1
17/02/2017;19:43:00;281;sem vítima;581,668;BR-364/MT;Sul;Colisão Lateral;1;3;;;;;1
17/02/2017;20:50:00;304;com vítima;277;BR-364/MT;Sul;Tombamento;1;1;1;;;;1
18/02/2017;09:21:00;132;com vítima;829,191;BR-163/MT;Sul;Colisão Lateral;1;1;1;;;;1
18/02/2017;15:35:00;263;com vítima;474,616;BR-364/MT;Norte;Colisão Transversal;2;0;;1;1;3;3
18/02/2017;15:52:00;268;com vítima;746,648;BR-163/MT;Norte;Colisão Lateral;1;4;1;;;;1
18/02/2017;16:47:00;281;sem vítima;694,1;BR-163/MT;Norte;Saida de Pista;1;1;;;;;1
19/02/2017;08:59:00;97;sem vítima;541,9;BR-163/MT;Norte;Saida de Pista;1;1;;;;;1
19/02/2017;10:37:00;129;sem vítima;854,2;BR-163/MT;Norte;Colisão Traseira;1;7;;;;;1
19/02/2017;17:01:00;247;sem vítima;383,15;BR-364/MT;Norte;Colisão Lateral;1;2;;;;;1
19/02/2017;20:55:00;305;sem vítima;838,602;BR-163/MT;Sul;Colisão Lateral;2;2;;;;;1
20/02/2017;15:46:00;234;sem vítima;643,422;BR-163/MT;Sul;Saida de Pista;1;1;;;;;1
21/02/2017;09:57:00;125;com vítima;271,883;BR-364/MT;Sul;Colisão Traseira;1;2;1;;;;1
21/02/2017;10:07:00;133;sem vítima;98,936;BR-163/MT;Norte;Tombamento;1;1;;;;;1
21/02/2017;10:20:00;170;sem vítima;97,959;BR-163/MT;Norte;Colisão Traseira;2;2;;;;;1
22/02/2017;08:03:00;88;sem vítima;831,617;BR-163/MT;Norte;Saida de Pista;1;3;;;;;1
22/02/2017;13:17:00;198;sem vítima;514,2;BR-070/MT;Norte;Colisão Transversal;1;2;;;;;1
22/02/2017;13:35:00;205;sem vítima;568,3;BR-364/MT;Sul;Tombamento;1;1;;;;;1
23/02/2017;09:16:00;127;sem vítima;434,944;BR-364/MT;Sul;Colisão Traseira;2;2;;;;;1
23/02/2017;12:12:00;195;sem vítima;756,6;BR-163/MT;Norte;Colisão Lateral;2;2;;;;;1
23/02/2017;19:39:00;345;sem vítima;347;BR-364/MT;Norte;Saida de Pista;1;1;;;;;1
24/02/2017;10:21:00;138;sem vítima;251,815;BR-364/MT;Sul;Colisão Transversal;2;2;;;;;1
24/02/2017;19:15:00;306;sem vítima;400,561;BR-364/MT;Norte;Colisão Traseira;1;3;;;;;1
25/02/2017;05:25:00;51;sem vítima;298;BR-364/MT;Sul;Saida de Pista;1;1;;;;;1
25/02/2017;05:45:00;54;com vítima;567,382;BR-364/MT;Norte;Colisão Lateral;1;1;;;1;1;3
25/02/2017;12:34:00;166;sem vítima;400,474;BR-364/MT;Norte;Colisão Traseira;1;2;;;;;1
25/02/2017;13:53:00;188;com vítima;540;BR-364/MT;Norte;Tombamento;1;0;1;;;;1
25/02/2017;15:32:00;226;sem vítima;582,9;BR-364/MT;Sul;Colisão Lateral;1;6;;;;;1
25/02/2017;20:21:00;316;sem vítima;337;BR-364/MT;Sul;Tombamento;1;1;;;;;1
26/02/2017;06:15:00;42;sem vítima;373,2;BR-364/MT;Sul;Colisão Lateral;1;2;;;;;1
26/02/2017;11:25:00;158;sem vítima;664,551;BR-163/MT;Sul;Colisão Traseira;2;2;;;;;1
26/02/2017;13:18:00;197;com vítima;843,5;BR-163/MT;Sul;Colisão Traseira;1;2;1;;;;1
26/02/2017;17:45:00;292;sem vítima;595;BR-163/MT;Sul;Colisão Traseira;2;2;;;;;1
26/02/2017;20:48:00;343;sem vítima;97;BR-163/MT;Sul;Colisão Transversal;2;2;;;;;1
27/02/2017;15:19:00;218;com vítima;582,025;BR-364/MT;Norte;Colisão Lateral;1;5;3;;;;1
28/02/2017;10:36:00;128;com vítima;685,3;BR-163/MT;Norte;Colisão Frontal;1;1;;3;;;2
01/03/2017;12:17:00;163;com vítima;355,675;BR-364/MT;Sul;Tombamento;1;0;;;;1;3
02/03/2017;08:39:00;78;sem vítima;574;BR-163/MT;Sul;Colisão Traseira;1;2;;;;;1
02/03/2017;09:36:00;91;com vítima;827;BR-163/MT;Sul;Colisão Lateral;1;1;3;;;;1
02/03/2017;09:49:00;101;sem vítima;513,937;BR-070/MT;Sul;Colisão Transversal;1;3;;;;;1
02/03/2017;14:51:00;205;sem vítima;514;BR-070/MT;Norte;Colisão Transversal;2;2;;;;;1
03/03/2017;07:02:00;72;sem vítima;202,71;BR-364/MT;Sul;Engavetamento;2;3;;;;;1
03/03/2017;07:18:00;82;com vítima;202,9;BR-364/MT;Sul;Engavetamento;2;1;1;;;1;3
03/03/2017;18:29:00;326;sem vítima;775,5;BR-163/MT;Norte;Colisão Traseira;1;2;;;;;1
04/03/2017;00:36:00;3;com vítima;507,956;BR-070/MT;Sul;Colisão Traseira;1;1;1;;;;1
04/03/2017;04:38:00;25;sem vítima;674,839;BR-163/MT;Sul;Tombamento;1;1;;;;;1
04/03/2017;11:23:00;158;com vítima;827,255;BR-163/MT;Norte;Colisão Transversal;1;1;;;1;;2
05/03/2017;12:46:00;165;sem vítima;101;BR-163/MT;Norte;Tombamento;1;1;;;;;1
05/03/2017;16:24:00;226;sem vítima;479;BR-364/MT;Norte;Colisão Traseira;1;2;;;;;1
05/03/2017;18:15:00;256;sem vítima;621,316;BR-163/MT;Sul;Engavetamento;2;4;;;;;1
06/03/2017;10:35:00;148;sem vítima;629;BR-163/MT;Sul;Engavetamento;3;3;;;;;1
06/03/2017;11:43:00;170;sem vítima;516;BR-364/MT;Norte;Colisão Traseira;1;2;;;;;1
06/03/2017;16:59:00;272;sem vítima;94,276;BR-163/MT;Sul;Choque - Defensa, barreira ou "submarino";1;1;;;;;1
07/03/2017;00:46:00;11;sem vítima;708,112;BR-163/MT;Norte;Saida de Pista;1;1;;;;;1
07/03/2017;07:30:00;51;com vítima;833,349;BR-163/MT;Norte;Colisão Frontal;1;1;1;;;;1
07/03/2017;16:16:00;259;com vítima;397,586;BR-364/MT;Norte;Colisão Lateral;1;2;1;;;;1
07/03/2017;18:08:00;297;com vítima;515,116;BR-070/MT;Norte;Engavetamento;2;2;1;;;;1
08/03/2017;10:13:00;134;sem vítima;687,207;BR-163/MT;Sul;Colisão Transversal;1;4;;;;;1
09/03/2017;07:28:00;65;com vítima;500,16;BR-070/MT;Norte;Colisão Transversal;1;2;2;;;;1
09/03/2017;08:02:00;89;sem vítima;517,5;BR-364/MT;Norte;Tombamento;1;2;;;;;1
09/03/2017;13:22:00;194;sem vítima;597,8;BR-163/MT;Sul;Colisão Traseira;1;2;;;;;1
09/03/2017;15:57:00;249;sem vítima;562,975;BR-364/MT;Sul;Tombamento;1;2;;;;;1
10/03/2017;05:41:00;42;com vítima;854,156;BR-163/MT;Norte;Colisão Transversal;1;1;4;;;;1
10/03/2017;14:53:00;248;sem vítima;75,214;BR-163/MT;Norte;Colisão Traseira;1;6;;;;;1
10/03/2017;17:37:00;307;com vítima;269,822;BR-364/MT;Sul;Tombamento;1;0;1;;;;1
11/03/2017;14:38:00;229;com vítima;595,599;BR-163/MT;Norte;Colisão Traseira;2;1;;1;;;2
11/03/2017;20:20:00;334;com vítima;275,893;BR-364/MT;Sul;Tombamento;1;1;1;;;;1
12/03/2017;10:20:00;105;sem vítima;496,637;BR-364/MT;Sul;Colisão Lateral;2;3;;;;;1
12/03/2017;18:08:00;240;com vítima;263,841;BR-364/MT;Sul;Colisão Lateral;1;6;2;3;;;2
13/03/2017;05:09:00;23;sem vítima;665,076;BR-163/MT;Sul;Tombamento;1;1;;;;;1
13/03/2017;11:56:00;135;com vítima;642,724;BR-163/MT;Sul;Colisão Lateral;1;1;2;;;;1
13/03/2017;15:06:00;195;com vítima;361,47;BR-364/MT;Sul;Tombamento;1;0;1;;;;1
13/03/2017;17:00:00;233;com vítima;624,885;BR-163/MT;Sul;Engavetamento;5;5;1;;;;1
13/03/2017;18:29:00;252;sem vítima;271,867;BR-364/MT;Sul;Colisão Transversal;1;3;;;;;1
14/03/2017;08:27:00;90;sem vítima;833;BR-163/MT;Sul;Colisão Transversal;1;2;;;;;1
14/03/2017;08:47:00;96;sem vítima;696,5;BR-163/MT;Norte;Colisão Traseira;1;5;;;;;1
14/03/2017;09:23:00;105;sem vítima;838;BR-163/MT;Sul;Colisão Lateral;1;3;;;;;1
14/03/2017;12:00:00;159;sem vítima;516;BR-163/MT;Sul;Saida de Pista;1;1;;;;;1
14/03/2017;14:32:00;191;com vítima;758;BR-163/MT;Sul;Colisão Transversal;1;1;1;;1;;2
14/03/2017;15:16:00;204;sem vítima;507,2;BR-364/MT;Sul;Colisão Lateral;2;2;;;;;1
15/03/2017;06:03:00;37;sem vítima;834,958;BR-163/MT;Sul;Colisão Lateral;2;5;;;;;1
15/03/2017;09:12:00;107;sem vítima;456,223;BR-364/MT;Sul;Colisão Lateral;3;4;;;;;1