data;horario;n_da_ocorrencia;tipo_de_ocorrencia;km;trecho;sentido;tipo_de_acidente;caminhao;ilesos;levemente_feridos;moderadamente_feridos;gravemente_feridos;mortos;3
15/03/2017;17:42:00;273;sem vítima;119,602;BR-163/MT;Norte;Colisão Lateral;1;2;;;;;1
16/03/2017;07:00:00;54;sem vítima;226,972;BR-364/MT;Sul;Colisão Traseira;2;2;;;;;1
16/03/2017;21:20:00;325;com vítima;105,387;BR-163/MT;Sul;Colisão Traseira;2;1;;;1;;2
17/03/2017;12:02:00;135;sem vítima;289,523;BR-364/MT;Sul;Tombamento;1;1;;;;;1
17/03/2017;14:53:00;190;sem vítima;586,404;BR-364/MT;Sul;Colisão Lateral;2;3;;;;;1
17/03/2017;15:01:00;195;com vítima;586,7;BR-364/MT;Sul;Colisão Traseira;2;1;1;;;;1
17/03/2017;15:07:00;196;sem vítima;360,5;BR-364/MT;Norte;Colisão Traseira;1;3;;;;;1
17/03/2017;16:18:00;212;sem vítima;438,008;BR-364/MT;Sul;Saida de Pista;1;1;;;;;1
18/03/2017;02:38:00;24;sem vítima;484,42;BR-364/MT;Norte;Saida de Pista;1;1;;;;;1
18/03/2017;09:42:00;110;sem vítima;835,479;BR-163/MT;Sul;Colisão Traseira;1;5;;;;;1
18/03/2017;10:47:00;138;sem vítima;316,608;BR-364/MT;Sul;Colisão Lateral;3;5;;;;;1
18/03/2017;13:41:00;174;sem vítima;237,206;BR-364/MT;Norte;Colisão Traseira;2;6;;;;;1
18/03/2017;13:49:00;181;com vítima;525,348;BR-163/MT;Sul;Colisão Traseira;1;4;1;;;;1
19/03/2017;12:42:00;137;sem vítima;831,578;BR-163/MT;Norte;Colisão Transversal;1;5;;;;;1
19/03/2017;17:18:00;205;sem vítima;598,042;BR-163/MT;Norte;Tombamento;1;1;;;;;1
20/03/2017;02:57:00;21;sem vítima;463,343;BR-364/MT;Norte;Saida de Pista;1;1;;;;;1
21/03/2017;17:08:00;285;sem vítima;569,6;BR-364/MT;Sul;Colisão Lateral;1;1;;;;;1
23/03/2017;07:16:00;65;sem vítima;259,541;BR-364/MT;Norte;Colisão Transversal;1;3;;;;;1
23/03/2017;17:48:00;302;sem vítima;526,879;BR-163/MT;Norte;Objeto lançado contra veículo;1;2;;;;;1
23/03/2017;22:55:00;383;sem vítima;810,3;BR-163/MT;Norte;Saida de Pista;1;1;;;;;1
24/03/2017;07:59:00;84;sem vítima;832,805;BR-163/MT;Sul;Colisão Transversal;2;2;;;;;1
25/03/2017;12:55:00;207;com vítima;712,742;BR-163/MT;Norte;Colisão Traseira;2;1;;1;1;;2
25/03/2017;16:47:00;259;sem vítima;566,412;BR-163/MT;Norte;Saida de Pista;1;1;;;;;1
26/03/2017;02:05:00;28;sem vítima;586,99;BR-364/MT;Sul;Saida de Pista;1;1;;;;;1
26/03/2017;06:51:00;51;sem vítima;503,65;BR-070/MT;Sul;Tombamento;1;1;;;;;1
26/03/2017;15:11:00;209;com vítima;827,983;BR-163/MT;Norte;Colisão Lateral;1;1;4;;;;1
27/03/2017;02:59:00;22;com vítima;110,981;BR-163/MT;Sul;Choque - Outros;1;0;;;;1;3
27/03/2017;06:40:00;48;com vítima;360,568;BR-364/MT;Sul;Colisão Transversal;1;1;;;1;;2
28/03/2017;14:31:00;253;sem vítima;554,769;BR-364/MT;Sul;Colisão Traseira;1;2;;;;;1
29/03/2017;12:58:00;236;com vítima;824,206;BR-163/MT;Sul;Colisão Transversal;1;2;1;;;;1
29/03/2017;19:13:00;344;com vítima;480,549;BR-364/MT;Norte;Colisão Traseira;2;1;1;;;;1
30/03/2017;18:48:00;257;com vítima;117,81;BR-163/MT;Sul;Choque - Poste;1;1;;;1;;2
31/03/2017;04:57:00;32;sem vítima;559,448;BR-163/MT;Sul;Colisão Lateral;2;2;;;;;1
31/03/2017;10:07:00;125;sem vítima;98,849;BR-163/MT;Sul;Tombamento;1;2;;;;;1
31/03/2017;11:07:00;144;sem vítima;608,21;BR-163/MT;Norte;Tombamento;1;1;;;;;1
31/03/2017;13:04:00;169;sem vítima;486,625;BR-364/MT;Norte;Saida de Pista;1;1;;;;;1
31/03/2017;13:45:00;179;sem vítima;257,973;BR-364/MT;Norte;Colisão Traseira;2;3;;;;;1
31/03/2017;14:04:00;185;sem vítima;374,246;BR-364/MT;Sul;Colisão Traseira;2;2;;;;;1
31/03/2017;14:49:00;196;sem vítima;770,411;BR-163/MT;Norte;Saida de Pista;1;2;;;;;1
31/03/2017;16:33:00;232;sem vítima;521,565;BR-070/MT;Sul;Colisão Traseira;1;3;;;;;1
01/04/2017;05:15:00;43;sem vítima;256,973;BR-364/MT;Sul;Saida de Pista;1;5;;;;;1
01/04/2017;07:59:00;79;sem vítima;99;BR-163/MT;Sul;Colisão Lateral;1;4;;;;;1
01/04/2017;16:23:00;260;sem vítima;269,322;BR-364/MT;Norte;Colisão Traseira;2;2;;;;;1
02/04/2017;08:39:00;80;sem vítima;4,138;BR-163/MT;Norte;Colisão Traseira;1;39;;;;;1
02/04/2017;11:15:00;141;com vítima;503,635;BR-070/MT;Sul;Tombamento;1;1;1;;;;1
02/04/2017;15:40:00;210;com vítima;487,2;BR-364/MT;Norte;Saida de Pista;1;0;1;;;;1
02/04/2017;16:30:00;226;sem vítima;316;BR-364/MT;Sul;Colisão Traseira;1;2;;;;;1
02/04/2017;23:04:00;302;sem vítima;586,877;BR-163/MT;Sul;Choque - Outros;1;2;;;;;1
03/04/2017;06:53:00;37;sem vítima;271,917;BR-364/MT;Sul;Colisão Lateral;2;2;;;;;1
03/04/2017;13:31:00;169;sem vítima;333,651;BR-364/MT;Sul;Colisão Traseira;2;2;;;;;1
03/04/2017;15:49:00;202;com vítima;826,186;BR-163/MT;Norte;Colisão Lateral;1;2;1;;;;1
04/04/2017;07:29:00;56;sem vítima;401,31;BR-364/MT;Norte;Colisão Transversal;1;2;;;;;1
04/04/2017;17:35:00;275;com vítima;401,539;BR-364/MT;Norte;Colisão Lateral;1;2;;1;;;2
04/04/2017;23:53:00;346;sem vítima;315,04;BR-364/MT;Sul;Saida de Pista;1;1;;;;;1
05/04/2017;10:34:00;148;sem vítima;827,942;BR-163/MT;Sul;Colisão Lateral;1;2;;;;;1
05/04/2017;20:40:00;354;com vítima;276;BR-364/MT;Norte;Colisão Frontal;1;2;;;1;;2
06/04/2017;13:20:00;211;com vítima;558,559;BR-163/MT;Norte;Colisão Lateral;2;1;1;;;;1
06/04/2017;18:00:00;313;com vítima;692,166;BR-163/MT;Norte;Colisão Frontal;1;3;1;;;;1
06/04/2017;20:37:00;348;com vítima;380,243;BR-364/MT;Sul;Tombamento;1;2;3;;;;1
07/04/2017;04:32:00;29;com vítima;601,513;BR-163/MT;Sul;Saida de Pista;1;0;1;;;;1
07/04/2017;08:06:00;81;com vítima;57,833;BR-163/MT;Sul;Colisão Traseira;2;0;;2;;1;3
07/04/2017;10:52:00;163;sem vítima;447,9;BR-364/MT;Sul;Tombamento;1;1;;;;;1
07/04/2017;16:02:00;269;com vítima;105,761;BR-163/MT;Norte;Colisão Traseira;1;1;;;2;2;3
07/04/2017;16:18:00;274;sem vítima;104,528;BR-163/MT;Norte;Colisão Lateral;2;2;;;;;1
07/04/2017;17:37:00;293;com vítima;822,174;BR-163/MT;Norte;Engavetamento;1;7;1;;;;1
07/04/2017;23:24:00;369;sem vítima;475;BR-364/MT;Norte;Choque - Defensa, barreira ou "submarino";1;1;;;;;1
08/04/2017;13:54:00;207;sem vítima;579,079;BR-364/MT;Norte;Colisão Traseira;2;2;;;;;1
08/04/2017;14:44:00;220;sem vítima;569,022;BR-364/MT;Sul;Tombamento;1;1;;;;;1
08/04/2017;17:54:00;275;sem vítima;583,947;BR-163/MT;Sul;Tombamento;1;1;;;;;1
09/04/2017;02:55:00;15;sem vítima;672,88;BR-163/MT;Sul;Saida de Pista;1;1;;;;;1
09/04/2017;08:20:00;69;com vítima;350,32;BR-364/MT;Norte;Saida de Pista;1;0;;;;1;3
09/04/2017;16:02:00;196;sem vítima;373,14;BR-364/MT;Norte;Colisão Traseira;2;3;;;;;1
10/04/2017;04:13:00;31;sem vítima;524,204;BR-364/MT;Norte;Saida de Pista;1;1;;;;;1
10/04/2017;06:37:00;54;sem vítima;521,2;BR-364/MT;Sul;Saida de Pista;1;1;;;;;1
10/04/2017;19:44:00;330;sem vítima;401;BR-364/MT;Norte;Colisão Lateral;1;2;;;;;1
11/04/2017;08:01:00;100;sem vítima;514,08;BR-070/MT;Sul;Engavetamento;1;3;;;;;1
11/04/2017;09:06:00;147;com vítima;517,5;BR-070/MT;Norte;Colisão Traseira;1;1;;;;2;3
11/04/2017;12:56:00;243;sem vítima;530,912;BR-163/MT;Sul;Colisão Lateral;2;5;;;;;1
11/04/2017;13:36:00;254;com vítima;559,85;BR-163/MT;Sul;Colisão Frontal;1;1;2;;;;1
11/04/2017;18:46:00;366;com vítima;489,19;BR-364/MT;Norte;Colisão Lateral;2;2;;1;;;2
12/04/2017;17:33:00;282;sem vítima;262;BR-364/MT;Sul;Capotamento;1;3;;;;;1
13/04/2017;02:08:00;23;sem vítima;448,501;BR-364/MT;Sul;Saida de Pista;1;1;;;;;1
13/04/2017;07:55:00;76;sem vítima;258,512;BR-364/MT;Norte;Colisão Traseira;1;3;;;;;1
13/04/2017;08:57:00;101;sem vítima;258,732;BR-364/MT;Norte;Colisão Transversal;1;2;;;;;1
13/04/2017;13:37:00;199;sem vítima;516,337;BR-364/MT;Norte;Saida de Pista;1;1;;;;;1
13/04/2017;14:53:00;231;com vítima;236,22;BR-364/MT;Norte;Colisão Lateral;1;1;1;1;;;2
13/04/2017;16:43:00;266;sem vítima;512,58;BR-070/MT;Sul;Colisão Lateral;2;3;;;;;1
14/04/2017;12:43:00;209;sem vítima;753,659;BR-163/MT;Sul;Colisão Lateral;1;6;;;;;1
15/04/2017;08:31:00;64;sem vítima;269,997;BR-364/MT;Sul;Tombamento;1;1;;;;;1
15/04/2017;11:26:00;121;com vítima;617,188;BR-163/MT;Sul;Colisão Lateral;1;1;1;;;;1
15/04/2017;16:33:00;215;com vítima;204,941;BR-364/MT;Norte;Colisão Transversal;1;1;;1;;;2
15/04/2017;16:46:00;220;sem vítima;527;BR-163/MT;Sul;Choque - Defensa, barreira ou "submarino";1;1;;;;;1
15/04/2017;16:46:00;264;sem vítima;527;BR-163/MT;Sul;Choque - Objeto sobre a pista;1;1;;;;;1
16/04/2017;14:47:00;155;sem vítima;585,9;BR-364/MT;Norte;Saida de Pista;1;1;;;;;1
17/04/2017;13:41:00;174;sem vítima;516,923;BR-070/MT;Norte;Engavetamento;1;4;;;;;1
17/04/2017;19:07:00;267;sem vítima;521,605;BR-070/MT;Norte;Colisão Transversal;1;4;;;;;1
17/04/2017;20:29:00;279;com vítima;837,128;BR-163/MT;Sul;Colisão Transversal;1;1;1;;;;1
18/04/2017;05:14:00;24;sem vítima;664,426;BR-163/MT;Norte;Colisão Traseira;1;2;;;;;1
18/04/2017;15:16:00;271;sem vítima;639,176;BR-163/MT;Sul;Saida de Pista;1;1;;;;;1
19/04/2017;11:45:00;202;com vítima;826,281;BR-163/MT;Norte;Colisão Lateral;1;1;1;;1;;2
19/04/2017;15:55:00;292;sem vítima;782,941;BR-163/MT;Norte;Colisão Traseira;2;2;;;;;1
20/04/2017;12:43:00;168;sem vítima;592,323;BR-163/MT;Norte;Saida de Pista;1;1;;;;;1
20/04/2017;15:04:00;204;com vítima;269,094;BR-364/MT;Norte;Colisão Traseira;1;1;1;;;;1
20/04/2017;16:28:00;220;com vítima;567,198;BR-364/MT;Norte;Capotamento;1;0;2;;;;1
21/04/2017;17:15:00;181;sem vítima;701,5;BR-163/MT;Norte;Saida de Pista;1;1;;;;;1
22/04/2017;08:48:00;93;sem vítima;448,116;BR-364/MT;Norte;Tombamento;1;2;;;;;1
22/04/2017;09:44:00;112;sem vítima;210;BR-364/MT;Norte;Colisão Lateral;2;2;;;;;1
22/04/2017;13:45:00;185;sem vítima;589,118;BR-163/MT;Sul;Colisão Traseira;1;3;;;;;1
22/04/2017;15:55:00;240;sem vítima;272,5;BR-364/MT;Norte;Colisão Lateral;1;4;;;;;1
22/04/2017;16:55:00;266;sem vítima;98,771;BR-163/MT;Norte;Choque - Defensa, barreira ou "submarino";1;1;;;;;1
23/04/2017;00:20:00;2;sem vítima;832,729;BR-163/MT;Sul;Choque - Veiculo parado no acostamento;1;2;;;;;1
23/04/2017;12:43:00;158;com vítima;106,643;BR-163/MT;Norte;Saida de Pista;1;0;1;;;;1
23/04/2017;19:23:00;258;com vítima;585,775;BR-364/MT;Sul;Colisão Transversal;1;1;2;1;1;1;3
24/04/2017;14:44:00;156;com vítima;751,102;BR-163/MT;Norte;Colisão Traseira;1;1;1;;;;1
24/04/2017;15:44:00;171;sem vítima;558,5;BR-163/MT;Sul;Saida de Pista;1;1;;;;;1
25/04/2017;09:10:00;98;sem vítima;578,623;BR-364/MT;Sul;Colisão Transversal;1;2;;;;;1
25/04/2017;10:45:00;143;sem vítima;624,3;BR-163/MT;Sul;Saida de Pista;1;2;;;;;1
25/04/2017;16:09:00;270;sem vítima;350,358;BR-364/MT;Norte;Tombamento;1;1;;;;;1
26/04/2017;16:24:00;317;sem vítima;513,655;BR-070/MT;Norte;Colisão Traseira;2;2;;;;;1
27/04/2017;05:24:00;26;sem vítima;385,039;BR-364/MT;Norte;Saida de Pista;1;1;;;;;1
27/04/2017;09:13:00;124;sem vítima;349,689;BR-364/MT;Norte;Colisão Traseira;2;3;;;;;1
27/04/2017;16:32:00;287;com vítima;822,662;BR-163/MT;Norte;Colisão Lateral;1;1;1;;;;1
27/04/2017;18:12:00;310;sem vítima;393,22;BR-364/MT;Norte;Colisão Traseira;1;19;;;;;1
28/04/2017;16:43:00;239;sem vítima;514,15;BR-070/MT;Sul;Colisão Traseira;2;2;;;;;1
29/04/2017;07:09:00;48;com vítima;278,541;BR-364/MT;Norte;Colisão Traseira;2;1;;1;;;2
29/04/2017;10:14:00;121;sem vítima;229,812;BR-364/MT;Sul;Tombamento;2;3;;;;;1
29/04/2017;11:04:00;133;sem vítima;214,239;BR-364/MT;Norte;Colisão Lateral;1;4;;;;;1
29/04/2017;15:44:00;234;com vítima;567,5;BR-163/MT;Sul;Saida de Pista;1;0;1;;;;1
29/04/2017;16:12:00;245;sem vítima;258,719;BR-364/MT;Sul;Colisão Transversal;1;2;;;;;1
29/04/2017;17:32:00;261;sem vítima;746,137;BR-163/MT;Sul;Engavetamento;1;4;;;;;1
29/04/2017;19:41:00;292;sem vítima;512,556;BR-070/MT;Norte;Colisão Traseira;2;2;;;;;1
30/04/2017;20:23:00;267;sem vítima;529,57;BR-364/MT;Sul;Colisão Lateral;1;4;;;;;1
01/05/2017;13:16:00;153;sem vítima;834,53;BR-163/MT;Norte;Tombamento;1;1;;;;;1
01/05/2017;13:42:00;162;sem vítima;603,903;BR-163/MT;Norte;Tombamento;1;1;;;;;1
01/05/2017;21:38:00;283;com vítima;360;BR-364/MT;Norte;Colisão Traseira;1;2;1;;;;1
02/05/2017;09:37:00;106;sem vítima;511,39;BR-070/MT;Sul;Colisão Traseira;2;2;;;;;1
02/05/2017;14:41:00;199;sem vítima;661,9;BR-163/MT;Norte;Saida de Pista;1;1;;;;;1
03/05/2017;17:30:00;285;sem vítima;513,334;BR-070/MT;Norte;Colisão Transversal;1;4;;;;;1
04/05/2017;15:02:00;285;com vítima;399,729;BR-364/MT;Sul;Engavetamento;2;2;3;1;;;2
04/05/2017;17:04:00;332;sem vítima;628,867;BR-163/MT;Sul;Colisão Frontal;1;3;;;;;1
04/05/2017;18:20:00;347;sem vítima;746,271;BR-163/MT;Norte;Colisão Lateral;1;3;;;;;1
04/05/2017;20:00:00;373;sem vítima;344;BR-364/MT;Norte;Saida de Pista;1;2;;;;;1
05/05/2017;08:17:00;94;sem vítima;526,61;BR-364/MT;Norte;Engavetamento;3;11;;;;;1
05/05/2017;09:09:00;125;sem vítima;360,903;BR-364/MT;Norte;Colisão Traseira;1;3;;;;;1
05/05/2017;10:30:00;170;sem vítima;254;BR-364/MT;Norte;Colisão Traseira;1;2;;;;;1
05/05/2017;15:39:00;287;com vítima;711,541;BR-163/MT;Sul;Colisão Lateral;1;3;2;;;;1
05/05/2017;18:27:00;352;com vítima;258,026;BR-364/MT;Norte;Colisão Transversal;1;1;;;1;;2
05/05/2017;20:30:00;385;com vítima;349,907;BR-364/MT;Norte;Saida de Pista;1;0;;;;1;3
05/05/2017;23:10:00;411;sem vítima;397;BR-364/MT;Norte;Colisão Transversal;1;4;;;;;1
06/05/2017;09:43:00;126;sem vítima;485,4;BR-364/MT;Sul;Engavetamento;3;3;;;;;1
06/05/2017;11:20:00;159;com vítima;755,75;BR-163/MT;Norte;Saida de Pista;1;1;2;;;;1
06/05/2017;11:36:00;160;sem vítima;203,169;BR-364/MT;Sul;Colisão Transversal;1;2;;;;;1
06/05/2017;12:10:00;168;sem vítima;685,048;BR-163/MT;Sul;Saida de Pista;1;1;;;;;1
06/05/2017;12:19:00;171;sem vítima;750,171;BR-163/MT;Sul;Colisão Transversal;1;5;;;;;1
06/05/2017;14:58:00;212;sem vítima;528,584;BR-163/MT;Sul;Colisão Lateral;1;5;;;;;1
06/05/2017;18:58:00;266;com vítima;273,966;BR-364/MT;Norte;Colisão Transversal;1;1;1;;;;1
08/05/2017;08:25:00;120;com vítima;360,79;BR-364/MT;Norte;Engavetamento;2;2;1;1;;;2
08/05/2017;10:21:00;179;sem vítima;204,3;BR-364/MT;Norte;Colisão Lateral;1;2;;;;;1
08/05/2017;10:42:00;195;sem vítima;397,2;BR-364/MT;Sul;Colisão Traseira;1;2;;;;;1
08/05/2017;11:38:00;211;com vítima;201,524;BR-364/MT;Norte;Colisão Traseira;1;1;1;;;;1
09/05/2017;05:12:00;35;sem vítima;518,2;BR-364/MT;Norte;Saida de Pista;1;1;;;;;1
09/05/2017;12:20:00;206;com vítima;854,181;BR-163/MT;Sul;Colisão Transversal;1;0;2;;;;1
09/05/2017;16:50:00;305;com vítima;827,191;BR-163/MT;Sul;Colisão Lateral;1;1;;2;;;2
09/05/2017;18:38:00;322;sem vítima;640,8;BR-163/MT;Norte;Colisão Traseira;1;2;;;;;1
10/05/2017;09:20:00;135;com vítima;347,69;BR-364/MT;Norte;Colisão Traseira;2;2;1;;;;1
10/05/2017;11:12:00;186;com vítima;447,996;BR-364/MT;Sul;Colisão Transversal;1;1;1;;;;1
10/05/2017;12:28:00;205;sem vítima;347,728;BR-364/MT;Norte;Colisão Traseira;2;4;;;;;1
10/05/2017;15:11:00;266;sem vítima;512,657;BR-070/MT;Sul;Engavetamento;2;3;;;;;1
11/05/2017;06:20:00;38;sem vítima;219,917;BR-364/MT;Sul;Colisão Lateral;1;3;;;;;1
11/05/2017;10:59:00;121;com vítima;829,4;BR-163/MT;Norte;Colisão Traseira;1;3;1;;;;1
11/05/2017;13:13:00;162;com vítima;114,054;BR-163/MT;Norte;Colisão Lateral;1;3;;1;;;2
12/05/2017;10:13:00;175;sem vítima;831,437;BR-163/MT;Sul;Colisão Lateral;2;2;;;;;1
12/05/2017;11:53:00;215;com vítima;117,327;BR-163/MT;Sul;Colisão Lateral;1;1;;1;;;2
12/05/2017;15:51:00;313;sem vítima;592,4;BR-163/MT;Norte;Colisão Traseira;1;4;;;;;1
12/05/2017;16:29:00;323;sem vítima;591,12;BR-163/MT;Norte;Colisão Lateral;2;4;;;;;1
13/05/2017;09:23:00;130;sem vítima;677,893;BR-163/MT;Norte;Tombamento;2;2;;;;;1
13/05/2017;09:48:00;141;sem vítima;289;BR-364/MT;Norte;Colisão Traseira;1;3;;;;;1
13/05/2017;16:28:00;289;sem vítima;364,5;BR-364/MT;Norte;Colisão Traseira;2;2;;;;;1
14/05/2017;00:40:00;11;sem vítima;676,854;BR-163/MT;Sul;Colisão Lateral;1;2;;;;;1
14/05/2017;10:21:00;112;com vítima;841,3;BR-163/MT;Sul;Colisão Transversal;1;1;1;;;;1
14/05/2017;11:36:00;127;sem vítima;584,921;BR-364/MT;Norte;Saida de Pista;1;1;;;;;1
15/05/2017;00:28:00;10;sem vítima;368,223;BR-364/MT;Sul;Saida de Pista;1;1;;;;;1
15/05/2017;09:27:00;115;sem vítima;586,9;BR-163/MT;Norte;Colisão Traseira;1;2;;;;;1
15/05/2017;13:34:00;202;com vítima;277,448;BR-364/MT;Sul;Saida de Pista;1;0;1;;;;1
15/05/2017;16:59:00;278;sem vítima;834,636;BR-163/MT;Norte;Colisão Traseira;1;4;;;;;1
15/05/2017;17:23:00;285;com vítima;835,8;BR-163/MT;Norte;Colisão Lateral;1;2;2;;;;1
15/05/2017;18:00:00;291;sem vítima;676,982;BR-163/MT;Sul;Colisão Traseira;1;3;;;;;1
15/05/2017;19:02:00;310;sem vítima;586,29;BR-364/MT;Sul;Tombamento;1;1;;;;;1
16/05/2017;02:14:00;22;sem vítima;586,937;BR-163/MT;Sul;Choque - Outros;1;2;;;;;1
17/05/2017;18:19:00;351;sem vítima;436,58;BR-364/MT;Norte;Colisão Transversal;2;2;;;;;1
17/05/2017;18:29:00;353;sem vítima;267,683;BR-364/MT;Sul;Tombamento;1;1;;;;;1
18/05/2017;06:34:00;41;com vítima;494,761;BR-364/MT;Norte;Colisão Transversal;1;1;1;;;;1
18/05/2017;10:30:00;139;sem vítima;586,556;BR-364/MT;Sul;Saida de Pista;1;1;;;;;1
18/05/2017;17:05:00;253;sem vítima;664,538;BR-163/MT;Sul;Saida de Pista;1;1;;;;;1
19/05/2017;00:38:00;6;sem vítima;807,3;BR-163/MT;Norte;Saida de Pista;1;1;;;;;1
19/05/2017;03:27:00;26;com vítima;725,8;BR-163/MT;Norte;Saida de Pista;1;0;1;;;;1
19/05/2017;08:41:00;89;sem vítima;522,028;BR-070/MT;Sul;Colisão Traseira;1;2;;;;;1
19/05/2017;12:55:00;193;com vítima;438,261;BR-364/MT;Norte;Colisão Frontal;1;1;;;;2;3
19/05/2017;15:38:00;247;sem vítima;393,843;BR-364/MT;Sul;Colisão Lateral;2;2;;;;;1
20/05/2017;07:00:00;78;sem vítima;110,76;BR-163/MT;Norte;Saida de Pista;1;1;;;;;1
20/05/2017;10:21:00;182;sem vítima;539,387;BR-163/MT;Norte;Saida de Pista;1;1;;;;;1
20/05/2017;17:05:00;345;com vítima;457,5;BR-364/MT;Sul;Colisão Lateral;1;4;2;;;;1
20/05/2017;17:09:00;348;com vítima;438,02;BR-364/MT;Norte;Saida de Pista;1;0;1;;;;1
20/05/2017;18:03:00;367;com vítima;844,609;BR-163/MT;Norte;Colisão Transversal;1;1;1;;1;1;3
20/05/2017;20:03:00;394;com vítima;553,426;BR-163/MT;Sul;Tombamento;1;0;1;;;;1
20/05/2017;21:09:00;409;sem vítima;779,871;BR-163/MT;Norte;Tombamento;1;1;;;;;1
21/05/2017;21:01:00;339;com vítima;668,061;BR-163/MT;Sul;Colisão Frontal;1;0;1;;1;;2
22/05/2017;08:46:00;83;sem vítima;827,232;BR-163/MT;Norte;Colisão Transversal;1;3;;;;;1
22/05/2017;12:08:00;146;sem vítima;276,993;BR-364/MT;Sul;Tombamento;1;2;;;;;1
22/05/2017;12:13:00;147;sem vítima;579,3;BR-163/MT;Norte;Tombamento;1;1;;;;;1
22/05/2017;18:02:00;263;com vítima;663,166;BR-163/MT;Sul;Colisão Lateral;1;1;1;;;;1
22/05/2017;23:21:00;309;sem vítima;579,166;BR-364/MT;Norte;Colisão Traseira;2;2;;;;;1
23/05/2017;08:09:00;77;sem vítima;209,914;BR-364/MT;Sul;Tombamento;1;1;;;;;1
23/05/2017;15:51:00;236;sem vítima;347,963;BR-364/MT;Norte;Saida de Pista;1;2;;;;;1
23/05/2017;16:05:00;242;sem vítima;565,5;BR-163/MT;Sul;Saida de Pista;1;1;;;;;1
23/05/2017;17:09:00;265;sem vítima;331,123;BR-364/MT;Sul;Saida de Pista;1;1;;;;;1
23/05/2017;23:22:00;346;com vítima;602,969;BR-163/MT;Sul;Colisão Frontal;1;2;1;2;;;2
24/05/2017;00:34:00;12;sem vítima;571;BR-163/MT;Sul;Colisão Lateral;1;2;;;;;1
24/05/2017;09:56:00;177;sem vítima;331,123;BR-364/MT;Sul;Colisão Transversal;1;3;;;;;1
24/05/2017;18:54:00;349;sem vítima;204,89;BR-364/MT;Norte;Colisão Lateral;1;2;;;;;1
24/05/2017;21:18:00;383;com vítima;401;BR-364/MT;Norte;Colisão Lateral;1;1;;;1;;2
25/05/2017;13:46:00;234;com vítima;371,313;BR-364/MT;Sul;Colisão Frontal;1;1;;;;2;3
25/05/2017;17:47:00;313;sem vítima;516;BR-163/MT;Sul;Colisão Traseira;1;2;;;;;1
25/05/2017;19:51:00;346;sem vítima;515;BR-070/MT;Norte;Colisão Transversal;1;2;;;;;1
26/05/2017;08:22:00;106;sem vítima;750,9;BR-163/MT;Norte;Colisão Traseira;1;2;;;;;1
26/05/2017;18:30:00;309;sem vítima;257,211;BR-364/MT;Norte;Colisão Traseira;1;4;;;;;1
27/05/2017;09:27:00;142;com vítima;641,76;BR-163/MT;Sul;Tombamento;1;0;1;;;;1
27/05/2017;13:56:00;228;sem vítima;521,774;BR-364/MT;Sul;Colisão Traseira;2;2;;;;;1
27/05/2017;15:16:00;261;com vítima;516,463;BR-070/MT;Sul;Colisão Transversal;1;1;2;;;;1
27/05/2017;16:48:00;290;sem vítima;111,037;BR-163/MT;Sul;Colisão Lateral;1;2;;;;;1
28/05/2017;07:40:00;90;sem vítima;337,934;BR-364/MT;Sul;Colisão Traseira;2;2;;;;;1
28/05/2017;14:52:00;237;sem vítima;502,15;BR-364/MT;Norte;Colisão Lateral;2;4;;;;;1
29/05/2017;08:19:00;84;sem vítima;755,441;BR-163/MT;Sul;Tombamento;1;1;;;;;1
30/05/2017;00:38:00;4;sem vítima;224;BR-364/MT;Sul;Atropelamento de Animal;1;1;;;;;1
30/05/2017;19:33:00;317;com vítima;826,14;BR-163/MT;Sul;Colisão Lateral;1;1;;;;1;3
31/05/2017;07:35:00;65;sem vítima;678,743;BR-163/MT;Sul;Colisão Transversal;1;2;;;;;1
31/05/2017;10:19:00;138;com vítima;641,264;BR-163/MT;Sul;Colisão Frontal;2;0;1;1;;;2
31/05/2017;17:49:00;291;sem vítima;835,31;BR-163/MT;Norte;Colisão Traseira;1;2;;;;;1
31/05/2017;18:25:00;301;sem vítima;346,959;BR-364/MT;Norte;Saida de Pista;1;1;;;;;1
31/05/2017;18:25:00;301;sem vítima;346,959;BR-364/MT;Norte;Saida de Pista;1;1;;;;;1
01/06/2017;02:19:00;19;sem vítima;808,083;BR-163/MT;Norte;Tombamento;1;1;;;;;1
01/06/2017;07:45:00;81;sem vítima;350,085;BR-364/MT;Norte;Colisão Traseira;1;3;;;;;1
01/06/2017;07:57:00;88;sem vítima;814,402;BR-163/MT;Sul;Tombamento;1;2;;;;;1
01/06/2017;14:33:00;244;sem vítima;388,277;BR-364/MT;Norte;Colisão Lateral;2;4;;;;;1