data;horario;n_da_ocorrencia;tipo_de_ocorrencia;km;trecho;sentido;tipo_de_acidente;caminhao;ilesos;levemente_feridos;moderadamente_feridos;gravemente_feridos;mortos;3
08/07/2017;01:54:00;22;com vítima;308,642;BR-364/MT;Sul;Colisão Traseira;2;1;;1;;;2
08/07/2017;06:47:00;54;com vítima;599,936;BR-163/MT;Sul;Choque - Veiculo parado no acostamento;1;3;1;;;;1
08/07/2017;11:17:00;169;com vítima;579,2;BR-364/MT;Sul;Colisão Transversal;1;1;1;;;;1
08/07/2017;14:02:00;216;sem vítima;746,205;BR-163/MT;Norte;Colisão Traseira;1;5;;;;;1
08/07/2017;15:20:00;243;com vítima;350,643;BR-364/MT;Norte;Colisão Traseira;2;1;;1;;;2
09/07/2017;08:40:00;94;sem vítima;394,987;BR-364/MT;Norte;Tombamento;1;1;;;;;1
09/07/2017;14:17:00;211;sem vítima;584,092;BR-364/MT;Norte;Colisão Lateral;1;2;;;;;1
09/07/2017;21:28:00;327;sem vítima;270,449;BR-364/MT;Sul;Tombamento;1;1;;;;;1
10/07/2017;05:23:00;35;sem vítima;485,22;BR-364/MT;Norte;Saida de Pista;1;1;;;;;1
10/07/2017;14:36:00;237;sem vítima;597,939;BR-163/MT;Sul;Colisão Transversal;1;2;;;;;1
11/07/2017;16:35:00;336;sem vítima;269,92;BR-364/MT;Norte;Colisão Transversal;1;7;;;;;1
12/07/2017;07:29:00;73;sem vítima;350,167;BR-364/MT;Sul;Saida de Pista;1;2;;;;;1
12/07/2017;09:01:00;116;com vítima;399,691;BR-364/MT;Norte;Atropelamento - Ciclista;1;1;;1;;;2
12/07/2017;09:58:00;136;sem vítima;520,85;BR-163/MT;Norte;Engavetamento;1;25;;;;;1
12/07/2017;15:43:00;256;com vítima;854,178;BR-163/MT;Sul;Colisão Transversal;1;4;2;;;;1
12/07/2017;16:44:00;290;sem vítima;475,9;BR-364/MT;Sul;Colisão Traseira;2;4;;;;;1
13/07/2017;06:11:00;20;com vítima;309,571;BR-364/MT;Norte;Colisão Traseira;1;2;4;;;;1
13/07/2017;11:01:00;155;com vítima;529,224;BR-364/MT;Sul;Engavetamento;3;5;;1;;;2
13/07/2017;23:40:00;364;com vítima;345,688;BR-364/MT;Norte;Colisão Traseira;2;1;1;;;;1
14/07/2017;06:35:00;41;com vítima;338,924;BR-364/MT;Sul;Colisão Lateral;1;1;3;1;;;2
14/07/2017;11:42:00;177;sem vítima;511,666;BR-070/MT;Norte;Engavetamento;3;3;;;;;1
15/07/2017;10:49:00;163;com vítima;826,908;BR-163/MT;Sul;Colisão Transversal;1;1;1;;;;1
15/07/2017;13:07:00;211;sem vítima;276,642;BR-364/MT;Sul;Colisão Traseira;1;3;;;;;1
15/07/2017;15:17:00;247;sem vítima;350,358;BR-364/MT;Norte;Saida de Pista;1;1;;;;;1
15/07/2017;15:33:00;253;sem vítima;266,795;BR-364/MT;Sul;Colisão Lateral;1;4;;;;;1
15/07/2017;22:10:00;383;com vítima;518,133;BR-070/MT;Sul;Colisão Lateral;1;1;2;;;;1
16/07/2017;19:17:00;314;com vítima;846,924;BR-163/MT;Norte;Capotamento;1;0;1;;;;1
17/07/2017;01:28:00;14;com vítima;349,75;BR-364/MT;Norte;Tombamento;1;0;;;;1;3
17/07/2017;07:02:00;54;sem vítima;276,488;BR-364/MT;Norte;Colisão Traseira;1;3;;;;;1
17/07/2017;07:46:00;73;com vítima;575,612;BR-364/MT;Sul;Colisão Lateral;1;1;2;;;;1
17/07/2017;08:47:00;98;com vítima;332,439;BR-364/MT;Sul;Colisão Traseira;2;1;;1;;;2
17/07/2017;08:48:00;99;sem vítima;497,413;BR-070/MT;Norte;Colisão Traseira;2;4;;;;;1
17/07/2017;09:50:00;122;com vítima;331,937;BR-364/MT;Norte;Colisão Traseira;1;1;1;1;;1;3
17/07/2017;15:11:00;207;com vítima;399,563;BR-364/MT;Sul;Colisão Transversal;1;1;1;;;;1
17/07/2017;20:23:00;281;sem vítima;320,355;BR-364/MT;Norte;Tombamento;1;2;;;;;1
17/07/2017;20:46:00;285;sem vítima;342,68;BR-364/MT;Sul;Colisão Traseira;1;5;;;;;1
18/07/2017;05:25:00;36;sem vítima;270,582;BR-364/MT;Sul;Colisão Traseira;1;2;;;;;1
18/07/2017;09:58:00;142;sem vítima;324,933;BR-364/MT;Norte;Tombamento;1;1;;;;;1
18/07/2017;10:32:00;157;sem vítima;762,765;BR-163/MT;Sul;Saida de Pista;1;1;;;;;1
18/07/2017;16:34:00;256;sem vítima;494,919;BR-364/MT;Norte;Colisão Traseira;2;2;;;;;1
19/07/2017;07:28:00;71;sem vítima;509,3;BR-070/MT;Norte;Colisão Lateral;2;2;;;;;1
19/07/2017;15:40:00;293;sem vítima;510,11;BR-163/MT;Sul;Colisão Traseira;1;2;;;;;1
19/07/2017;22:19:00;400;sem vítima;255,888;BR-364/MT;Norte;Colisão Lateral;2;2;;;;;1
20/07/2017;12:46:00;193;sem vítima;621,274;BR-163/MT;Sul;Colisão Traseira;2;2;;;;;1
20/07/2017;15:00:00;235;sem vítima;605,887;BR-163/MT;Sul;Tombamento;1;1;;;;;1
20/07/2017;23:44:00;369;com vítima;832,62;BR-163/MT;Norte;Colisão Frontal;1;1;;;;1;3
20/07/2017;23:54:00;371;sem vítima;507,582;BR-070/MT;Sul;Colisão Traseira;2;4;;;;;1
21/07/2017;06:36:00;34;com vítima;639,398;BR-163/MT;Sul;Colisão Frontal;2;1;1;;1;;2
21/07/2017;10:28:00;118;sem vítima;527,948;BR-364/MT;Sul;Colisão Traseira;2;3;;;;;1
21/07/2017;11:44:00;150;com vítima;209,845;BR-364/MT;Norte;Colisão Lateral;1;1;1;;;;1
21/07/2017;15:12:00;220;sem vítima;394,791;BR-364/MT;Norte;Colisão Traseira;1;2;;;;;1
21/07/2017;16:38:00;260;sem vítima;522,46;BR-163/MT;Sul;Colisão Traseira;1;3;;;;;1
22/07/2017;09:30:00;106;sem vítima;272,212;BR-364/MT;Norte;Colisão Lateral;1;3;;;;;1
22/07/2017;10:20:00;118;sem vítima;834,356;BR-163/MT;Sul;Colisão Traseira;1;9;;;;;1
22/07/2017;17:06:00;266;sem vítima;521,513;BR-070/MT;Norte;Colisão Traseira;2;2;;;;;1
23/07/2017;14:23:00;197;com vítima;205,5;BR-364/MT;Norte;Atropelamento - Usuário;1;1;;;;1;3
24/07/2017;14:49:00;225;com vítima;98,172;BR-163/MT;Sul;Tombamento;1;0;1;;;;1
24/07/2017;19:04:00;303;sem vítima;467,001;BR-364/MT;Norte;Colisão Traseira;2;5;;;;;1
24/07/2017;19:12:00;306;sem vítima;440,3;BR-364/MT;Norte;Choque - Defensa, barreira ou "submarino";1;1;;;;;1
24/07/2017;19:27:00;311;sem vítima;396,798;BR-364/MT;Norte;Atropelamento de Animal;1;1;;;;;1
24/07/2017;22:37:00;353;sem vítima;541,405;BR-364/MT;Norte;Choque - Outros;1;3;;;;;1
25/07/2017;13:57:00;195;sem vítima;383,198;BR-364/MT;Sul;Colisão Traseira;2;2;;;;;1
25/07/2017;15:58:00;237;com vítima;376,649;BR-364/MT;Sul;Colisão Traseira;2;1;;2;;;2
25/07/2017;17:41:00;264;sem vítima;214,499;BR-364/MT;Norte;Colisão Transversal;1;2;;;;;1
26/07/2017;20:49:00;356;com vítima;269,352;BR-364/MT;Norte;Colisão Lateral;1;1;;1;;;2
26/07/2017;20:51:00;357;sem vítima;514,31;BR-163/MT;Norte;Tombamento;1;1;;;;;1
27/07/2017;05:49:00;44;sem vítima;327,892;BR-364/MT;Norte;Colisão Traseira;1;6;;;;;1
27/07/2017;07:18:00;64;sem vítima;581,57;BR-364/MT;Norte;Colisão Lateral;1;3;;;;;1
27/07/2017;07:30:00;70;sem vítima;478,018;BR-364/MT;Norte;Engavetamento;3;3;;;;;1
27/07/2017;09:07:00;112;sem vítima;517,118;BR-163/MT;Norte;Colisão Traseira;1;2;;;;;1
27/07/2017;09:48:00;132;sem vítima;253,955;BR-364/MT;Sul;Saida de Pista;1;1;;;;;1
27/07/2017;15:12:00;280;com vítima;829,289;BR-163/MT;Norte;Colisão Lateral;1;5;1;;;;1
27/07/2017;22:27:00;418;com vítima;458,57;BR-364/MT;Sul;Tombamento;1;0;1;;;;1
28/07/2017;11:09:00;168;sem vítima;520;BR-364/MT;Norte;Colisão Traseira;2;2;;;;;1
28/07/2017;16:35:00;278;sem vítima;203,761;BR-364/MT;Norte;Colisão Lateral;1;2;;;;;1
28/07/2017;17:16:00;291;sem vítima;586,952;BR-163/MT;Norte;Colisão Traseira;2;5;;;;;1
28/07/2017;19:46:00;329;sem vítima;640,85;BR-163/MT;Norte;Colisão Lateral;1;7;;;;;1
29/07/2017;09:59:00;112;com vítima;583,735;BR-163/MT;Sul;Tombamento;1;0;1;;;;1
29/07/2017;15:26:00;209;sem vítima;383,308;BR-364/MT;Norte;Colisão Traseira;1;3;;;;;1
29/07/2017;18:25:00;267;com vítima;204,747;BR-364/MT;Sul;Colisão Transversal;1;3;;1;;;2
29/07/2017;23:59:00;320;com vítima;269,821;BR-364/MT;Sul;Choque - Veiculo parado no acostamento;1;1;;;;1;3
30/07/2017;11:44:00;134;sem vítima;586,9;BR-163/MT;Norte;Colisão Traseira;2;2;;;;;1
30/07/2017;20:04:00;281;sem vítima;854,17;BR-163/MT;Sul;Choque - Defensa, barreira ou "submarino";1;1;;;;;1
31/07/2017;06:53:00;39;sem vítima;509,7;BR-070/MT;Norte;Colisão Frontal;1;3;;;;;1
31/07/2017;16:16:00;276;sem vítima;590,239;BR-163/MT;Sul;Tombamento;1;2;;;;;1
31/07/2017;20:16:00;344;sem vítima;334,003;BR-364/MT;Sul;Colisão Lateral;1;4;;;;;1
01/09/2017;04:56:00;38;sem vítima;457,965;BR-364/MT;Sul;Choque - Defensa, barreira ou "submarino";1;1;;;;;1
01/09/2017;06:30:00;48;sem vítima;251,049;BR-364/MT;Sul;Colisão Traseira;2;2;;;;;1
01/09/2017;13:59:00;240;sem vítima;272,46;BR-364/MT;Sul;Colisão Lateral;1;2;;;;;1
01/09/2017;14:57:00;255;com vítima;308,657;BR-364/MT;Norte;Colisão Traseira;2;1;;1;1;;2
02/09/2017;06:35:00;57;com vítima;447,168;BR-364/MT;Sul;Colisão Frontal;3;3;1;;;1;3
02/09/2017;08:45:00;99;com vítima;519,789;BR-364/MT;Norte;Choque - Veiculo parado no acostamento;2;2;;1;;;2
02/09/2017;13:13:00;187;sem vítima;496,616;BR-364/MT;Sul;Tombamento;1;1;;;;;1
03/09/2017;10:44:00;129;com vítima;546,69;BR-163/MT;Norte;Tombamento;1;0;1;;;;1
05/09/2017;11:09:00;177;sem vítima;834,95;BR-163/MT;Norte;Colisão Lateral;1;2;;;;;1
05/09/2017;12:08:00;204;sem vítima;758,158;BR-163/MT;Sul;Tombamento;1;1;;;;;1
05/09/2017;13:30:00;232;sem vítima;848,738;BR-163/MT;Sul;Tombamento;1;1;;;;;1
05/09/2017;15:14:00;284;com vítima;600,872;BR-163/MT;Norte;Colisão Lateral;1;1;1;;;;1
05/09/2017;16:16:00;315;com vítima;674,898;BR-163/MT;Norte;Colisão Traseira;1;2;1;;;;1
05/09/2017;16:56:00;327;sem vítima;662,837;BR-163/MT;Sul;Tombamento;1;1;;;;;1
05/09/2017;22:38:00;420;sem vítima;324,165;BR-364/MT;Sul;Tombamento;1;1;;;;;1
06/09/2017;03:35:00;24;sem vítima;436,293;BR-364/MT;Sul;Colisão Transversal;1;6;;;;;1
06/09/2017;17:23:00;336;com vítima;523,481;BR-070/MT;Norte;Colisão Frontal;1;1;;;;2;3
06/09/2017;18:47:00;371;sem vítima;540,257;BR-163/MT;Sul;Colisão Lateral;1;4;;;;;1
07/09/2017;11:57:00;148;sem vítima;501,719;BR-364/MT;Sul;Colisão Lateral;2;2;;;;;1
07/09/2017;13:47:00;188;sem vítima;641,062;BR-163/MT;Norte;Colisão Traseira;2;2;;;;;1
07/09/2017;16:44:00;243;sem vítima;245,281;BR-364/MT;Sul;Tombamento;1;1;;;;;1
07/09/2017;17:25:00;258;sem vítima;562,342;BR-163/MT;Sul;Colisão Lateral;2;2;;;;;1
08/09/2017;14:03:00;223;com vítima;209,454;BR-364/MT;Sul;Tombamento;1;0;1;1;;;2
08/09/2017;18:17:00;319;sem vítima;231,53;BR-364/MT;Norte;Saida de Pista;1;1;;;;;1
09/09/2017;09:35:00;123;sem vítima;703,567;BR-163/MT;Sul;Tombamento;1;1;;;;;1
09/09/2017;10:03:00;137;com vítima;854,172;BR-163/MT;Norte;Colisão Transversal;1;1;1;1;;;2
09/09/2017;11:59:00;177;sem vítima;277,361;BR-364/MT;Sul;Tombamento;1;1;;;;;1
09/09/2017;12:00:00;179;sem vítima;119,619;BR-163/MT;Norte;Colisão Lateral;1;2;;;;;1
09/09/2017;14:38:00;230;com vítima;575,671;BR-364/MT;Sul;Colisão Lateral;2;2;2;2;;;2
09/09/2017;15:24:00;249;sem vítima;643,708;BR-163/MT;Norte;Colisão Traseira;1;3;;;;;1
09/09/2017;18:44:00;318;sem vítima;664,045;BR-163/MT;Norte;Colisão Traseira;1;3;;;;;1
09/09/2017;22:15:00;365;com vítima;99,5;BR-163/MT;Sul;Tombamento;1;0;1;;;;1
11/09/2017;08:51:00;107;sem vítima;348,153;BR-364/MT;Norte;Colisão Traseira;2;3;;;;;1
11/09/2017;13:08:00;201;com vítima;827,251;BR-163/MT;Sul;Colisão Transversal;1;1;1;;;;1
11/09/2017;15:40:00;254;sem vítima;356,392;BR-364/MT;Sul;Tombamento;1;1;;;;;1
11/09/2017;17:50:00;296;com vítima;639,38;BR-163/MT;Norte;Colisão Lateral;1;1;1;;;;1
11/09/2017;18:12:00;300;sem vítima;118,565;BR-163/MT;Norte;Engavetamento;1;3;;;;;1
11/09/2017;18:19:00;304;sem vítima;686,469;BR-163/MT;Norte;Colisão Frontal;1;4;;;;;1
12/09/2017;15:09:00;260;sem vítima;514,006;BR-070/MT;Sul;Colisão Traseira;2;2;;;;;1
12/09/2017;21:34:00;384;com vítima;356,667;BR-364/MT;Sul;Saida de Pista;1;0;;;;1;3
12/09/2017;22:10:00;396;sem vítima;521,767;BR-070/MT;Sul;Colisão Traseira;1;2;;;;;1
13/09/2017;08:49:00;113;com vítima;823,957;BR-163/MT;Sul;Colisão Lateral;1;1;1;;;;1
13/09/2017;09:18:00;130;sem vítima;581,238;BR-364/MT;Norte;Colisão Lateral;1;3;;;;;1
13/09/2017;20:39:00;401;sem vítima;349,528;BR-364/MT;Norte;Tombamento;1;2;;;;;1
14/09/2017;11:26:00;172;com vítima;201,35;BR-364/MT;Sul;Colisão Traseira;1;1;1;;;;1
14/09/2017;19:55:00;354;com vítima;349,49;BR-364/MT;Norte;Choque - Veiculo parado na pista;2;1;2;;;;1
15/09/2017;15:53:00;294;sem vítima;392,035;BR-364/MT;Norte;Colisão Traseira;2;2;;;;;1
15/09/2017;18:11:00;353;com vítima;688,736;BR-163/MT;Norte;Colisão Transversal;1;1;1;;;;1
16/09/2017;08:23:00;102;sem vítima;556,072;BR-163/MT;Norte;Colisão Lateral;1;8;;;;;1
17/09/2017;07:10:00;74;sem vítima;439,046;BR-364/MT;Sul;Tombamento;1;1;;;;;1
17/09/2017;16:37:00;318;sem vítima;548,1;BR-364/MT;Norte;Saida de Pista;1;1;;;;;1
17/09/2017;19:04:00;356;sem vítima;536,1;BR-364/MT;Sul;Colisão Traseira;1;2;;;;;1
17/09/2017;19:53:00;366;sem vítima;489,135;BR-364/MT;Sul;Choque - Defensa, barreira ou "submarino";1;1;;;;;1
18/09/2017;15:12:00;250;sem vítima;214,681;BR-364/MT;Norte;Colisão Lateral;2;3;;;;;1
18/09/2017;15:44:00;260;sem vítima;502,145;BR-364/MT;Sul;Colisão Lateral;1;3;;;;;1
18/09/2017;15:52:00;263;com vítima;561;BR-364/MT;Norte;Colisão Lateral;1;1;;1;;;2
18/09/2017;21:02:00;365;com vítima;83,933;BR-163/MT;Sul;Colisão Traseira;2;1;;;1;;2
19/09/2017;06:58:00;61;sem vítima;834,9;BR-163/MT;Norte;Colisão Traseira;1;2;;;;;1
19/09/2017;13:27:00;220;sem vítima;273,495;BR-364/MT;Sul;Colisão Lateral;1;2;;;;;1
19/09/2017;15:14:00;249;com vítima;717,755;BR-163/MT;Sul;Colisão Lateral;1;1;;1;;;2
20/09/2017;12:33:00;221;sem vítima;458,448;BR-364/MT;Norte;Colisão Traseira;2;2;;;;;1
20/09/2017;13:25:00;242;sem vítima;401;BR-364/MT;Norte;Colisão Traseira;2;2;;;;;1
21/09/2017;03:03:00;37;sem vítima;509,418;BR-163/MT;Norte;Choque - Defensa, barreira ou "submarino";1;2;;;;;1
21/09/2017;17:04:00;314;sem vítima;567,5;BR-364/MT;Sul;Tombamento;1;1;;;;;1
22/09/2017;07:26:00;58;sem vítima;548,158;BR-163/MT;Sul;Saida de Pista;1;1;;;;;1
22/09/2017;10:31:00;170;sem vítima;272,067;BR-364/MT;Sul;Colisão Transversal;1;2;;;;;1
22/09/2017;12:42:00;200;sem vítima;227,5;BR-364/MT;Sul;Colisão Lateral;1;4;;;;;1
22/09/2017;18:29:00;312;com vítima;836,4;BR-163/MT;Norte;Colisão Transversal;1;2;2;;;;1
23/09/2017;06:50:00;75;sem vítima;575,932;BR-163/MT;Sul;Saida de Pista;1;2;;;;;1
23/09/2017;14:42:00;220;sem vítima;513,493;BR-070/MT;Sul;Colisão Transversal;1;2;;;;;1
24/09/2017;13:24:00;192;sem vítima;345,328;BR-364/MT;Sul;Colisão Traseira;1;3;;;;;1
24/09/2017;18:35:00;297;com vítima;513,952;BR-070/MT;Norte;Colisão Transversal;1;5;;2;;;2
24/09/2017;19:16:00;304;com vítima;11,382;BR-163/MT;Sul;Colisão Traseira;1;3;;;;1;3
24/09/2017;22:02:00;341;sem vítima;379,237;BR-364/MT;Sul;Tombamento;1;1;;;;;1
25/09/2017;04:36:00;29;sem vítima;503,672;BR-070/MT;Sul;Tombamento;1;1;;;;;1
25/09/2017;12:54:00;231;com vítima;850,952;BR-163/MT;Norte;Colisão Traseira;1;1;1;;;;1
25/09/2017;13:15:00;238;sem vítima;664,627;BR-163/MT;Sul;Colisão Traseira;1;1;;;;;1
25/09/2017;16:07:00;298;com vítima;515,426;BR-070/MT;Norte;Atropelamento - Ciclista;1;1;;1;;;2
26/09/2017;07:59:00;110;sem vítima;832,977;BR-163/MT;Sul;Colisão Lateral;1;3;;;;;1
26/09/2017;13:45:00;275;sem vítima;511,584;BR-070/MT;Norte;Colisão Traseira;1;2;;;;;1
26/09/2017;15:40:00;324;sem vítima;98,791;BR-163/MT;Norte;Tombamento;1;1;;;;;1
27/09/2017;06:46:00;53;sem vítima;346,442;BR-364/MT;Sul;Tombamento;1;1;;;;;1
27/09/2017;13:29:00;200;sem vítima;347,751;BR-364/MT;Norte;Colisão Traseira;2;2;;;;;1
27/09/2017;20:27:00;319;sem vítima;529,807;BR-163/MT;Sul;Tombamento;1;1;;;;;1
27/09/2017;20:52:00;323;com vítima;568,502;BR-364/MT;Sul;Tombamento;1;0;1;;;;1
27/09/2017;21:17:00;327;sem vítima;515,139;BR-364/MT;Sul;Saida de Pista;1;1;;;;;1
28/09/2017;05:06:00;45;sem vítima;587,977;BR-364/MT;Sul;Colisão Traseira;2;2;;;;;1
28/09/2017;07:09:00;76;sem vítima;586,968;BR-163/MT;Sul;Colisão Traseira;2;2;;;;;1
28/09/2017;07:09:00;77;sem vítima;600,299;BR-163/MT;Norte;Colisão Transversal;1;3;;;;;1
28/09/2017;11:55:00;205;com vítima;550,48;BR-163/MT;Sul;Colisão Lateral;2;2;1;;;;1
28/09/2017;14:00:00;238;sem vítima;490,382;BR-364/MT;Norte;Colisão Traseira;2;2;;;;;1
28/09/2017;14:26:00;247;sem vítima;397;BR-364/MT;Sul;Saida de Pista;1;1;;;;;1
29/09/2017;10:41:00;173;sem vítima;347,05;BR-364/MT;Norte;Choque - Defensa, barreira ou "submarino";1;1;;;;;1
29/09/2017;13:13:00;217;sem vítima;214,4;BR-364/MT;Sul;Colisão Lateral;2;2;;;;;1
29/09/2017;14:41:00;243;sem vítima;746,454;BR-163/MT;Norte;Colisão Lateral;2;2;;;;;1
29/09/2017;16:38:00;279;com vítima;202,623;BR-364/MT;Norte;Colisão Traseira;2;1;1;;;;1
29/09/2017;21:38:00;367;com vítima;544,334;BR-163/MT;Sul;Tombamento;1;0;1;;;;1
30/09/2017;20:41:00;328;com vítima;349,419;BR-364/MT;Sul;Tombamento;1;0;;1;;;2
01/10/2017;09:06:00;94;sem vítima;515,481;BR-163/MT;Sul;Colisão Lateral;1;3;;;;;1
02/10/2017;07:15:00;71;sem vítima;400,646;BR-364/MT;Sul;Colisão Traseira;1;3;;;;;1
02/10/2017;08:42:00;108;sem vítima;511,621;BR-070/MT;Norte;Colisão Traseira;1;4;;;;;1
02/10/2017;11:53:00;173;sem vítima;98,919;BR-163/MT;Norte;Tombamento;1;1;;;;;1
02/10/2017;13:25:00;204;com vítima;567,224;BR-364/MT;Norte;Saida de Pista;1;1;1;;;;1
02/10/2017;15:58:00;245;sem vítima;598,28;BR-163/MT;Norte;Choque - Veiculo parado no acostamento;2;2;;;;;1
02/10/2017;19:06:00;281;sem vítima;329,912;BR-364/MT;Norte;Saida de Pista;1;2;;;;;1
02/10/2017;22:09:00;314;com vítima;498,316;BR-364/MT;Sul;Queda de Moto;1;1;1;;;1;3
03/10/2017;15:39:00;245;sem vítima;513,99;BR-070/MT;Sul;Colisão Transversal;2;3;;;;;1
04/10/2017;15:58:00;270;sem vítima;465,648;BR-364/MT;Sul;Colisão Traseira;2;2;;;;;1
04/10/2017;18:18:00;327;sem vítima;249,434;BR-364/MT;Norte;Colisão Lateral;2;2;;;;;1
04/10/2017;18:59:00;346;sem vítima;83,693;BR-163/MT;Norte;Saida de Pista;1;1;;;;;1
04/10/2017;20:16:00;369;com vítima;532,879;BR-364/MT;Norte;Colisão Traseira;2;2;;;1;;2
04/10/2017;20:22:00;370;sem vítima;469,906;BR-364/MT;Norte;Saida de Pista;1;1;;;;;1
04/10/2017;20:40:00;376;sem vítima;524,3;BR-364/MT;Norte;Saida de Pista;1;1;;;;;1
04/10/2017;21:06:00;384;sem vítima;90,596;BR-163/MT;Norte;Atropelamento de Animal;1;1;;;;;1
05/10/2017;07:27:00;72;com vítima;782,209;BR-163/MT;Sul;Colisão Traseira;2;1;1;;;;1
05/10/2017;09:15:00;123;sem vítima;511,297;BR-070/MT;Norte;Engavetamento;3;5;;;;;1
05/10/2017;11:32:00;185;sem vítima;528,018;BR-163/MT;Sul;Tombamento;1;1;;;;;1
05/10/2017;23:31:00;394;sem vítima;333,403;BR-364/MT;Norte;Colisão Traseira;2;2;;;;;1
06/10/2017;07:34:00;78;com vítima;356,575;BR-364/MT;Sul;Tombamento;1;0;;;;1;3
06/10/2017;07:48:00;83;com vítima;519,051;BR-163/MT;Sul;Colisão Traseira;2;2;1;;;;1
06/10/2017;16:06:00;277;com vítima;623,061;BR-163/MT;Sul;Colisão Traseira;1;0;4;;;;1
07/10/2017;00:48:00;16;com vítima;687;BR-163/MT;Norte;Colisão Traseira;1;1;1;;;;1
07/10/2017;05:19:00;51;com vítima;809;BR-163/MT;Norte;Colisão Traseira;1;1;;;;3;3
07/10/2017;11:15:00;153;sem vítima;522,283;BR-070/MT;Sul;Engavetamento;3;6;;;;;1
07/10/2017;16:51:00;247;sem vítima;762,532;BR-163/MT;Norte;Tombamento;1;1;;;;;1
07/10/2017;18:30:00;274;sem vítima;332,632;BR-364/MT;Norte;Saida de Pista;1;1;;;;;1
08/10/2017;13:17:00;196;com vítima;347,9;BR-364/MT;Norte;Tombamento;1;0;1;;;;1
08/10/2017;18:56:00;303;sem vítima;376,9;BR-364/MT;Norte;Colisão Traseira;2;3;;;;;1
09/10/2017;00:26:00;4;sem vítima;82;BR-163/MT;Norte;Choque - Veiculo parado no acostamento;1;2;;;;;1
09/10/2017;11:50:00;198;sem vítima;845,812;BR-163/MT;Norte;Colisão Traseira;1;2;;;;;1
09/10/2017;12:49:00;212;sem vítima;327,883;BR-364/MT;Norte;Tombamento;1;1;;;;;1
09/10/2017;13:43:00;223;sem vítima;566;BR-364/MT;Sul;Saida de Pista;1;1;;;;;1
09/10/2017;17:15:00;306;sem vítima;110,632;BR-163/MT;Sul;Tombamento;1;1;;;;;1
10/10/2017;05:02:00;50;com vítima;552,048;BR-163/MT;Sul;Tombamento;1;0;1;;;;1
10/10/2017;07:35:00;96;com vítima;837,139;BR-163/MT;Sul;Colisão Transversal;1;1;1;;;;1
10/10/2017;09:03:00;136;sem vítima;831,738;BR-163/MT;Norte;Colisão Lateral;1;4;;;;;1
10/10/2017;11:16:00;183;sem vítima;586,9;BR-163/MT;Sul;Colisão Traseira;2;2;;;;;1
10/10/2017;14:24:00;249;sem vítima;807,5;BR-163/MT;Sul;Saida de Pista;1;3;;;;;1
10/10/2017;15:23:00;265;sem vítima;87,738;BR-163/MT;Sul;Objeto lançado contra veículo;1;2;;;;;1
11/10/2017;06:16:00;73;sem vítima;524,145;BR-163/MT;Sul;Colisão Traseira;2;2;;;;;1
11/10/2017;10:57:00;221;sem vítima;511,74;BR-163/MT;Sul;Colisão Traseira;2;2;;;;;1
11/10/2017;14:36:00;300;sem vítima;832,294;BR-163/MT;Sul;Colisão Transversal;1;2;;;;;1
11/10/2017;14:37:00;303;sem vítima;489,222;BR-364/MT;Norte;Colisão Traseira;2;2;;;;;1
11/10/2017;16:19:00;346;com vítima;824,312;BR-163/MT;Sul;Colisão Transversal;1;3;7;1;;;2
11/10/2017;21:05:00;434;sem vítima;525;BR-364/MT;Norte;Atropelamento de Animal;1;1;;;;;1
12/10/2017;01:11:00;26;sem vítima;203,212;BR-364/MT;Sul;Colisão Traseira;1;2;;;;;1
12/10/2017;19:08:00;299;sem vítima;589,895;BR-163/MT;Sul;Tombamento;1;1;;;;;1
13/10/2017;06:15:00;54;sem vítima;502,883;BR-364/MT;Norte;Colisão Traseira;1;6;;;;;1
13/10/2017;07:17:00;82;sem vítima;850,616;BR-163/MT;Sul;Tombamento;1;1;;;;;1
13/10/2017;09:27:00;126;sem vítima;400,456;BR-364/MT;Sul;Colisão Lateral;1;3;;;;;1
13/10/2017;11:34:00;171;com vítima;690,689;BR-163/MT;Norte;Colisão Transversal;1;3;1;;;;1
13/10/2017;14:13:00;207;com vítima;331,3;BR-364/MT;Sul;Tombamento;1;0;;1;;;2
13/10/2017;14:18:00;208;sem vítima;357,428;BR-364/MT;Sul;Choque - Elemento de Drenagem;1;1;;;;;1
14/10/2017;09:33:00;134;sem vítima;838,429;BR-163/MT;Sul;Colisão Lateral;1;4;;;;;1
14/10/2017;09:49:00;141;sem vítima;547,585;BR-163/MT;Norte;Saida de Pista;1;1;;;;;1