data;horario;n_da_ocorrencia;tipo_de_ocorrencia;km;trecho;sentido;tipo_de_acidente;caminhao;ilesos;levemente_feridos;moderadamente_feridos;gravemente_feridos;mortos;3
05/12/2017;11:50:00;184;sem vítima;107,845;BR-163/MT;Sul;Saida de Pista;1;1;;;;;1
05/12/2017;14:03:00;217;com vítima;349,438;BR-364/MT;Norte;Colisão Lateral;2;1;;;1;;2
05/12/2017;15:07:00;239;sem vítima;466,869;BR-364/MT;Sul;Saida de Pista;1;1;;;;;1
05/12/2017;15:47:00;260;sem vítima;233,356;BR-364/MT;Norte;Colisão Traseira;1;4;;;;;1
05/12/2017;15:51:00;262;sem vítima;720,464;BR-163/MT;Sul;Saida de Pista;1;1;;;;;1
05/12/2017;18:00:00;296;sem vítima;831,611;BR-163/MT;Norte;Colisão Traseira;1;3;;;;;1
05/12/2017;18:35:00;308;com vítima;640,063;BR-163/MT;Sul;Tombamento;1;1;;1;;;2
06/12/2017;05:49:00;54;sem vítima;523,6;BR-070/MT;Norte;Colisão Traseira;1;2;;;;;1
06/12/2017;11:50:00;193;sem vítima;245,051;BR-364/MT;Sul;Colisão Frontal;1;5;;;;;1
06/12/2017;18:32:00;326;sem vítima;476,236;BR-364/MT;Norte;Saida de Pista;1;1;;;;;1
06/12/2017;18:36:00;329;sem vítima;222,628;BR-364/MT;Sul;Saida de Pista;1;2;;;;;1
07/12/2017;02:56:00;29;com vítima;14,299;BR-163/MT;Sul;Colisão Traseira;1;1;1;;;;1
07/12/2017;11:39:00;192;sem vítima;385,815;BR-364/MT;Norte;Colisão Traseira;1;36;;;;;1
07/12/2017;14:34:00;239;sem vítima;496,1;BR-070/MT;Sul;Colisão Traseira;2;3;;;;;1
07/12/2017;20:41:00;354;sem vítima;349,449;BR-364/MT;Sul;Colisão Traseira;2;2;;;;;1
08/12/2017;06:49:00;49;sem vítima;523,666;BR-364/MT;Norte;Tombamento;1;1;;;;;1
08/12/2017;08:52:00;117;com vítima;854,156;BR-163/MT;Norte;Colisão Transversal;1;2;1;;;;1
08/12/2017;12:05:00;213;sem vítima;110,445;BR-163/MT;Norte;Saida de Pista;1;4;;;;;1
08/12/2017;13:09:00;236;sem vítima;571,976;BR-163/MT;Sul;Engavetamento;3;4;;;;;1
08/12/2017;18:06:00;313;sem vítima;567,266;BR-364/MT;Norte;Saida de Pista;1;2;;;;;1
08/12/2017;19:33:00;333;sem vítima;539,805;BR-163/MT;Sul;Colisão Traseira;2;2;;;;;1
09/12/2017;13:45:00;212;sem vítima;515,388;BR-163/MT;Norte;Tombamento;1;1;;;;;1
09/12/2017;13:54:00;215;sem vítima;460;BR-364/MT;Norte;Colisão Traseira;1;2;;;;;1
09/12/2017;15:18:00;237;sem vítima;327,804;BR-364/MT;Sul;Saida de Pista;1;1;;;;;1
10/12/2017;10:05:00;123;com vítima;350,298;BR-364/MT;Norte;Tombamento;1;0;3;;;;1
10/12/2017;12:46:00;166;com vítima;233,412;BR-364/MT;Sul;Saida de Pista;1;1;1;;;;1
10/12/2017;15:32:00;224;sem vítima;381,4;BR-364/MT;Norte;Engavetamento;3;5;;;;;1
10/12/2017;18:24:00;269;sem vítima;523,564;BR-163/MT;Sul;Saida de Pista;1;1;;;;;1
10/12/2017;18:57:00;278;com vítima;831,248;BR-163/MT;Sul;Queda de Moto;1;1;1;;;;1
10/12/2017;20:29:00;308;com vítima;110,747;BR-163/MT;Norte;Saida de Pista;1;0;;1;1;;2
10/12/2017;20:31:00;309;com vítima;523,621;BR-070/MT;Norte;Colisão Frontal;1;1;;;1;;2
10/12/2017;21:28:00;319;com vítima;497,119;BR-070/MT;Norte;Colisão Traseira;1;2;2;1;;;2
11/12/2017;05:47:00;49;com vítima;594,4;BR-163/MT;Norte;Choque - Veiculo parado no acostamento;2;2;;1;;;2
11/12/2017;06:31:00;53;com vítima;568,534;BR-364/MT;Sul;Saida de Pista;1;0;1;;;;1
11/12/2017;12:33:00;184;com vítima;828,662;BR-163/MT;Norte;Saida de Pista;1;0;2;;;;1
11/12/2017;18:42:00;302;sem vítima;513,903;BR-364/MT;Norte;Saida de Pista;1;1;;;;;1
11/12/2017;19:26:00;316;sem vítima;781,797;BR-163/MT;Sul;Tombamento;1;1;;;;;1
11/12/2017;23:33:00;358;sem vítima;581,586;BR-364/MT;Norte;Choque - Defensa, barreira ou "submarino";1;3;;;;;1
12/12/2017;01:42:00;21;sem vítima;308,2;BR-364/MT;Norte;Saida de Pista;1;1;;;;;1
12/12/2017;07:40:00;79;com vítima;202,413;BR-364/MT;Sul;Atropelamento - Funcionário;1;1;1;;;;1
12/12/2017;07:41:00;80;sem vítima;521,739;BR-070/MT;Norte;Colisão Traseira;1;3;;;;;1
12/12/2017;07:52:00;87;sem vítima;202,497;BR-364/MT;Sul;Colisão Lateral;1;3;;;;;1
12/12/2017;08:58:00;114;sem vítima;214,355;BR-364/MT;Norte;Colisão Traseira;2;2;;;;;1
12/12/2017;13:09:00;207;sem vítima;621,192;BR-163/MT;Norte;Colisão Lateral;1;3;;;;;1
12/12/2017;17:45:00;311;com vítima;838,242;BR-163/MT;Sul;Colisão Lateral;1;1;1;1;;;2
12/12/2017;18:16:00;325;sem vítima;400,995;BR-364/MT;Norte;Colisão Transversal;1;2;;;;;1
12/12/2017;21:50:00;384;sem vítima;309,776;BR-364/MT;Sul;Colisão Traseira;2;2;;;;;1
12/12/2017;22:58:00;394;com vítima;525,271;BR-364/MT;Sul;Tombamento;1;0;1;1;1;;2
13/12/2017;02:23:00;23;sem vítima;481,505;BR-364/MT;Norte;Saida de Pista;1;2;;;;;1
13/12/2017;07:01:00;59;com vítima;94,054;BR-163/MT;Sul;Colisão Transversal;1;2;4;;;;1
13/12/2017;10:22:00;144;sem vítima;360;BR-364/MT;Sul;Colisão Lateral;1;4;;;;;1
13/12/2017;10:53:00;160;sem vítima;435;BR-364/MT;Norte;Colisão Traseira;1;2;;;;;1
13/12/2017;14:23:00;223;sem vítima;347,909;BR-364/MT;Norte;Colisão Traseira;2;4;;;;;1
14/12/2017;07:15:00;66;sem vítima;212,485;BR-364/MT;Sul;Saida de Pista;1;1;;;;;1
14/12/2017;07:42:00;79;sem vítima;523,55;BR-070/MT;Sul;Engavetamento;2;3;;;;;1
14/12/2017;11:14:00;169;sem vítima;233,35;BR-364/MT;Norte;Colisão Traseira;2;2;;;;;1
14/12/2017;11:19:00;171;com vítima;634,065;BR-163/MT;Norte;Colisão Traseira;3;4;2;;;;1
14/12/2017;17:14:00;276;com vítima;203,881;BR-364/MT;Norte;Tombamento;1;0;1;;;;1
14/12/2017;17:23:00;281;sem vítima;647;BR-163/MT;Norte;Colisão Traseira;2;2;;;;;1
14/12/2017;20:03:00;332;sem vítima;327,857;BR-364/MT;Sul;Tombamento;1;1;;;;;1
14/12/2017;21:47:00;364;sem vítima;585;BR-364/MT;Sul;Colisão Lateral;1;2;;;;;1
15/12/2017;00:54:00;6;sem vítima;288,388;BR-364/MT;Norte;Tombamento;1;1;;;;;1
15/12/2017;05:26:00;32;sem vítima;7,961;BR-163/MT;Sul;Saida de Pista;1;1;;;;;1
15/12/2017;07:40:00;66;sem vítima;523;BR-070/MT;Sul;Colisão Traseira;2;2;;;;;1
15/12/2017;20:41:00;337;sem vítima;277,157;BR-364/MT;Sul;Saida de Pista;1;1;;;;;1
15/12/2017;20:54:00;341;sem vítima;502,264;BR-364/MT;Sul;Tombamento;1;1;;;;;1
15/12/2017;21:32:00;348;com vítima;845,218;BR-163/MT;Sul;Colisão Traseira;1;1;;1;;;2
16/12/2017;00:02:00;2;sem vítima;102,795;BR-163/MT;Sul;Colisão Traseira;1;3;;;;;1
16/12/2017;09:26:00;116;com vítima;843,604;BR-163/MT;Sul;Colisão Transversal;1;2;1;;;;1
16/12/2017;22:47:00;328;sem vítima;117,812;BR-163/MT;Norte;Colisão Lateral;1;2;;;;;1
17/12/2017;10:20:00;127;sem vítima;276,298;BR-364/MT;Sul;Colisão Transversal;2;2;;;;;1
17/12/2017;15:52:00;220;com vítima;277,463;BR-364/MT;Sul;Tombamento;1;0;;1;;;2
18/12/2017;06:07:00;50;sem vítima;832,691;BR-163/MT;Sul;Colisão Traseira;1;2;;;;;1
18/12/2017;15:07:00;241;com vítima;830,41;BR-163/MT;Sul;Colisão Transversal;1;2;2;;;;1
19/12/2017;04:01:00;33;com vítima;326,564;BR-364/MT;Norte;Colisão Frontal;1;1;;1;;;2
19/12/2017;04:36:00;43;com vítima;822,207;BR-163/MT;Sul;Colisão Transversal;1;1;4;;;;1
19/12/2017;07:46:00;84;com vítima;724,904;BR-163/MT;Norte;Colisão Traseira;1;2;2;;;;1
20/12/2017;02:13:00;18;com vítima;503,191;BR-364/MT;Sul;Tombamento;1;0;;1;;;2
20/12/2017;06:51:00;39;sem vítima;759,466;BR-163/MT;Norte;Colisão Transversal;1;2;;;;;1
20/12/2017;11:05:00;163;sem vítima;252;BR-364/MT;Sul;Colisão Lateral;1;2;;;;;1
20/12/2017;12:27:00;189;com vítima;229,668;BR-364/MT;Sul;Tombamento;1;0;1;;;;1
20/12/2017;17:17:00;317;sem vítima;600,246;BR-163/MT;Sul;Colisão Transversal;1;5;;;;;1
20/12/2017;19:42:00;350;com vítima;349,64;BR-364/MT;Norte;Colisão Traseira;2;0;;2;;;2
21/12/2017;06:50:00;57;com vítima;837,116;BR-163/MT;Norte;Colisão Transversal;1;1;;;1;1;3
21/12/2017;07:46:00;81;sem vítima;512,857;BR-364/MT;Sul;Colisão Lateral;2;4;;;;;1
21/12/2017;08:34:00;99;sem vítima;257,665;BR-364/MT;Norte;Colisão Traseira;1;4;;;;;1
21/12/2017;11:32:00;184;sem vítima;598,305;BR-163/MT;Sul;Colisão Transversal;1;2;;;;;1
21/12/2017;19:52:00;350;sem vítima;277,065;BR-364/MT;Sul;Colisão Traseira;1;6;;;;;1
22/12/2017;06:52:00;63;com vítima;202,73;BR-364/MT;Sul;Colisão Traseira;1;3;2;;;;1
22/12/2017;08:58:00;118;sem vítima;629,182;BR-163/MT;Norte;Saida de Pista;1;2;;;;;1
22/12/2017;10:05:00;144;sem vítima;202,745;BR-364/MT;Norte;Choque - Poste;1;1;;;;;1
22/12/2017;11:39:00;171;sem vítima;515,836;BR-163/MT;Norte;Saida de Pista;1;1;;;;;1
23/12/2017;05:29:00;43;com vítima;571,129;BR-364/MT;Sul;Colisão Traseira;1;2;1;;;;1
23/12/2017;10:21:00;141;sem vítima;530,313;BR-163/MT;Sul;Colisão Traseira;1;5;;;;;1
23/12/2017;18:27:00;294;sem vítima;532,226;BR-163/MT;Norte;Saida de Pista;1;2;;;;;1
23/12/2017;20:08:00;322;com vítima;476,937;BR-364/MT;Sul;Tombamento;2;2;1;;;;1
24/12/2017;03:49:00;33;sem vítima;512,888;BR-070/MT;Sul;Tombamento;1;2;;;;;1
25/12/2017;11:21:00;71;com vítima;497,864;BR-070/MT;Sul;Colisão Frontal;1;1;;1;;;2
26/12/2017;05:48:00;25;sem vítima;497,34;BR-364/MT;Sul;Saida de Pista;1;1;;;;;1
26/12/2017;14:46:00;167;sem vítima;690,55;BR-163/MT;Sul;Colisão Lateral;2;2;;;;;1
27/12/2017;18:02:00;253;com vítima;102,096;BR-163/MT;Norte;Tombamento;1;0;1;;;;1
27/12/2017;18:18:00;257;sem vítima;399,184;BR-364/MT;Norte;Colisão Lateral;1;2;;;;;1
28/12/2017;06:35:00;37;com vítima;392,734;BR-364/MT;Sul;Colisão Lateral;1;4;2;;;;1
28/12/2017;09:47:00;98;sem vítima;657,2;BR-163/MT;Norte;Colisão Traseira;1;4;;;;;1
28/12/2017;15:11:00;178;sem vítima;260,308;BR-364/MT;Norte;Colisão Traseira;1;6;;;;;1
28/12/2017;16:09:00;194;sem vítima;241,245;BR-364/MT;Sul;Tombamento;1;1;;;;;1
28/12/2017;23:59:00;299;sem vítima;691,186;BR-163/MT;Norte;Colisão Transversal;1;5;;;;;1
29/12/2017;00:10:00;11;sem vítima;380,684;BR-364/MT;Sul;Saida de Pista;1;2;;;;;1
29/12/2017;06:12:00;44;sem vítima;625,975;BR-163/MT;Sul;Saida de Pista;1;1;;;;;1
29/12/2017;13:35:00;169;sem vítima;523,93;BR-070/MT;Norte;Colisão Transversal;1;2;;;;;1
29/12/2017;14:26:00;190;sem vítima;588,482;BR-163/MT;Sul;Colisão Lateral;1;4;;;;;1
29/12/2017;14:49:00;198;com vítima;586,905;BR-163/MT;Sul;Colisão Traseira;1;2;;1;;;2
30/12/2017;06:04:00;35;sem vítima;501,626;BR-070/MT;Norte;Colisão Lateral;1;5;;;;;1
30/12/2017;06:23:00;37;sem vítima;540,839;BR-163/MT;Sul;Saida de Pista;1;1;;;;;1
30/12/2017;21:21:00;260;sem vítima;349,3;BR-364/MT;Norte;Tombamento;1;1;;;;;1
31/12/2017;04:10:00;14;sem vítima;246,577;BR-364/MT;Sul;Saida de Pista;1;1;;;;;1
01/01/2018;11:41:00;99;com vítima;331,66;BR-364/MT;Sul;Colisão Traseira;2;3;1;;;;1
02/01/2018;16:04:00;189;sem vítima;399,112;BR-364/MT;Sul;Colisão Lateral;2;2;;;;;1
02/01/2018;20:38:00;259;sem vítima;452,71;BR-364/MT;Sul;Saida de Pista;1;1;;;;;1
02/01/2018;21:22:00;267;com vítima;832,714;BR-163/MT;Sul;Colisão Transversal;1;1;1;;;;1
03/01/2018;12:56:00;164;sem vítima;260,848;BR-364/MT;Norte;Tombamento;1;1;;;;;1
03/01/2018;13:11:00;171;com vítima;267,472;BR-364/MT;Norte;Colisão Frontal;1;1;2;1;;1;3
03/01/2018;16:12:00;217;sem vítima;728,742;BR-163/MT;Norte;Colisão Traseira;1;3;;;;;1
03/01/2018;16:33:00;224;sem vítima;111,437;BR-163/MT;Norte;Colisão Lateral;1;6;;;;;1
04/01/2018;01:47:00;12;sem vítima;349,854;BR-364/MT;Norte;Tombamento;1;5;;;;;1
04/01/2018;04:17:00;31;com vítima;557,115;BR-364/MT;Norte;Tombamento;1;0;;1;;;2
04/01/2018;16:05:00;244;sem vítima;776,565;BR-163/MT;Norte;Tombamento;1;2;;;;;1
04/01/2018;17:03:00;260;sem vítima;244,4;BR-364/MT;Sul;Colisão Traseira;1;5;;;;;1
04/01/2018;19:46:00;316;sem vítima;687,052;BR-163/MT;Sul;Colisão Lateral;1;4;;;;;1
05/01/2018;06:36:00;38;sem vítima;516,042;BR-163/MT;Sul;Tombamento;1;1;;;;;1
05/01/2018;12:27:00;172;sem vítima;503,624;BR-070/MT;Norte;Tombamento;1;1;;;;;1
05/01/2018;13:43:00;193;com vítima;349,349;BR-364/MT;Norte;Tombamento;1;0;;1;;;2
05/01/2018;16:54:00;252;sem vítima;241,864;BR-364/MT;Sul;Colisão Lateral;2;3;;;;;1
06/01/2018;08:06:00;67;sem vítima;90,589;BR-163/MT;Norte;Objeto lançado contra veículo;1;5;;;;;1
06/01/2018;09:51:00;100;sem vítima;567,028;BR-364/MT;Norte;Saida de Pista;1;1;;;;;1
06/01/2018;10:38:00;123;com vítima;556,539;BR-364/MT;Norte;Capotamento;1;1;1;;;;1
06/01/2018;12:30:00;158;com vítima;258,558;BR-364/MT;Norte;Colisão Transversal;1;3;1;;;;1
06/01/2018;14:01:00;182;sem vítima;277,517;BR-364/MT;Sul;Tombamento;1;1;;;;;1
09/01/2018;01:53:00;24;sem vítima;87,6;BR-163/MT;Norte;Tombamento;1;1;;;;;1
09/01/2018;19:04:00;276;sem vítima;201;BR-364/MT;Norte;Colisão Lateral;1;2;;;;;1
10/01/2018;03:08:00;30;sem vítima;19,358;BR-163/MT;Norte;Saida de Pista;1;1;;;;;1
10/01/2018;07:04:00;52;sem vítima;268,062;BR-364/MT;Norte;Tombamento;1;1;;;;;1
10/01/2018;09:31:00;126;sem vítima;269,924;BR-364/MT;Sul;Tombamento;1;1;;;;;1
10/01/2018;16:26:00;275;sem vítima;503,678;BR-070/MT;Norte;Colisão Lateral;1;4;;;;;1
11/01/2018;08:49:00;122;sem vítima;843,468;BR-163/MT;Sul;Colisão Lateral;2;2;;;;;1
12/01/2018;09:03:00;123;sem vítima;400,5;BR-364/MT;Norte;Colisão Transversal;1;2;;;;;1
12/01/2018;12:45:00;190;sem vítima;593,082;BR-163/MT;Norte;Tombamento;1;1;;;;;1
12/01/2018;13:34:00;202;sem vítima;361,655;BR-364/MT;Sul;Colisão Traseira;2;2;;;;;1
12/01/2018;14:14:00;210;com vítima;833,383;BR-163/MT;Norte;Colisão Transversal;1;1;1;;;;1
12/01/2018;17:12:00;274;sem vítima;335,498;BR-364/MT;Sul;Tombamento;1;1;;;;;1
12/01/2018;17:28:00;282;com vítima;523,78;BR-070/MT;Norte;Colisão Frontal;1;1;1;1;;;2
12/01/2018;17:47:00;287;sem vítima;837,156;BR-163/MT;Sul;Colisão Transversal;1;3;;;;;1
13/01/2018;09:39:00;104;sem vítima;756,147;BR-163/MT;Norte;Colisão Lateral;1;3;;;;;1
13/01/2018;15:13:00;194;sem vítima;687,953;BR-163/MT;Sul;Colisão Transversal;2;2;;;;;1
13/01/2018;15:19:00;198;sem vítima;645,798;BR-163/MT;Sul;Colisão Lateral;1;2;;;;;1
13/01/2018;15:31:00;201;sem vítima;205,855;BR-364/MT;Norte;Saida de Pista;1;1;;;;;1
13/01/2018;16:09:00;210;sem vítima;566,385;BR-163/MT;Norte;Tombamento;1;1;;;;;1
14/01/2018;05:45:00;35;com vítima;518,417;BR-163/MT;Sul;Colisão Transversal;1;4;4;;;1;3
14/01/2018;06:56:00;44;sem vítima;573,668;BR-163/MT;Sul;Tombamento;1;1;;;;;1
14/01/2018;08:08:00;56;sem vítima;598,201;BR-163/MT;Sul;Choque - Veiculo parado na pista;1;2;;;;;1
14/01/2018;08:21:00;59;com vítima;348,046;BR-364/MT;Norte;Colisão Traseira;2;1;;;;1;3
14/01/2018;15:52:00;147;sem vítima;532,301;BR-163/MT;Norte;Tombamento;1;1;;;;;1
15/01/2018;08:21:00;78;sem vítima;247,162;BR-364/MT;Norte;Colisão Traseira;2;2;;;;;1
15/01/2018;16:39:00;228;com vítima;348,05;BR-364/MT;Norte;Colisão Lateral;4;4;;1;;;2
15/01/2018;18:18:00;252;sem vítima;566,6;BR-364/MT;Sul;Saida de Pista;1;1;;;;;1
16/01/2018;05:25:00;21;sem vítima;440,711;BR-364/MT;Sul;Saida de Pista;1;1;;;;;1
16/01/2018;07:20:00;60;sem vítima;523,97;BR-070/MT;Norte;Colisão Traseira;1;2;;;;;1
16/01/2018;14:13:00;209;sem vítima;509,14;BR-070/MT;Norte;Tombamento;1;1;;;;;1
16/01/2018;15:14:00;229;sem vítima;70,434;BR-163/MT;Sul;Saida de Pista;1;1;;;;;1
16/01/2018;17:10:00;267;sem vítima;117,763;BR-163/MT;Norte;Colisão Transversal;2;2;;;;;1
16/01/2018;20:17:00;325;sem vítima;494,789;BR-364/MT;Norte;Colisão Lateral;1;5;;;;;1
17/01/2018;07:21:00;67;sem vítima;481,829;BR-364/MT;Sul;Colisão Traseira;1;5;;;;;1
17/01/2018;22:00:00;375;sem vítima;331,263;BR-364/MT;Norte;Saida de Pista;1;1;;;;;1
18/01/2018;02:13:00;26;sem vítima;276,387;BR-364/MT;Sul;Engavetamento;2;3;;;;;1
18/01/2018;06:09:00;60;sem vítima;848,893;BR-163/MT;Sul;Colisão Lateral;2;2;;;;;1
18/01/2018;07:40:00;90;sem vítima;271,31;BR-364/MT;Norte;Tombamento;1;1;;;;;1
18/01/2018;09:15:00;141;sem vítima;209,664;BR-364/MT;Norte;Tombamento;1;1;;;;;1
18/01/2018;10:37:00;174;sem vítima;208,018;BR-364/MT;Sul;Colisão Lateral;1;4;;;;;1
18/01/2018;11:26:00;190;sem vítima;241,408;BR-364/MT;Sul;Colisão Traseira;2;2;;;;;1
18/01/2018;13:58:00;235;sem vítima;580,982;BR-364/MT;Norte;Colisão Traseira;1;3;;;;;1
19/01/2018;00:45:00;15;sem vítima;397,945;BR-364/MT;Norte;Tombamento;1;1;;;;;1
19/01/2018;05:59:00;54;sem vítima;557,377;BR-163/MT;Sul;Saida de Pista;1;1;;;;;1
19/01/2018;07:29:00;81;sem vítima;766,759;BR-163/MT;Sul;Colisão Traseira;1;3;;;;;1
19/01/2018;09:53:00;178;sem vítima;56,596;BR-163/MT;Norte;Tombamento;1;1;;;;;1
19/01/2018;16:38:00;331;sem vítima;567,4;BR-364/MT;Norte;Tombamento;1;1;;;;;1
19/01/2018;17:05:00;340;sem vítima;257;BR-364/MT;Norte;Colisão Traseira;2;2;;;;;1
20/01/2018;14:38:00;227;sem vítima;383,2;BR-364/MT;Norte;Colisão Lateral;1;3;;;;;1
20/01/2018;17:39:00;306;sem vítima;750,358;BR-163/MT;Sul;Colisão Traseira;1;2;;;;;1
20/01/2018;19:16:00;341;sem vítima;573,079;BR-163/MT;Sul;Tombamento;1;1;;;;;1
21/01/2018;10:47:00;150;sem vítima;579,1;BR-364/MT;Sul;Colisão Traseira;1;2;;;;;1
21/01/2018;14:40:00;211;sem vítima;503,702;BR-070/MT;Sul;Colisão Transversal;1;2;;;;;1
21/01/2018;15:19:00;219;sem vítima;513,976;BR-364/MT;Norte;Colisão Lateral;1;2;;;;;1
21/01/2018;18:02:00;273;com vítima;349,68;BR-364/MT;Norte;Tombamento;1;0;1;;;;1
22/01/2018;05:06:00;37;sem vítima;744,025;BR-163/MT;Sul;Tombamento;1;1;;;;;1
22/01/2018;12:02:00;184;sem vítima;119,535;BR-163/MT;Norte;Colisão Lateral;1;2;;;;;1
22/01/2018;12:27:00;192;sem vítima;119,505;BR-163/MT;Norte;Colisão Traseira;1;3;;;;;1
22/01/2018;19:07:00;306;sem vítima;714,272;BR-163/MT;Norte;Colisão Transversal;1;2;;;;;1
23/01/2018;04:20:00;38;com vítima;604,444;BR-163/MT;Norte;Tombamento;1;0;1;;;;1
23/01/2018;10:27:00;154;sem vítima;574,179;BR-163/MT;Sul;Colisão Traseira;2;2;;;;;1
24/01/2018;04:12:00;25;com vítima;831,888;BR-163/MT;Norte;Colisão Traseira;1;1;;1;;;2
24/01/2018;05:45:00;36;sem vítima;241,92;BR-364/MT;Norte;Colisão Traseira;1;2;;;;;1
24/01/2018;07:15:00;60;com vítima;295,903;BR-364/MT;Sul;Tombamento;1;0;;;1;;2
24/01/2018;12:06:00;174;sem vítima;524,403;BR-364/MT;Sul;Colisão Traseira;1;2;;;;;1
24/01/2018;14:44:00;222;sem vítima;380,25;BR-364/MT;Norte;Engavetamento;3;3;;;;;1
24/01/2018;20:10:00;322;com vítima;350,339;BR-364/MT;Norte;Tombamento;2;4;1;;;;1
25/01/2018;06:41:00;45;com vítima;487,713;BR-364/MT;Sul;Colisão Transversal;2;1;2;;;;1
25/01/2018;16:35:00;305;sem vítima;346,922;BR-364/MT;Norte;Tombamento;1;1;;;;;1
26/01/2018;05:59:00;42;sem vítima;312,776;BR-364/MT;Sul;Tombamento;1;1;;;;;1
26/01/2018;06:37:00;45;sem vítima;360,293;BR-364/MT;Sul;Colisão Lateral;1;2;;;;;1
26/01/2018;12:20:00;206;sem vítima;203,883;BR-364/MT;Sul;Colisão Traseira;1;4;;;;;1
26/01/2018;17:44:00;291;sem vítima;593,334;BR-163/MT;Norte;Tombamento;1;1;;;;;1
26/01/2018;17:58:00;296;sem vítima;252,553;BR-364/MT;Norte;Colisão Traseira;2;3;;;;;1
26/01/2018;18:16:00;301;com vítima;383,013;BR-364/MT;Sul;Colisão Lateral;1;1;1;;;;1
26/01/2018;23:38:00;375;sem vítima;514,475;BR-163/MT;Sul;Tombamento;1;1;;;;;1
27/01/2018;02:51:00;43;com vítima;470,933;BR-364/MT;Norte;Saida de Pista;1;1;1;;;;1
27/01/2018;09:06:00;114;sem vítima;688,72;BR-163/MT;Norte;Colisão Transversal;1;2;;;;;1
27/01/2018;15:28:00;244;com vítima;474,585;BR-364/MT;Sul;Colisão Traseira;2;2;1;;;;1
27/01/2018;18:06:00;287;sem vítima;214;BR-364/MT;Norte;Choque - Defensa, barreira ou "submarino";1;1;;;;;1
27/01/2018;19:31:00;322;sem vítima;473;BR-364/MT;Sul;Colisão Lateral;2;2;;;;;1
28/01/2018;13:23:00;151;sem vítima;234,182;BR-364/MT;Norte;Colisão Traseira;2;2;;;;;1
28/01/2018;13:46:00;157;sem vítima;348,46;BR-364/MT;Norte;Tombamento;1;1;;;;;1
28/01/2018;16:29:00;207;sem vítima;107,244;BR-163/MT;Norte;Choque - Defensa, barreira ou "submarino";1;1;;;;;1
29/01/2018;06:25:00;55;sem vítima;356,649;BR-364/MT;Sul;Tombamento;1;1;;;;;1
29/01/2018;06:58:00;65;com vítima;602,593;BR-163/MT;Norte;Colisão Lateral;1;1;3;;;1;3
29/01/2018;11:36:00;158;sem vítima;749,056;BR-163/MT;Norte;Colisão Lateral;1;2;;;;;1
29/01/2018;20:40:00;303;com vítima;203,991;BR-364/MT;Sul;Colisão Transversal;1;1;1;;;;1
30/01/2018;07:44:00;83;com vítima;495,9;BR-070/MT;Sul;Colisão Traseira;1;2;;1;;;2
30/01/2018;14:13:00;199;sem vítima;480,182;BR-364/MT;Norte;Colisão Lateral;2;2;;;;;1
30/01/2018;14:20:00;203;sem vítima;479,994;BR-364/MT;Norte;Colisão Traseira;3;3;;;;;1
30/01/2018;14:25:00;204;sem vítima;203,059;BR-364/MT;Norte;Choque - Outros;2;2;;;;;1
30/01/2018;19:57:00;286;com vítima;349,567;BR-364/MT;Norte;Colisão Traseira;2;1;;1;1;;2
31/01/2018;09:12:00;121;sem vítima;510,9;BR-070/MT;Norte;Colisão Traseira;1;2;;;;;1
31/01/2018;10:15:00;155;sem vítima;792,202;BR-163/MT;Norte;Tombamento;1;1;;;;;1
31/01/2018;15:27:00;258;sem vítima;827,184;BR-163/MT;Sul;Choque - Veiculo parado no acostamento;2;3;;;;;1
31/01/2018;18:22:00;322;com vítima;597,243;BR-163/MT;Norte;Colisão Traseira;1;1;1;;;;1
31/01/2018;20:55:00;375;sem vítima;655,331;BR-163/MT;Sul;Engavetamento;2;5;;;;;1
31/01/2018;23:01:00;398;sem vítima;240,926;BR-364/MT;Sul;Colisão Traseira;2;3;;;;;1
01/02/2018;00:51:00;7;sem vítima;287,5;BR-364/MT;Sul;Saida de Pista;1;1;;;;;1
01/02/2018;06:19:00;57;com vítima;521,792;BR-070/MT;Sul;Colisão Transversal;1;1;2;;;;1
01/02/2018;06:22:00;59;com vítima;521,54;BR-070/MT;Sul;Colisão Transversal;1;1;1;;;;1
01/02/2018;07:06:00;72;sem vítima;532,58;BR-364/MT;Sul;Colisão Lateral;2;3;;;;;1
01/02/2018;08:07:00;92;sem vítima;496,05;BR-070/MT;Norte;Colisão Lateral;1;2;;;;;1
01/02/2018;09:52:00;132;com vítima;635,26;BR-163/MT;Sul;Choque - Veiculo parado na pista;3;1;2;1;;1;3
01/02/2018;10:00:00;160;sem vítima;635,5;BR-163/MT;Sul;Tombamento;1;1;;;;;1
01/02/2018;10:00:00;161;sem vítima;634,912;BR-163/MT;Norte;Saida de Pista;1;1;;;;;1