data;horario;n_da_ocorrencia;tipo_de_ocorrencia;km;trecho;sentido;tipo_de_acidente;caminhao;ilesos;levemente_feridos;moderadamente_feridos;gravemente_feridos;mortos;3
01/02/2018;13:36:00;189;sem vítima;637,021;BR-163/MT;Sul;Saida de Pista;1;1;;;;;1
01/02/2018;18:51:00;265;com vítima;349,755;BR-364/MT;Norte;Tombamento;1;0;;;;1;3
02/02/2018;06:21:00;65;com vítima;745,678;BR-163/MT;Sul;Colisão Traseira;1;1;;1;;;2
02/02/2018;07:24:00;75;com vítima;833,854;BR-163/MT;Sul;Colisão Transversal;1;1;;1;;;2
02/02/2018;07:40:00;82;com vítima;523,193;BR-070/MT;Norte;Engavetamento;2;2;1;;;;1
02/02/2018;10:05:00;148;com vítima;65,863;BR-163/MT;Sul;Tombamento;1;0;1;;;;1
02/02/2018;10:44:00;161;sem vítima;550,106;BR-163/MT;Norte;Colisão Traseira;1;2;;;;;1
02/02/2018;15:23:00;249;sem vítima;276,121;BR-364/MT;Sul;Tombamento;1;2;;;;;1
02/02/2018;15:50:00;256;sem vítima;723;BR-163/MT;Sul;Engavetamento;1;8;;;;;1
03/02/2018;05:42:00;47;sem vítima;568,604;BR-364/MT;Sul;Saida de Pista;1;1;;;;;1
03/02/2018;14:49:00;181;sem vítima;401,648;BR-364/MT;Norte;Colisão Traseira;1;3;;;;;1
03/02/2018;19:44:00;260;com vítima;366,363;BR-364/MT;Sul;Colisão Frontal;1;1;;1;;;2
04/02/2018;00:15:00;15;sem vítima;511,082;BR-163/MT;Sul;Saida de Pista;1;1;;;;;1
04/02/2018;09:28:00;100;sem vítima;586,536;BR-163/MT;Sul;Saida de Pista;1;1;;;;;1
04/02/2018;09:34:00;103;sem vítima;471,8;BR-364/MT;Sul;Colisão Traseira;2;2;;;;;1
04/02/2018;12:57:00;157;sem vítima;514,15;BR-070/MT;Norte;Colisão Transversal;1;3;;;;;1
04/02/2018;22:54:00;295;com vítima;299,269;BR-364/MT;Norte;Colisão Frontal;1;1;;;;1;3
05/02/2018;07:16:00;76;sem vítima;525,06;BR-364/MT;Sul;Tombamento;1;1;;;;;1
05/02/2018;09:21:00;133;sem vítima;472,964;BR-364/MT;Norte;Engavetamento;3;4;;;;;1
05/02/2018;21:52:00;365;com vítima;639,374;BR-163/MT;Norte;Saida de Pista;1;0;14;5;;;2
05/02/2018;23:02:00;378;sem vítima;228,151;BR-364/MT;Norte;Colisão Traseira;2;2;;;;;1
06/02/2018;13:35:00;205;sem vítima;732,439;BR-163/MT;Norte;Saida de Pista;1;1;;;;;1
06/02/2018;16:02:00;253;sem vítima;479,124;BR-364/MT;Norte;Colisão Traseira;1;2;;;;;1
06/02/2018;18:20:00;295;sem vítima;735,402;BR-163/MT;Sul;Colisão Frontal;2;2;;;;;1
07/02/2018;09:06:00;115;sem vítima;511,416;BR-070/MT;Sul;Colisão Traseira;2;3;;;;;1
07/02/2018;11:56:00;193;sem vítima;521,934;BR-070/MT;Norte;Colisão Transversal;1;2;;;;;1
07/02/2018;12:16:00;198;sem vítima;470,147;BR-364/MT;Norte;Saida de Pista;1;1;;;;;1
07/02/2018;15:18:00;263;sem vítima;329,279;BR-364/MT;Sul;Colisão Traseira;2;4;;;;;1
07/02/2018;16:12:00;279;com vítima;826,793;BR-163/MT;Sul;Colisão Transversal;2;1;;1;;;2
07/02/2018;20:32:00;359;sem vítima;115,033;BR-163/MT;Sul;Atropelamento de Animal;1;1;;;;;1
07/02/2018;23:51:00;399;sem vítima;348,277;BR-364/MT;Sul;Colisão Traseira;2;2;;;;;1
08/02/2018;03:06:00;35;sem vítima;349,709;BR-364/MT;Norte;Choque - Talude;1;1;;;;;1
08/02/2018;06:45:00;59;sem vítima;233,286;BR-364/MT;Sul;Saida de Pista;1;1;;;;;1
08/02/2018;06:49:00;63;com vítima;827,124;BR-163/MT;Sul;Colisão Lateral;1;1;1;;;;1
08/02/2018;10:25:00;160;sem vítima;523,619;BR-070/MT;Norte;Colisão Traseira;2;2;;;;;1
08/02/2018;11:45:00;196;sem vítima;734,892;BR-163/MT;Sul;Colisão Traseira;1;2;;;;;1
08/02/2018;14:19:00;254;sem vítima;586,49;BR-364/MT;Sul;Saida de Pista;1;1;;;;;1
08/02/2018;14:42:00;261;com vítima;706,526;BR-163/MT;Sul;Colisão Traseira;2;1;1;;;;1
08/02/2018;18:24:00;329;com vítima;100,583;BR-163/MT;Norte;Colisão Traseira;1;1;2;;;;1
09/02/2018;05:06:00;35;com vítima;329,868;BR-364/MT;Sul;Colisão Frontal;1;4;1;;;;1
09/02/2018;05:37:00;39;sem vítima;349,545;BR-364/MT;Norte;Tombamento;1;1;;;;;1
09/02/2018;14:27:00;206;sem vítima;510,7;BR-070/MT;Sul;Colisão Traseira;2;2;;;;;1
09/02/2018;14:27:00;207;sem vítima;600,896;BR-163/MT;Norte;Saida de Pista;1;1;;;;;1
09/02/2018;14:41:00;215;sem vítima;664,534;BR-163/MT;Sul;Colisão Traseira;1;2;;;;;1
09/02/2018;15:06:00;226;sem vítima;706,599;BR-163/MT;Norte;Colisão Traseira;1;3;;;;;1
09/02/2018;15:57:00;243;sem vítima;513,349;BR-070/MT;Sul;Colisão Transversal;3;4;;;;;1
09/02/2018;16:41:00;256;sem vítima;746,387;BR-163/MT;Norte;Tombamento;1;1;;;;;1
10/02/2018;05:44:00;36;sem vítima;519,794;BR-163/MT;Sul;Saida de Pista;1;1;;;;;1
10/02/2018;15:17:00;219;sem vítima;270,792;BR-364/MT;Norte;Colisão Traseira;1;5;;;;;1
10/02/2018;16:06:00;226;sem vítima;254,617;BR-364/MT;Norte;Tombamento;1;1;;;;;1
10/02/2018;16:11:00;230;sem vítima;111,049;BR-163/MT;Sul;Saida de Pista;1;1;;;;;1
10/02/2018;16:38:00;248;sem vítima;344,711;BR-364/MT;Norte;Engavetamento;3;8;;;;;1
11/02/2018;14:22:00;188;sem vítima;501,444;BR-070/MT;Sul;Tombamento;1;1;;;;;1
11/02/2018;19:15:00;268;sem vítima;449,618;BR-364/MT;Norte;Saida de Pista;1;1;;;;;1
11/02/2018;20:54:00;293;sem vítima;654,298;BR-163/MT;Sul;Tombamento;1;1;;;;;1
11/02/2018;21:18:00;297;sem vítima;240,894;BR-364/MT;Norte;Tombamento;1;1;;;;;1
12/02/2018;00:31:00;7;sem vítima;494,687;BR-364/MT;Norte;Colisão Traseira;2;2;;;;;1
12/02/2018;06:49:00;42;sem vítima;240,911;BR-364/MT;Norte;Tombamento;1;1;;;;;1
12/02/2018;15:57:00;221;sem vítima;528,9;BR-364/MT;Sul;Colisão Lateral;1;4;;;;;1
12/02/2018;19:10:00;269;sem vítima;435,649;BR-364/MT;Sul;Colisão Transversal;1;2;;;;;1
13/02/2018;14:59:00;215;sem vítima;519,38;BR-163/MT;Sul;Tombamento;1;1;;;;;1
13/02/2018;16:42:00;246;com vítima;508,13;BR-070/MT;Sul;Colisão Transversal;1;1;3;;;1;3
13/02/2018;17:16:00;254;sem vítima;269,711;BR-364/MT;Norte;Colisão Transversal;1;6;;;;;1
14/02/2018;09:11:00;99;sem vítima;688,682;BR-163/MT;Sul;Colisão Transversal;1;2;;;;;1
14/02/2018;10:40:00;141;sem vítima;485,224;BR-364/MT;Sul;Engavetamento;2;3;;;;;1
14/02/2018;11:47:00;167;com vítima;854,152;BR-163/MT;Norte;Colisão Transversal;2;1;1;;;;1
14/02/2018;18:02:00;310;com vítima;402,222;BR-364/MT;Norte;Colisão Traseira;1;2;1;;;;1
15/02/2018;16:41:00;265;com vítima;834,459;BR-163/MT;Sul;Colisão Transversal;1;1;;1;;;2
15/02/2018;20:29:00;315;com vítima;209,262;BR-364/MT;Sul;Tombamento;1;0;1;;;;1
16/02/2018;15:01:00;232;sem vítima;494,45;BR-364/MT;Norte;Colisão Traseira;2;3;;;;;1
16/02/2018;17:53:00;288;sem vítima;734,063;BR-163/MT;Norte;Colisão Traseira;3;3;;;;;1
17/02/2018;05:52:00;46;sem vítima;663,276;BR-163/MT;Norte;Tombamento;1;1;;;;;1
17/02/2018;10:37:00;125;sem vítima;281,049;BR-364/MT;Norte;Colisão Traseira;1;2;;;;;1
17/02/2018;14:15:00;185;sem vítima;762,865;BR-163/MT;Sul;Colisão Traseira;1;3;;;;;1
17/02/2018;14:28:00;190;sem vítima;458,353;BR-364/MT;Sul;Colisão Traseira;2;3;;;;;1
17/02/2018;15:23:00;202;sem vítima;762,889;BR-163/MT;Sul;Saida de Pista;1;1;;;;;1
17/02/2018;15:40:00;208;sem vítima;348,818;BR-364/MT;Sul;Colisão Traseira;1;2;;;;;1
18/02/2018;04:30:00;35;com vítima;546,927;BR-163/MT;Sul;Colisão Frontal;2;2;;;;1;3
18/02/2018;06:55:00;47;sem vítima;846,453;BR-163/MT;Sul;Tombamento;1;1;;;;;1
18/02/2018;17:29:00;226;sem vítima;247,385;BR-364/MT;Norte;Saida de Pista;1;1;;;;;1
18/02/2018;20:26:00;271;sem vítima;827,243;BR-163/MT;Norte;Colisão Transversal;1;2;;;;;1
18/02/2018;21:00:00;276;sem vítima;538,924;BR-163/MT;Sul;Colisão Lateral;1;2;;;;;1
19/02/2018;10:34:00;147;sem vítima;341,253;BR-364/MT;Sul;Tombamento;1;1;;;;;1
19/02/2018;11:36:00;171;sem vítima;382,116;BR-364/MT;Norte;Engavetamento;3;3;;;;;1
20/02/2018;12:02:00;204;sem vítima;505,9;BR-070/MT;Sul;Colisão Lateral;1;4;;;;;1
20/02/2018;12:17:00;206;com vítima;583,9;BR-364/MT;Sul;Tombamento;1;0;;1;1;;2
21/02/2018;11:56:00;167;com vítima;729,837;BR-163/MT;Sul;Queda de Moto;1;2;;;1;1;3
21/02/2018;12:53:00;183;sem vítima;567,13;BR-364/MT;Sul;Tombamento;2;3;;;;;1
21/02/2018;14:14:00;204;sem vítima;539,449;BR-163/MT;Norte;Choque - Defensa, barreira ou "submarino";1;1;;;;;1
21/02/2018;16:17:00;249;com vítima;540,523;BR-163/MT;Norte;Colisão Frontal;1;1;;;;1;3
21/02/2018;16:43:00;258;com vítima;521,555;BR-070/MT;Norte;Colisão Traseira;1;1;;1;;;2
21/02/2018;18:19:00;289;sem vítima;347,716;BR-364/MT;Norte;Saida de Pista;1;1;;;;;1
21/02/2018;18:57:00;302;sem vítima;490,749;BR-364/MT;Sul;Colisão Traseira;2;3;;;;;1
21/02/2018;21:02:00;343;sem vítima;541,613;BR-163/MT;Norte;Colisão Traseira;1;4;;;;;1
22/02/2018;03:48:00;26;sem vítima;333,021;BR-364/MT;Sul;Saida de Pista;1;1;;;;;1
22/02/2018;04:49:00;31;sem vítima;535,196;BR-364/MT;Norte;Saida de Pista;1;1;;;;;1
22/02/2018;10:27:00;175;sem vítima;396,553;BR-364/MT;Norte;Colisão Traseira;2;2;;;;;1
22/02/2018;14:00:00;244;sem vítima;658,362;BR-163/MT;Sul;Saida de Pista;1;1;;;;;1
22/02/2018;18:57:00;341;sem vítima;459,475;BR-364/MT;Norte;Capotamento;1;1;;;;;1
22/02/2018;19:13:00;349;sem vítima;794,645;BR-163/MT;Norte;Engavetamento;1;4;;;;;1
23/02/2018;05:34:00;48;com vítima;519,198;BR-163/MT;Norte;Colisão Lateral;2;2;1;;;;1
23/02/2018;09:32:00;127;sem vítima;832,88;BR-163/MT;Sul;Colisão Traseira;1;2;;;;;1
23/02/2018;10:35:00;160;sem vítima;552,02;BR-163/MT;Sul;Tombamento;1;1;;;;;1
23/02/2018;14:50:00;233;com vítima;538,889;BR-163/MT;Sul;Colisão Lateral;2;5;1;;;;1
23/02/2018;15:00:00;239;sem vítima;566,769;BR-163/MT;Sul;Tombamento;1;3;;;;;1
23/02/2018;18:14:00;294;com vítima;516,346;BR-070/MT;Norte;Colisão Lateral;2;1;;;1;;2
24/02/2018;08:53:00;114;sem vítima;299,367;BR-364/MT;Sul;Colisão Transversal;2;2;;;;;1
25/02/2018;14:53:00;189;com vítima;498,21;BR-070/MT;Sul;Colisão Frontal;1;1;;;;1;3
25/02/2018;15:17:00;197;com vítima;348,501;BR-364/MT;Sul;Tombamento;1;0;1;;;;1
25/02/2018;15:26:00;199;sem vítima;521,8;BR-364/MT;Sul;Tombamento;1;1;;;;;1
25/02/2018;17:19:00;235;sem vítima;539,461;BR-163/MT;Sul;Colisão Frontal;2;2;;;;;1
25/02/2018;22:37:00;299;sem vítima;841,851;BR-163/MT;Sul;Atropelamento de Animal;1;1;;;;;1
26/02/2018;12:39:00;202;sem vítima;330,505;BR-364/MT;Sul;Tombamento;1;1;;;;;1
26/02/2018;13:46:00;219;sem vítima;477,156;BR-364/MT;Sul;Tombamento;1;1;;;;;1
26/02/2018;15:18:00;256;sem vítima;686,224;BR-163/MT;Norte;Tombamento;1;1;;;;;1
26/02/2018;16:16:00;269;sem vítima;349,48;BR-364/MT;Norte;Colisão Traseira;2;2;;;;;1
26/02/2018;16:42:00;276;sem vítima;586,9;BR-163/MT;Norte;Colisão Traseira;2;2;;;;;1
26/02/2018;21:04:00;330;com vítima;589,801;BR-163/MT;Sul;Tombamento;1;0;2;;;;1
27/02/2018;18:33:00;291;sem vítima;513,362;BR-163/MT;Sul;Saida de Pista;1;2;;;;;1
27/02/2018;18:39:00;293;sem vítima;522,217;BR-070/MT;Sul;Colisão Traseira;2;2;;;;;1
27/02/2018;23:28:00;348;sem vítima;745,269;BR-163/MT;Norte;Atropelamento de Animal;1;1;;;;;1
28/02/2018;07:15:00;68;com vítima;513,478;BR-070/MT;Norte;Engavetamento;2;4;1;;;;1
28/02/2018;10:24:00;161;sem vítima;261,991;BR-364/MT;Sul;Engavetamento;2;5;;;;;1
28/02/2018;16:22:00;282;sem vítima;676,856;BR-163/MT;Norte;Saida de Pista;1;2;;;;;1
28/02/2018;17:43:00;312;sem vítima;600,984;BR-163/MT;Sul;Tombamento;1;1;;;;;1
28/02/2018;18:17:00;318;sem vítima;349,175;BR-364/MT;Norte;Saida de Pista;1;1;;;;;1
01/03/2018;14:03:00;243;sem vítima;343,231;BR-364/MT;Norte;Saida de Pista;1;1;;;;;1
01/03/2018;14:26:00;250;sem vítima;836,517;BR-163/MT;Norte;Colisão Transversal;1;2;;;;;1
02/03/2018;16:46:00;309;sem vítima;254,458;BR-364/MT;Sul;Colisão Traseira;2;4;;;;;1
03/03/2018;05:48:00;59;sem vítima;854,203;BR-163/MT;Norte;Colisão Transversal;1;4;;;;;1
03/03/2018;07:31:00;89;sem vítima;523,84;BR-163/MT;Norte;Colisão Transversal;2;3;;;;;1
03/03/2018;09:22:00;132;com vítima;520;BR-070/MT;Norte;Colisão Frontal;1;1;;1;;;2
03/03/2018;15:42:00;240;sem vítima;843,244;BR-163/MT;Norte;Tombamento;1;2;;;;;1
03/03/2018;19:10:00;300;sem vítima;119,431;BR-163/MT;Sul;Colisão Transversal;1;3;;;;;1
03/03/2018;19:27:00;310;sem vítima;110,487;BR-163/MT;Norte;Saida de Pista;1;1;;;;;1
04/03/2018;10:51:00;139;sem vítima;688,71;BR-163/MT;Sul;Colisão Traseira;1;3;;;;;1
04/03/2018;11:06:00;141;sem vítima;299,381;BR-364/MT;Norte;Colisão Traseira;1;3;;;;;1
04/03/2018;13:06:00;171;sem vítima;837,075;BR-163/MT;Sul;Colisão Lateral;1;2;;;;;1
04/03/2018;13:30:00;179;com vítima;349,709;BR-364/MT;Sul;Tombamento;1;0;1;;;;1
04/03/2018;14:19:00;185;sem vítima;276,01;BR-364/MT;Sul;Tombamento;1;1;;;;;1
04/03/2018;18:03:00;252;sem vítima;801,71;BR-163/MT;Norte;Colisão Lateral;1;2;;;;;1
04/03/2018;23:59:00;323;com vítima;471,3;BR-364/MT;Sul;Atropelamento de Animal;1;2;;;1;;2
05/03/2018;09:25:00;129;sem vítima;328,765;BR-364/MT;Norte;Colisão Traseira;2;2;;;;;1
05/03/2018;13:12:00;219;sem vítima;503,642;BR-070/MT;Sul;Tombamento;1;1;;;;;1
05/03/2018;14:04:00;233;sem vítima;614,906;BR-163/MT;Sul;Colisão Lateral;1;3;;;;;1
05/03/2018;17:33:00;292;sem vítima;113,762;BR-163/MT;Norte;Saida de Pista;1;1;;;;;1
05/03/2018;18:28:00;306;sem vítima;440,072;BR-364/MT;Norte;Colisão Traseira;1;2;;;;;1
05/03/2018;18:45:00;315;sem vítima;102,1;BR-163/MT;Norte;Saida de Pista;1;1;;;;;1
06/03/2018;05:48:00;36;sem vítima;279,832;BR-364/MT;Norte;Choque - Arvore;1;1;;;;;1
06/03/2018;17:27:00;301;sem vítima;117,892;BR-163/MT;Sul;Colisão Lateral;1;2;;;;;1
06/03/2018;18:10:00;309;sem vítima;514,481;BR-070/MT;Norte;Colisão Transversal;1;2;;;;;1
06/03/2018;18:10:00;311;sem vítima;522,991;BR-070/MT;Sul;Colisão Traseira;2;2;;;;;1
06/03/2018;18:52:00;318;com vítima;522,742;BR-364/MT;Sul;Colisão Frontal;1;1;1;;;;1
07/03/2018;11:10:00;192;sem vítima;648,025;BR-163/MT;Sul;Tombamento;1;1;;;;;1
07/03/2018;17:03:00;290;com vítima;506,031;BR-070/MT;Norte;Colisão Transversal;1;1;1;;;;1
08/03/2018;15:14:00;212;sem vítima;270,49;BR-364/MT;Sul;Tombamento;1;1;;;;;1
09/03/2018;05:08:00;36;com vítima;648,074;BR-163/MT;Sul;Tombamento;1;0;1;;;;1
09/03/2018;06:05:00;39;sem vítima;664,045;BR-163/MT;Norte;Choque - Defensa, barreira ou "submarino";1;1;;;;;1
09/03/2018;08:04:00;86;sem vítima;32,41;BR-163/MT;Norte;Choque - Outros;1;2;;;;;1
09/03/2018;14:48:00;239;com vítima;601,455;BR-163/MT;Norte;Colisão Transversal;2;1;1;;;;1
09/03/2018;15:00:00;244;sem vítima;271,945;BR-364/MT;Norte;Colisão Traseira;1;2;;;;;1
09/03/2018;15:31:00;257;sem vítima;577;BR-364/MT;Sul;Saida de Pista;1;2;;;;;1
09/03/2018;23:45:00;378;com vítima;308,825;BR-364/MT;Norte;Colisão Traseira;2;1;1;;;;1
10/03/2018;11:08:00;150;sem vítima;535,533;BR-163/MT;Sul;Colisão Traseira;1;4;;;;;1
11/03/2018;06:38:00;61;com vítima;350,151;BR-364/MT;Sul;Tombamento;1;0;1;;;;1
11/03/2018;06:43:00;66;sem vítima;580,636;BR-163/MT;Sul;Tombamento;1;2;;;;;1
11/03/2018;13:24:00;196;com vítima;854,201;BR-163/MT;Norte;Colisão Transversal;1;1;;;;1;3
11/03/2018;14:16:00;209;sem vítima;592,25;BR-163/MT;Sul;Colisão Traseira;1;3;;;;;1
11/03/2018;17:50:00;255;sem vítima;111,447;BR-163/MT;Norte;Saida de Pista;1;1;;;;;1
11/03/2018;22:32:00;303;com vítima;576,213;BR-163/MT;Sul;Tombamento;1;0;1;;;;1
12/03/2018;01:51:00;28;sem vítima;98,687;BR-163/MT;Sul;Atropelamento de Animal;1;1;;;;;1
12/03/2018;08:34:00;103;com vítima;829,157;BR-163/MT;Sul;Colisão Traseira;1;1;1;;;;1
12/03/2018;12:06:00;171;com vítima;112,731;BR-163/MT;Sul;Colisão Traseira;1;1;1;;;;1
12/03/2018;14:09:00;198;sem vítima;103,345;BR-163/MT;Norte;Saida de Pista;1;1;;;;;1
12/03/2018;14:29:00;199;sem vítima;316,868;BR-364/MT;Norte;Choque - Outros;1;1;;;;;1
12/03/2018;15:59:00;223;com vítima;517,033;BR-070/MT;Sul;Colisão Frontal;1;3;1;;;;1
12/03/2018;16:36:00;233;com vítima;257,841;BR-364/MT;Sul;Colisão Transversal;1;1;1;;;;1
12/03/2018;17:22:00;250;com vítima;590;BR-163/MT;Sul;Colisão Lateral;2;2;1;;;;1
12/03/2018;22:39:00;299;sem vítima;583,098;BR-163/MT;Sul;Saida de Pista;1;1;;;;;1
13/03/2018;06:01:00;39;sem vítima;110,713;BR-163/MT;Norte;Saida de Pista;1;1;;;;;1
13/03/2018;06:16:00;40;sem vítima;597,052;BR-163/MT;Norte;Colisão Traseira;1;2;;;;;1
13/03/2018;07:02:00;55;sem vítima;586,87;BR-163/MT;Norte;Choque - Veiculo parado na pista;1;3;;;;;1
13/03/2018;13:39:00;194;sem vítima;581,2;BR-364/MT;Norte;Colisão Traseira;1;2;;;;;1
13/03/2018;20:00:00;289;sem vítima;497,5;BR-364/MT;Sul;Saida de Pista;1;1;;;;;1
14/03/2018;11:19:00;168;sem vítima;512,233;BR-070/MT;Norte;Colisão Traseira;1;2;;;;;1
14/03/2018;12:58:00;197;com vítima;506,119;BR-070/MT;Sul;Saida de Pista;1;0;;1;;;2
14/03/2018;13:42:00;210;sem vítima;496,3;BR-364/MT;Norte;Colisão Traseira;1;2;;;;;1
14/03/2018;14:33:00;229;sem vítima;660,6;BR-163/MT;Sul;Saida de Pista;1;1;;;;;1
15/03/2018;04:46:00;34;sem vítima;526,378;BR-163/MT;Norte;Saida de Pista;1;1;;;;;1
15/03/2018;17:38:00;309;sem vítima;460,343;BR-364/MT;Sul;Colisão Traseira;2;3;;;;;1
15/03/2018;20:12:00;344;com vítima;349,673;BR-364/MT;Norte;Capotamento;1;0;;1;;;2
15/03/2018;21:31:00;356;sem vítima;524,496;BR-364/MT;Norte;Tombamento;1;1;;;;;1
16/03/2018;00:55:00;18;sem vítima;517,096;BR-364/MT;Norte;Saida de Pista;1;1;;;;;1
16/03/2018;08:58:00;109;com vítima;854,12;BR-163/MT;Norte;Colisão Frontal;1;1;;;1;1;3
16/03/2018;11:01:00;170;sem vítima;601,407;BR-163/MT;Norte;Tombamento;3;4;;;;;1
16/03/2018;21:35:00;338;sem vítima;333,94;BR-364/MT;Sul;Colisão Traseira;2;2;;;;;1
17/03/2018;05:41:00;37;com vítima;350,1;BR-364/MT;Norte;Saida de Pista;1;2;;1;;;2
17/03/2018;08:28:00;87;com vítima;401,555;BR-364/MT;Sul;Colisão Transversal;1;1;1;;;;1
17/03/2018;15:07:00;185;sem vítima;523,934;BR-070/MT;Sul;Colisão Transversal;1;7;;;;;1
17/03/2018;15:16:00;190;sem vítima;580,53;BR-364/MT;Norte;Choque - Defensa, barreira ou "submarino";1;1;;;;;1
18/03/2018;20:05:00;255;com vítima;29,79;BR-163/MT;Sul;Tombamento;1;0;1;;;;1
19/03/2018;07:29:00;59;sem vítima;746,446;BR-163/MT;Sul;Colisão Lateral;2;2;;;;;1
19/03/2018;10:10:00;134;sem vítima;458,493;BR-364/MT;Sul;Saida de Pista;1;2;;;;;1
19/03/2018;16:08:00;250;sem vítima;521,187;BR-070/MT;Norte;Engavetamento;2;3;;;;;1
19/03/2018;17:25:00;272;com vítima;521,566;BR-070/MT;Norte;Colisão Transversal;1;1;1;;;;1
20/03/2018;10:38:00;146;com vítima;719,031;BR-163/MT;Sul;Colisão Traseira;2;3;1;;;1;3
20/03/2018;14:20:00;202;sem vítima;771,523;BR-163/MT;Sul;Saida de Pista;1;1;;;;;1
20/03/2018;15:51:00;231;sem vítima;532,165;BR-163/MT;Sul;Tombamento;1;1;;;;;1
20/03/2018;17:44:00;266;sem vítima;478,9;BR-364/MT;Sul;Colisão Traseira;1;2;;;;;1
20/03/2018;19:55:00;310;com vítima;532,066;BR-163/MT;Sul;Colisão Lateral;2;1;;;;1;3
20/03/2018;20:16:00;315;sem vítima;574,718;BR-364/MT;Sul;Saida de Pista;1;2;;;;;1
21/03/2018;08:14:00;90;sem vítima;237,886;BR-364/MT;Norte;Colisão Traseira;2;2;;;;;1
22/03/2018;19:39:00;328;sem vítima;217,252;BR-364/MT;Norte;Colisão Traseira;1;2;;;;;1
23/03/2018;08:10:00;113;sem vítima;346,386;BR-364/MT;Sul;Capotamento;1;1;;;;;1
23/03/2018;08:39:00;126;sem vítima;316,485;BR-364/MT;Sul;Colisão Traseira;1;5;;;;;1
23/03/2018;11:39:00;208;com vítima;840,831;BR-163/MT;Norte;Colisão Lateral;1;1;1;1;;;2
23/03/2018;12:47:00;231;sem vítima;541,926;BR-364/MT;Sul;Colisão Traseira;2;2;;;;;1
23/03/2018;16:27:00;301;sem vítima;347,784;BR-364/MT;Norte;Tombamento;1;1;;;;;1
24/03/2018;05:19:00;51;com vítima;502,304;BR-364/MT;Norte;Colisão Traseira;1;1;1;;;;1
24/03/2018;14:01:00;190;sem vítima;589,882;BR-163/MT;Sul;Tombamento;1;1;;;;;1
24/03/2018;14:36:00;205;sem vítima;502,796;BR-070/MT;Sul;Tombamento;1;1;;;;;1
24/03/2018;15:29:00;214;sem vítima;459,427;BR-364/MT;Sul;Tombamento;1;2;;;;;1
25/03/2018;00:09:00;1;com vítima;663,888;BR-163/MT;Sul;Colisão Transversal;1;1;;;;1;3
25/03/2018;10:24:00;98;sem vítima;350,18;BR-364/MT;Norte;Tombamento;1;1;;;;;1
25/03/2018;12:37:00;130;com vítima;520,39;BR-364/MT;Norte;Colisão Frontal;2;1;1;;;1;3
25/03/2018;13:21:00;137;com vítima;464,142;BR-364/MT;Sul;Colisão Lateral;2;1;;;1;;2
25/03/2018;18:24:00;191;sem vítima;766,7;BR-163/MT;Norte;Choque - Outros;1;1;;;;;1
26/03/2018;01:24:00;10;sem vítima;275,513;BR-364/MT;Sul;Saida de Pista;1;1;;;;;1
26/03/2018;08:46:00;90;sem vítima;348,234;BR-364/MT;Norte;Tombamento;1;1;;;;;1
26/03/2018;12:15:00;175;com vítima;567,312;BR-364/MT;Sul;Choque - Defensa, barreira ou "submarino";1;0;;;;1;3
26/03/2018;18:13:00;282;sem vítima;458,018;BR-364/MT;Norte;Choque - Defensa, barreira ou "submarino";1;1;;;;;1
26/03/2018;21:58:00;329;sem vítima;106,18;BR-163/MT;Sul;Saida de Pista;1;1;;;;;1
27/03/2018;03:00:00;34;com vítima;583,734;BR-163/MT;Sul;Tombamento;1;0;1;;;;1
27/03/2018;05:23:00;39;sem vítima;556,1;BR-163/MT;Norte;Saida de Pista;1;6;;;;;1
27/03/2018;07:46:00;69;sem vítima;458,589;BR-364/MT;Norte;Choque - Defensa, barreira ou "submarino";1;1;;;;;1
27/03/2018;08:39:00;83;sem vítima;486,259;BR-364/MT;Norte;Colisão Traseira;2;5;;;;;1
27/03/2018;12:26:00;163;sem vítima;521,821;BR-070/MT;Sul;Choque - Veiculo parado no acostamento;1;2;;;;;1
27/03/2018;13:49:00;180;com vítima;783,554;BR-163/MT;Norte;Colisão Frontal;1;1;;;2;2;3
27/03/2018;17:14:00;247;sem vítima;542,628;BR-364/MT;Sul;Colisão Traseira;1;2;;;;;1
27/03/2018;21:51:00;304;sem vítima;607,2;BR-163/MT;Sul;Colisão Traseira;1;2;;;;;1
27/03/2018;23:00:00;316;sem vítima;348,396;BR-364/MT;Sul;Colisão Traseira;2;2;;;;;1
27/03/2018;23:42:00;318;sem vítima;604,626;BR-163/MT;Sul;Colisão Traseira;1;2;;;;;1
28/03/2018;03:36:00;36;sem vítima;241,501;BR-364/MT;Norte;Saida de Pista;1;1;;;;;1