data;horario;n_da_ocorrencia;tipo_de_ocorrencia;km;trecho;sentido;tipo_de_acidente;caminhao;ilesos;levemente_feridos;moderadamente_feridos;gravemente_feridos;mortos;3
28/03/2018;06:29:00;50;sem vítima;110,843;BR-163/MT;Sul;Saida de Pista;1;1;;;;;1
28/03/2018;07:45:00;75;sem vítima;586,857;BR-163/MT;Sul;Choque - Veiculo parado na pista;1;4;;;;;1
28/03/2018;11:54:00;177;sem vítima;343,9;BR-364/MT;Sul;Colisão Traseira;2;3;;;;;1
28/03/2018;19:51:00;340;sem vítima;664,045;BR-163/MT;Norte;Colisão Traseira;2;2;;;;;1
29/03/2018;11:15:00;186;com vítima;833,757;BR-163/MT;Sul;Colisão Traseira;1;1;1;;;;1
29/03/2018;13:18:00;228;com vítima;611,622;BR-163/MT;Norte;Colisão Frontal;1;1;1;;;;1
29/03/2018;23:58:00;398;sem vítima;611,082;BR-163/MT;Sul;Saida de Pista;1;1;;;;;1
30/03/2018;08:50:00;87;com vítima;551,958;BR-163/MT;Norte;Colisão Frontal;1;1;;;1;2;3
30/03/2018;10:26:00;118;sem vítima;632,008;BR-163/MT;Norte;Saida de Pista;1;1;;;;;1
30/03/2018;13:24:00;168;sem vítima;458,461;BR-364/MT;Norte;Tombamento;1;1;;;;;1
31/03/2018;06:00:00;57;com vítima;514,001;BR-070/MT;Norte;Colisão Transversal;1;1;1;;;;1
31/03/2018;06:36:00;63;sem vítima;834,44;BR-163/MT;Sul;Choque - Arvore;1;1;;;;;1
31/03/2018;15:40:00;231;sem vítima;277,35;BR-364/MT;Norte;Colisão Lateral;1;2;;;;;1
01/04/2018;07:20:00;57;com vítima;652,778;BR-163/MT;Norte;Colisão Lateral;1;1;;1;1;;2
01/04/2018;09:21:00;77;sem vítima;302,995;BR-364/MT;Norte;Saida de Pista;1;1;;;;;1
01/04/2018;12:25:00;106;com vítima;348,3;BR-364/MT;Norte;Colisão Traseira;1;2;1;;;;1
01/04/2018;14:32:00;124;sem vítima;347,8;BR-364/MT;Norte;Colisão Traseira;2;2;;;;;1
01/04/2018;16:28:00;161;sem vítima;275,24;BR-364/MT;Sul;Colisão Lateral;2;3;;;;;1
01/04/2018;17:47:00;186;sem vítima;579,18;BR-364/MT;Norte;Colisão Traseira;1;6;;;;;1
01/04/2018;18:47:00;202;sem vítima;515,586;BR-364/MT;Sul;Tombamento;1;1;;;;;1
01/04/2018;20:59:00;247;com vítima;834,697;BR-163/MT;Norte;Colisão Traseira;1;1;;1;;;2
02/04/2018;07:41:00;55;sem vítima;752,589;BR-163/MT;Sul;Colisão Transversal;1;2;;;;;1
02/04/2018;16:05:00;240;com vítima;514,836;BR-163/MT;Norte;Colisão Frontal;2;0;;2;;;2
02/04/2018;17:34:00;267;sem vítima;540,423;BR-163/MT;Sul;Tombamento;1;1;;;;;1
03/04/2018;08:18:00;85;sem vítima;829,395;BR-163/MT;Sul;Colisão Traseira;1;4;;;;;1
03/04/2018;10:09:00;139;sem vítima;626,724;BR-163/MT;Norte;Colisão Lateral;1;2;;;;;1
03/04/2018;18:03:00;272;sem vítima;657,787;BR-163/MT;Norte;Saida de Pista;1;1;;;;;1
03/04/2018;21:44:00;324;com vítima;240,84;BR-364/MT;Sul;Tombamento;1;1;;1;;;2
04/04/2018;02:21:00;20;com vítima;244,076;BR-364/MT;Norte;Colisão Lateral;1;1;;2;;;2
04/04/2018;10:08:00;167;sem vítima;498,1;BR-070/MT;Norte;Colisão Transversal;1;2;;;;;1
04/04/2018;16:23:00;290;sem vítima;657,752;BR-163/MT;Sul;Colisão Traseira;1;2;;;;;1
04/04/2018;17:50:00;316;sem vítima;203,364;BR-364/MT;Norte;Colisão Traseira;1;2;;;;;1
04/04/2018;18:24:00;323;com vítima;519,806;BR-070/MT;Norte;Tombamento;1;0;1;;;;1
04/04/2018;18:46:00;329;sem vítima;276,014;BR-364/MT;Sul;Colisão Traseira;1;2;;;;;1
05/04/2018;19:55:00;312;sem vítima;458,7;BR-364/MT;Norte;Colisão Transversal;2;2;;;;;1
05/04/2018;22:00:00;343;sem vítima;441,132;BR-364/MT;Sul;Atropelamento de Animal;1;1;;;;;1
06/04/2018;09:31:00;122;sem vítima;119,584;BR-163/MT;Norte;Colisão Lateral;1;3;;;;;1
06/04/2018;13:57:00;207;sem vítima;556,503;BR-364/MT;Norte;Saida de Pista;1;1;;;;;1
06/04/2018;14:36:00;220;sem vítima;595,632;BR-163/MT;Sul;Colisão Traseira;2;2;;;;;1
06/04/2018;16:14:00;252;com vítima;517,384;BR-364/MT;Norte;Tombamento;1;1;1;;;;1
06/04/2018;16:27:00;254;com vítima;786,622;BR-163/MT;Sul;Choque - Veiculo parado na pista;1;5;3;;;;1
07/04/2018;02:01:00;22;sem vítima;55,58;BR-163/MT;Norte;Tombamento;1;1;;;;;1
07/04/2018;11:59:00;157;sem vítima;434,6;BR-364/MT;Norte;Colisão Lateral;1;6;;;;;1
07/04/2018;20:42:00;311;sem vítima;24,559;BR-163/MT;Sul;Choque - Defensa, barreira ou "submarino";1;2;;;;;1
07/04/2018;23:08:00;336;com vítima;578,186;BR-163/MT;Sul;Tombamento;1;0;2;;;;1
08/04/2018;02:54:00;38;com vítima;828,436;BR-163/MT;Sul;Colisão Lateral;1;1;1;;;;1
08/04/2018;03:22:00;41;com vítima;760,53;BR-163/MT;Sul;Tombamento;1;0;2;;;;1
08/04/2018;04:51:00;50;com vítima;782,241;BR-163/MT;Norte;Tombamento;1;0;;1;;;2
08/04/2018;12:13:00;142;com vítima;308,804;BR-364/MT;Norte;Colisão Traseira;2;1;1;;;;1
08/04/2018;17:38:00;217;sem vítima;589,64;BR-163/MT;Norte;Tombamento;1;1;;;;;1
09/04/2018;07:35:00;58;sem vítima;520,433;BR-070/MT;Norte;Colisão Traseira;2;3;;;;;1
09/04/2018;12:08:00;173;com vítima;397,038;BR-364/MT;Sul;Colisão Lateral;1;1;1;;;;1
09/04/2018;21:20:00;322;sem vítima;503,648;BR-070/MT;Sul;Tombamento;1;1;;;;;1
10/04/2018;05:43:00;46;sem vítima;466,691;BR-364/MT;Sul;Saida de Pista;1;1;;;;;1
10/04/2018;11:54:00;182;sem vítima;571,663;BR-163/MT;Sul;Colisão Traseira;1;2;;;;;1
10/04/2018;12:58:00;195;com vítima;265,226;BR-364/MT;Sul;Colisão Transversal;1;1;3;;;;1
10/04/2018;14:01:00;207;sem vítima;316,265;BR-364/MT;Norte;Colisão Traseira;1;8;;;;;1
10/04/2018;14:50:00;217;sem vítima;532,309;BR-163/MT;Sul;Saida de Pista;1;1;;;;;1
10/04/2018;21:40:00;314;sem vítima;312,323;BR-364/MT;Sul;Choque - Outros;1;2;;;;;1
11/04/2018;02:28:00;11;sem vítima;312,366;BR-364/MT;Norte;Choque - Outros;1;1;;;;;1
11/04/2018;07:10:00;53;com vítima;534,439;BR-163/MT;Sul;Tombamento;1;1;1;;;;1
11/04/2018;13:21:00;189;sem vítima;854,183;BR-163/MT;Norte;Colisão Transversal;2;5;;;;;1
11/04/2018;14:02:00;203;sem vítima;509,139;BR-070/MT;Sul;Choque - Defensa, barreira ou "submarino";1;1;;;;;1
11/04/2018;14:02:00;213;sem vítima;509,139;BR-070/MT;Norte;Choque - Defensa, barreira ou "submarino";1;1;;;;;1
11/04/2018;15:06:00;223;sem vítima;487,039;BR-364/MT;Sul;Colisão Traseira;1;2;;;;;1
11/04/2018;15:23:00;226;sem vítima;504,504;BR-070/MT;Norte;Colisão Traseira;2;2;;;;;1
11/04/2018;17:05:00;262;sem vítima;258,424;BR-364/MT;Sul;Colisão Lateral;1;2;;;;;1
12/04/2018;05:59:00;63;sem vítima;690,509;BR-163/MT;Sul;Colisão Lateral;2;2;;;;;1
12/04/2018;06:52:00;86;sem vítima;392,036;BR-364/MT;Norte;Colisão Transversal;1;2;;;;;1
12/04/2018;07:17:00;101;sem vítima;202,747;BR-364/MT;Sul;Engavetamento;1;5;;;;;1
12/04/2018;11:49:00;225;sem vítima;751;BR-163/MT;Sul;Colisão Lateral;1;5;;;;;1
12/04/2018;16:10:00;311;sem vítima;373,157;BR-364/MT;Sul;Colisão Traseira;2;2;;;;;1
12/04/2018;18:27:00;357;sem vítima;204,105;BR-364/MT;Norte;Colisão Lateral;1;2;;;;;1
13/04/2018;01:10:00;23;sem vítima;447,159;BR-364/MT;Norte;Saida de Pista;1;1;;;;;1
13/04/2018;10:07:00;155;sem vítima;389,9;BR-364/MT;Norte;Choque - Defensa, barreira ou "submarino";1;1;;;;;1
14/04/2018;06:40:00;43;sem vítima;756,697;BR-163/MT;Sul;Saida de Pista;1;1;;;;;1
14/04/2018;08:20:00;79;com vítima;782,187;BR-163/MT;Sul;Tombamento;1;1;1;;;;1
14/04/2018;08:28:00;82;sem vítima;834,814;BR-163/MT;Sul;Colisão Lateral;1;2;;;;;1
14/04/2018;13:26:00;189;sem vítima;458,33;BR-364/MT;Norte;Saida de Pista;1;1;;;;;1
14/04/2018;13:29:00;190;sem vítima;458,3;BR-364/MT;Norte;Saida de Pista;1;1;;;;;1
14/04/2018;13:33:00;193;sem vítima;458,6;BR-364/MT;Norte;Tombamento;1;2;;;;;1
14/04/2018;13:41:00;195;com vítima;464,2;BR-364/MT;Norte;Colisão Frontal;2;3;;1;;;2
14/04/2018;18:17:00;273;com vítima;721,612;BR-163/MT;Norte;Colisão Lateral;1;2;1;;;;1
15/04/2018;13:09:00;167;sem vítima;372,123;BR-364/MT;Sul;Colisão Traseira;4;5;;;;;1
15/04/2018;13:10:00;168;com vítima;350,8;BR-364/MT;Norte;Saida de Pista;1;0;;;1;;2
15/04/2018;14:30:00;184;com vítima;350,834;BR-364/MT;Norte;Colisão Lateral;3;2;;;;1;3
15/04/2018;14:51:00;188;sem vítima;514,005;BR-070/MT;Sul;Colisão Transversal;1;5;;;;;1
15/04/2018;16:26:00;213;sem vítima;345,143;BR-364/MT;Norte;Colisão Traseira;1;3;;;;;1
15/04/2018;20:29:00;272;sem vítima;386,562;BR-364/MT;Sul;Colisão Lateral;2;3;;;;;1
16/04/2018;06:56:00;57;sem vítima;119,43;BR-163/MT;Norte;Engavetamento;1;5;;;;;1
16/04/2018;10:56:00;151;sem vítima;524;BR-070/MT;Norte;Engavetamento;1;7;;;;;1
16/04/2018;13:12:00;183;sem vítima;620,593;BR-163/MT;Sul;Colisão Traseira;1;4;;;;;1
16/04/2018;14:22:00;205;sem vítima;834,295;BR-163/MT;Norte;Colisão Traseira;1;2;;;;;1
16/04/2018;16:44:00;256;sem vítima;458,893;BR-364/MT;Norte;Colisão Lateral;2;2;;;;;1
16/04/2018;21:23:00;323;sem vítima;332,803;BR-364/MT;Sul;Tombamento;1;1;;;;;1
16/04/2018;21:38:00;325;sem vítima;357,014;BR-364/MT;Norte;Saida de Pista;1;1;;;;;1
16/04/2018;22:10:00;331;sem vítima;341,979;BR-364/MT;Sul;Colisão Traseira;2;2;;;;;1
17/04/2018;06:47:00;49;sem vítima;687,039;BR-163/MT;Sul;Colisão Lateral;1;2;;;;;1
17/04/2018;07:40:00;81;sem vítima;254,684;BR-364/MT;Norte;Colisão Traseira;3;4;;;;;1
17/04/2018;13:39:00;211;sem vítima;361,447;BR-364/MT;Norte;Colisão Traseira;2;2;;;;;1
17/04/2018;15:10:00;250;sem vítima;459,534;BR-364/MT;Sul;Tombamento;1;2;;;;;1
17/04/2018;15:30:00;256;sem vítima;521,65;BR-070/MT;Sul;Colisão Traseira;2;2;;;;;1
17/04/2018;16:34:00;273;sem vítima;544,912;BR-163/MT;Norte;Colisão Lateral;1;3;;;;;1
17/04/2018;16:38:00;274;sem vítima;659,252;BR-163/MT;Sul;Colisão Traseira;3;3;;;;;1
17/04/2018;20:49:00;328;com vítima;526,284;BR-163/MT;Norte;Colisão Frontal;3;2;1;;;2;3
18/04/2018;03:04:00;15;sem vítima;385,37;BR-364/MT;Sul;Atropelamento de Animal;1;1;;;;;1
18/04/2018;05:45:00;41;sem vítima;609,688;BR-163/MT;Norte;Saida de Pista;1;1;;;;;1
18/04/2018;12:57:00;185;com vítima;837,058;BR-163/MT;Norte;Colisão Transversal;1;1;1;;;;1
18/04/2018;14:45:00;213;com vítima;829,228;BR-163/MT;Norte;Colisão Traseira;1;6;1;;;;1
18/04/2018;16:48:00;250;sem vítima;751,229;BR-163/MT;Sul;Colisão Lateral;1;4;;;;;1
18/04/2018;21:44:00;339;com vítima;463,983;BR-364/MT;Norte;Colisão Lateral;2;1;1;;;;1
18/04/2018;22:21:00;349;sem vítima;492,755;BR-364/MT;Sul;Colisão Traseira;1;3;;;;;1
19/04/2018;04:43:00;26;sem vítima;320,728;BR-364/MT;Sul;Saida de Pista;1;1;;;;;1
19/04/2018;07:18:00;47;sem vítima;110,714;BR-163/MT;Norte;Saida de Pista;1;1;;;;;1
19/04/2018;11:56:00;144;sem vítima;459,253;BR-364/MT;Norte;Choque - Arvore;1;1;;;;;1
19/04/2018;12:31:00;156;com vítima;603,32;BR-163/MT;Norte;Tombamento;2;1;1;;;;1
19/04/2018;12:47:00;161;sem vítima;630,882;BR-163/MT;Sul;Colisão Lateral;1;2;;;;;1
19/04/2018;17:32:00;249;com vítima;776,885;BR-163/MT;Sul;Colisão Frontal;1;1;;;1;;2
20/04/2018;04:29:00;34;sem vítima;459,17;BR-364/MT;Sul;Saida de Pista;1;1;;;;;1
20/04/2018;09:57:00;116;sem vítima;837,146;BR-163/MT;Sul;Colisão Lateral;1;3;;;;;1
20/04/2018;11:10:00;151;sem vítima;383,205;BR-364/MT;Sul;Colisão Traseira;2;5;;;;;1
20/04/2018;14:02:00;190;sem vítima;519,947;BR-163/MT;Norte;Colisão Traseira;2;2;;;;;1
20/04/2018;15:50:00;223;sem vítima;270,551;BR-364/MT;Sul;Colisão Lateral;1;5;;;;;1
20/04/2018;18:47:00;275;com vítima;311,625;BR-364/MT;Norte;Colisão Traseira;2;5;3;;;;1
21/04/2018;00:30:00;4;com vítima;500,642;BR-070/MT;Norte;Colisão Lateral;1;0;2;;;;1
21/04/2018;11:29:00;175;sem vítima;605,532;BR-163/MT;Norte;Colisão Traseira;1;2;;;;;1
21/04/2018;15:15:00;244;com vítima;582,228;BR-163/MT;Sul;Tombamento;1;0;1;;;;1
22/04/2018;00:25:00;3;sem vítima;570,403;BR-163/MT;Norte;Saida de Pista;1;1;;;;;1
22/04/2018;15:36:00;168;com vítima;835,553;BR-163/MT;Sul;Colisão Transversal;1;1;;;1;;2
22/04/2018;18:24:00;216;sem vítima;119,358;BR-163/MT;Sul;Colisão Lateral;1;4;;;;;1
23/04/2018;11:09:00;169;com vítima;349,725;BR-364/MT;Norte;Choque - Talude;1;0;;1;;;2
23/04/2018;14:34:00;212;sem vítima;579,319;BR-364/MT;Sul;Colisão Traseira;3;3;;;;;1
23/04/2018;17:40:00;271;sem vítima;341,43;BR-364/MT;Norte;Engavetamento;3;3;;;;;1
24/04/2018;06:59:00;59;com vítima;515,261;BR-070/MT;Sul;Colisão Traseira;1;3;1;;;;1
25/04/2018;07:38:00;57;sem vítima;351,6;BR-364/MT;Norte;Colisão Traseira;1;3;;;;;1
25/04/2018;07:58:00;66;sem vítima;119,777;BR-163/MT;Norte;Colisão Lateral;1;4;;;;;1
25/04/2018;10:33:00;136;com vítima;401,666;BR-364/MT;Sul;Colisão Traseira;1;1;;1;;;2
25/04/2018;20:11:00;291;com vítima;545,871;BR-364/MT;Sul;Atropelamento - Morador;1;1;;;;1;3
26/04/2018;06:36:00;40;sem vítima;581,8;BR-364/MT;Norte;Colisão Traseira;2;4;;;;;1
26/04/2018;08:29:00;80;sem vítima;255,848;BR-364/MT;Norte;Colisão Lateral;1;5;;;;;1
26/04/2018;09:00:00;85;sem vítima;804,454;BR-163/MT;Sul;Tombamento;1;2;;;;;1
26/04/2018;09:52:00;107;com vítima;260,302;BR-364/MT;Norte;Tombamento;1;0;;1;;;2
26/04/2018;10:13:00;117;com vítima;88,096;BR-163/MT;Norte;Colisão Lateral;1;3;2;;;;1
26/04/2018;11:28:00;151;com vítima;270,246;BR-364/MT;Sul;Tombamento;1;0;1;;;;1
26/04/2018;13:40:00;178;com vítima;264,066;BR-364/MT;Norte;Colisão Traseira;1;1;1;;;1;3
26/04/2018;14:28:00;190;sem vítima;383,2;BR-364/MT;Norte;Colisão Traseira;1;5;;;;;1
26/04/2018;18:34:00;245;sem vítima;280,982;BR-364/MT;Sul;Colisão Lateral;1;5;;;;;1
27/04/2018;04:16:00;33;sem vítima;509,095;BR-364/MT;Norte;Atropelamento de Animal;1;1;;;;;1
27/04/2018;10:59:00;151;sem vítima;273,437;BR-364/MT;Norte;Colisão Lateral;1;2;;;;;1
27/04/2018;11:45:00;168;sem vítima;581,5;BR-364/MT;Sul;Colisão Lateral;2;2;;;;;1
27/04/2018;12:49:00;181;sem vítima;33,628;BR-163/MT;Sul;Colisão Traseira;1;15;;;;;1
27/04/2018;17:25:00;277;sem vítima;203,131;BR-364/MT;Sul;Colisão Traseira;1;2;;;;;1
27/04/2018;19:32:00;306;sem vítima;94,264;BR-163/MT;Sul;Colisão Traseira;1;3;;;;;1
29/04/2018;04:37:00;43;sem vítima;558,253;BR-364/MT;Norte;Colisão Frontal;1;2;;;;;1
29/04/2018;14:32:00;181;sem vítima;476,69;BR-364/MT;Norte;Colisão Lateral;1;5;;;;;1
29/04/2018;16:51:00;232;sem vítima;441,015;BR-364/MT;Sul;Colisão Traseira;1;3;;;;;1
29/04/2018;22:20:00;309;sem vítima;379,529;BR-364/MT;Norte;Colisão Traseira;2;2;;;;;1
30/04/2018;18:11:00;238;sem vítima;786,786;BR-163/MT;Norte;Colisão Transversal;1;5;;;;;1
01/06/2018;09:59:00;88;sem vítima;209,907;BR-364/MT;Sul;Tombamento;1;1;;;;;1
01/06/2018;13:13:00;134;sem vítima;377,752;BR-364/MT;Sul;Colisão Lateral;2;3;;;;;1
01/06/2018;15:22:00;173;sem vítima;523,773;BR-070/MT;Sul;Colisão Traseira;2;2;;;;;1
01/06/2018;22:07:00;262;sem vítima;561,113;BR-163/MT;Sul;Atropelamento de Animal;1;1;;;;;1
02/06/2018;07:44:00;58;sem vítima;479,08;BR-364/MT;Norte;Colisão Traseira;1;3;;;;;1
02/06/2018;19:15:00;197;com vítima;542,993;BR-364/MT;Sul;Colisão Traseira;1;0;1;1;;;2
02/06/2018;20:46:00;214;sem vítima;545,735;BR-364/MT;Sul;Atropelamento de Animal;1;1;;;;;1
02/06/2018;20:46:00;215;sem vítima;474,49;BR-364/MT;Norte;Saida de Pista;1;1;;;;;1
04/06/2018;11:43:00;138;sem vítima;728,742;BR-163/MT;Sul;Tombamento;1;1;;;;;1
04/06/2018;18:11:00;252;com vítima;435,89;BR-364/MT;Sul;Colisão Transversal;1;1;;2;;;2
04/06/2018;19:58:00;272;sem vítima;828,177;BR-163/MT;Norte;Colisão Transversal;3;3;;;;;1
04/06/2018;23:53:00;314;com vítima;275,619;BR-364/MT;Sul;Saida de Pista;1;0;1;;;;1
05/06/2018;07:44:00;63;sem vítima;459,12;BR-364/MT;Norte;Tombamento;1;1;;;;;1
05/06/2018;08:24:00;78;sem vítima;542,5;BR-364/MT;Sul;Colisão Transversal;1;2;;;;;1
05/06/2018;19:41:00;277;com vítima;566,314;BR-163/MT;Sul;Capotamento;1;0;;;;1;3
06/06/2018;01:20:00;6;sem vítima;458,516;BR-364/MT;Sul;Saida de Pista;1;1;;;;;1
06/06/2018;04:37:00;24;sem vítima;564,827;BR-364/MT;Sul;Saida de Pista;1;1;;;;;1
06/06/2018;11:15:00;145;sem vítima;474,719;BR-364/MT;Sul;Colisão Traseira;1;4;;;;;1
06/06/2018;13:02:00;161;sem vítima;576;BR-364/MT;Sul;Colisão Traseira;2;2;;;;;1
06/06/2018;18:29:00;251;sem vítima;247,035;BR-364/MT;Norte;Colisão Traseira;2;2;;;;;1
07/06/2018;07:45:00;69;com vítima;516,935;BR-070/MT;Norte;Colisão Transversal;1;2;;1;;;2
07/06/2018;09:19:00;98;sem vítima;579,1;BR-364/MT;Sul;Colisão Traseira;1;2;;;;;1
07/06/2018;18:32:00;266;sem vítima;240,88;BR-364/MT;Norte;Saida de Pista;1;1;;;;;1
08/06/2018;05:58:00;42;com vítima;489,518;BR-364/MT;Norte;Choque - Defensa, barreira ou "submarino";1;0;1;;;;1
08/06/2018;14:16:00;225;sem vítima;329,621;BR-364/MT;Sul;Engavetamento;3;6;;;;;1
08/06/2018;15:01:00;238;sem vítima;551,229;BR-163/MT;Norte;Colisão Traseira;1;2;;;;;1
08/06/2018;16:13:00;263;sem vítima;507,66;BR-364/MT;Sul;Tombamento;1;1;;;;;1
08/06/2018;19:41:00;311;sem vítima;459,691;BR-364/MT;Norte;Colisão Traseira;1;2;;;;;1
08/06/2018;22:55:00;351;sem vítima;481,235;BR-364/MT;Norte;Colisão Traseira;2;2;;;;;1
09/06/2018;09:54:00;144;com vítima;210,007;BR-364/MT;Norte;Colisão Lateral;1;1;;;;1;3
10/06/2018;09:59:00;105;sem vítima;766,7;BR-163/MT;Norte;Colisão Traseira;1;2;;;;;1
11/06/2018;04:57:00;36;sem vítima;352,999;BR-364/MT;Norte;Colisão Traseira;2;2;;;;;1
11/06/2018;14:52:00;210;com vítima;815,209;BR-163/MT;Norte;Tombamento;1;0;1;;;;1
11/06/2018;18:26:00;281;sem vítima;341,841;BR-364/MT;Sul;Colisão Lateral;2;2;;;;;1
12/06/2018;04:09:00;29;com vítima;508,946;BR-070/MT;Sul;Colisão Frontal;1;1;1;1;;;2
12/06/2018;10:55:00;162;sem vítima;383,2;BR-364/MT;Sul;Choque - Veiculo parado na pista;1;2;;;;;1
12/06/2018;13:01:00;209;sem vítima;563,783;BR-163/MT;Sul;Colisão Lateral;1;6;;;;;1
12/06/2018;15:48:00;268;sem vítima;556,126;BR-163/MT;Norte;Colisão Traseira;2;2;;;;;1
12/06/2018;16:04:00;276;sem vítima;561,734;BR-163/MT;Sul;Colisão Lateral;1;3;;;;;1
12/06/2018;16:55:00;289;sem vítima;832,852;BR-163/MT;Sul;Colisão Traseira;1;4;;;;;1
13/06/2018;05:49:00;41;sem vítima;493,787;BR-364/MT;Norte;Choque - Defensa, barreira ou "submarino";1;1;;;;;1
13/06/2018;07:34:00;77;sem vítima;530,5;BR-364/MT;Norte;Choque - Objeto sobre a pista;1;1;;;;;1
13/06/2018;09:17:00;116;com vítima;475,1;BR-364/MT;Norte;Tombamento;1;1;;1;;;2
13/06/2018;15:20:00;257;sem vítima;611,008;BR-163/MT;Norte;Colisão Traseira;2;2;;;;;1
13/06/2018;18:04:00;305;com vítima;249,61;BR-364/MT;Sul;Engavetamento;2;3;1;;;;1
13/06/2018;19:31:00;334;com vítima;784,214;BR-163/MT;Norte;Atropelamento - Andarilho;1;1;;;;1;3
13/06/2018;19:42:00;338;sem vítima;685,147;BR-163/MT;Sul;Colisão Transversal;1;3;;;;;1
14/06/2018;02:45:00;21;sem vítima;320,551;BR-364/MT;Sul;Tombamento;1;1;;;;;1
14/06/2018;05:33:00;38;sem vítima;326,379;BR-364/MT;Norte;Saida de Pista;1;1;;;;;1
14/06/2018;06:25:00;40;sem vítima;508,464;BR-163/MT;Norte;Colisão Transversal;1;5;;;;;1
14/06/2018;07:09:00;56;com vítima;464,153;BR-364/MT;Sul;Colisão Frontal;3;1;1;;;1;3
14/06/2018;16:08:00;249;sem vítima;823,81;BR-163/MT;Sul;Colisão Traseira;2;3;;;;;1
15/06/2018;02:39:00;33;com vítima;116,318;BR-163/MT;Sul;Colisão Traseira;2;1;2;;;;1
15/06/2018;06:22:00;49;com vítima;561,472;BR-163/MT;Norte;Colisão Frontal;5;4;;1;;1;3
15/06/2018;07:34:00;78;com vítima;832,31;BR-163/MT;Norte;Engavetamento;2;2;;;;1;3
15/06/2018;08:16:00;89;com vítima;570,61;BR-364/MT;Norte;Colisão Traseira;2;1;;1;;;2
15/06/2018;08:44:00;102;sem vítima;723,093;BR-163/MT;Sul;Colisão Traseira;2;4;;;;;1
15/06/2018;08:48:00;105;com vítima;118,175;BR-163/MT;Sul;Colisão Transversal;1;2;2;;;;1
15/06/2018;12:12:00;180;com vítima;61,392;BR-163/MT;Sul;Colisão Traseira;1;1;2;;;;1
15/06/2018;13:34:00;209;sem vítima;251,521;BR-364/MT;Norte;Colisão Traseira;1;2;;;;;1
15/06/2018;13:52:00;213;sem vítima;351,368;BR-364/MT;Norte;Colisão Traseira;2;2;;;;;1
16/06/2018;10:17:00;122;sem vítima;602,617;BR-163/MT;Norte;Colisão Lateral;4;7;;;;;1
16/06/2018;15:02:00;220;com vítima;677,838;BR-163/MT;Sul;Colisão Lateral;1;1;;1;;;2
16/06/2018;15:15:00;227;com vítima;446,451;BR-364/MT;Sul;Colisão Frontal;3;1;;;1;1;3
16/06/2018;15:26:00;233;sem vítima;548,19;BR-163/MT;Sul;Saida de Pista;1;1;;;;;1
17/06/2018;04:22:00;22;com vítima;333,881;BR-364/MT;Sul;Saida de Pista;1;0;1;;;;1
17/06/2018;06:19:00;32;sem vítima;600,977;BR-163/MT;Norte;Colisão Traseira;1;2;;;;;1
17/06/2018;11:46:00;124;com vítima;349,985;BR-364/MT;Norte;Tombamento;1;0;1;;1;;2
18/06/2018;07:15:00;72;sem vítima;348;BR-364/MT;Norte;Colisão Traseira;2;2;;;;;1
18/06/2018;08:56:00;115;sem vítima;331,462;BR-364/MT;Norte;Tombamento;1;1;;;;;1
18/06/2018;11:03:00;130;sem vítima;357,363;BR-364/MT;Norte;Choque - Arvore;1;1;;;;;1
18/06/2018;18:02:00;264;sem vítima;399,87;BR-364/MT;Norte;Colisão Traseira;1;2;;;;;1
18/06/2018;18:36:00;274;sem vítima;515,783;BR-364/MT;Norte;Tombamento;1;1;;;;;1
18/06/2018;19:35:00;289;sem vítima;348,021;BR-364/MT;Norte;Colisão Traseira;1;2;;;;;1
18/06/2018;20:51:00;303;sem vítima;587,626;BR-364/MT;Sul;Saida de Pista;1;1;;;;;1
19/06/2018;08:04:00;84;com vítima;513,52;BR-070/MT;Norte;Colisão Traseira;2;3;1;;;;1
19/06/2018;08:31:00;97;com vítima;346,919;BR-364/MT;Norte;Tombamento;1;0;1;;;;1
19/06/2018;15:02:00;247;sem vítima;750,469;BR-163/MT;Sul;Colisão Lateral;1;3;;;;;1
19/06/2018;20:01:00;332;sem vítima;521,438;BR-070/MT;Sul;Colisão Traseira;2;2;;;;;1
20/06/2018;11:16:00;172;sem vítima;691,397;BR-163/MT;Norte;Saida de Pista;1;1;;;;;1
20/06/2018;11:38:00;180;sem vítima;202,686;BR-364/MT;Sul;Engavetamento;1;4;;;;;1
20/06/2018;11:48:00;184;sem vítima;568,4;BR-364/MT;Norte;Colisão Transversal;1;2;;;;;1
20/06/2018;15:00:00;229;sem vítima;119,819;BR-163/MT;Norte;Colisão Traseira;1;2;;;;;1
21/06/2018;06:25:00;37;sem vítima;572,475;BR-163/MT;Norte;Colisão Lateral;1;5;;;;;1