data;horario;n_da_ocorrencia;tipo_de_ocorrencia;km;trecho;sentido;tipo_de_acidente;caminhao;ilesos;levemente_feridos;moderadamente_feridos;gravemente_feridos;mortos;3
16/11/2018;12:18:00;189;com vítima;579;BR-364/MT;Norte;Colisão Frontal;1;0;1;;;;1
16/11/2018;12:40:00;191;sem vítima;608,72;BR-163/MT;Norte;Colisão Lateral;1;3;;;;;1
17/11/2018;08:19:00;58;sem vítima;829,238;BR-163/MT;Sul;Colisão Transversal;1;2;;;;;1
17/11/2018;09:10:00;76;sem vítima;752,526;BR-163/MT;Sul;Colisão Lateral;2;3;;;;;1
18/11/2018;15:39:00;184;com vítima;628,056;BR-163/MT;Norte;Colisão Transversal;1;1;1;;;;1
19/11/2018;15:21:00;211;com vítima;244,026;BR-364/MT;Norte;Tombamento;1;1;1;;;;1
19/11/2018;15:57:00;226;com vítima;438;BR-364/MT;Norte;Colisão Traseira;1;1;1;;;;1
19/11/2018;19:31:00;281;sem vítima;490,895;BR-364/MT;Sul;Colisão Transversal;2;4;;;;;1
19/11/2018;22:58:00;322;sem vítima;383,53;BR-364/MT;Sul;Saida de Pista;1;1;;;;;1
20/11/2018;15:16:00;223;sem vítima;257,976;BR-364/MT;Sul;Colisão Lateral;1;2;;;;;1
20/11/2018;16:23:00;243;sem vítima;344,581;BR-364/MT;Sul;Colisão Traseira;1;2;;;;;1
21/11/2018;14:26:00;220;sem vítima;587,652;BR-163/MT;Norte;Saida de Pista;1;5;;;;;1
21/11/2018;15:34:00;243;sem vítima;511,653;BR-070/MT;Norte;Engavetamento;3;4;;;;;1
21/11/2018;17:01:00;271;com vítima;821,852;BR-163/MT;Norte;Colisão Lateral;1;2;;;1;;2
22/11/2018;15:20:00;281;sem vítima;530,867;BR-364/MT;Sul;Colisão Traseira;2;4;;;;;1
22/11/2018;16:56:00;314;sem vítima;202,812;BR-364/MT;Sul;Engavetamento;1;3;;;;;1
22/11/2018;17:15:00;322;sem vítima;755,759;BR-163/MT;Sul;Saida de Pista;1;5;;;;;1
22/11/2018;18:10:00;337;sem vítima;755,5;BR-163/MT;Norte;Colisão Traseira;1;4;;;;;1
23/11/2018;12:15:00;194;sem vítima;487,641;BR-364/MT;Sul;Colisão Traseira;2;2;;;;;1
23/11/2018;18:31:00;304;sem vítima;757,054;BR-163/MT;Norte;Saida de Pista;1;1;;;;;1
24/11/2018;07:19:00;66;com vítima;474,178;BR-364/MT;Sul;Colisão Frontal;1;2;;1;;;2
24/11/2018;09:00:00;107;sem vítima;766,693;BR-163/MT;Norte;Choque - Veiculo parado na pista;1;4;;;;;1
24/11/2018;11:01:00;153;sem vítima;537,905;BR-163/MT;Sul;Saida de Pista;1;2;;;;;1
24/11/2018;13:17:00;180;sem vítima;854,18;BR-163/MT;Sul;Choque - Defensa, barreira ou "submarino";1;1;;;;;1
24/11/2018;15:06:00;206;com vítima;371,491;BR-364/MT;Norte;Engavetamento;2;14;1;;;;1
24/11/2018;20:51:00;293;sem vítima;118,185;BR-163/MT;Sul;Colisão Frontal;1;6;;;;;1
24/11/2018;22:01:00;306;sem vítima;455,952;BR-364/MT;Norte;Tombamento;1;2;;;;;1
24/11/2018;22:43:00;319;sem vítima;272,782;BR-364/MT;Norte;Tombamento;1;1;;;;;1
25/11/2018;04:03:00;24;sem vítima;504,838;BR-070/MT;Norte;Atropelamento de Animal;1;2;;;;;1
25/11/2018;06:25:00;41;sem vítima;487,981;BR-364/MT;Sul;Colisão Traseira;2;2;;;;;1
25/11/2018;08:08:00;66;sem vítima;95,827;BR-163/MT;Norte;Tombamento;1;1;;;;;1
25/11/2018;09:26:00;94;sem vítima;347,977;BR-364/MT;Norte;Colisão Traseira;2;2;;;;;1
25/11/2018;16:10:00;179;com vítima;508,707;BR-070/MT;Norte;Colisão Frontal;2;3;;;;1;3
25/11/2018;17:16:00;200;sem vítima;552,987;BR-364/MT;Norte;Tombamento;1;1;;;;;1
26/11/2018;14:14:00;207;sem vítima;347,787;BR-364/MT;Norte;Colisão Traseira;2;3;;;;;1
27/11/2018;16:17:00;259;sem vítima;457,46;BR-364/MT;Sul;Colisão Traseira;2;3;;;;;1
27/11/2018;17:00:00;274;sem vítima;718,887;BR-163/MT;Sul;Colisão Lateral;1;3;;;;;1
27/11/2018;17:23:00;284;sem vítima;603,534;BR-163/MT;Norte;Colisão Traseira;1;3;;;;;1
27/11/2018;18:35:00;309;sem vítima;483,21;BR-364/MT;Sul;Colisão Lateral;1;3;;;;;1
28/11/2018;00:00:00;1;com vítima;551,087;BR-364/MT;Norte;Saida de Pista;1;0;;;;1;3
28/11/2018;07:52:00;85;sem vítima;473,141;BR-364/MT;Norte;Engavetamento;2;5;;;;;1
28/11/2018;08:59:00;123;sem vítima;511,801;BR-364/MT;Norte;Saida de Pista;1;3;;;;;1
28/11/2018;09:34:00;138;sem vítima;333,905;BR-364/MT;Sul;Tombamento;1;1;;;;;1
28/11/2018;12:06:00;188;sem vítima;390,509;BR-364/MT;Norte;Colisão Traseira;1;2;;;;;1
28/11/2018;12:23:00;189;sem vítima;201,099;BR-364/MT;Sul;Colisão Traseira;2;3;;;;;1
28/11/2018;13:15:00;190;com vítima;458,706;BR-364/MT;Norte;Colisão Frontal;1;1;;;;1;3
28/11/2018;12:33:00;194;sem vítima;534,326;BR-364/MT;Norte;Saida de Pista;1;1;;;;;1
28/11/2018;15:30:00;264;sem vítima;579,177;BR-364/MT;Sul;Colisão Traseira;2;2;;;;;1
28/11/2018;17:16:00;295;sem vítima;209,443;BR-364/MT;Sul;Saida de Pista;1;1;;;;;1
28/11/2018;17:23:00;301;sem vítima;579,1;BR-364/MT;Sul;Colisão Traseira;2;2;;;;;1
29/11/2018;08:25:00;88;sem vítima;714,033;BR-163/MT;Sul;Colisão Traseira;2;2;;;;;1
29/11/2018;13:37:00;216;sem vítima;254,845;BR-364/MT;Sul;Tombamento;1;1;;;;;1
30/11/2018;05:36:00;39;sem vítima;202,683;BR-364/MT;Norte;Tombamento;1;1;;;;;1
30/11/2018;06:33:00;49;sem vítima;739,388;BR-163/MT;Norte;Saida de Pista;1;1;;;;;1
30/11/2018;06:44:00;55;sem vítima;598,822;BR-163/MT;Sul;Tombamento;1;1;;;;;1
30/11/2018;08:29:00;89;sem vítima;750,257;BR-163/MT;Norte;Colisão Transversal;2;2;;;;;1
30/11/2018;12:03:00;164;sem vítima;854,138;BR-163/MT;Norte;Tombamento;1;2;;;;;1
30/11/2018;12:21:00;170;com vítima;526,347;BR-364/MT;Sul;Colisão Traseira;2;1;1;;;;1
30/11/2018;17:47:00;290;sem vítima;688,5;BR-163/MT;Norte;Colisão Lateral;1;3;;;;;1
30/11/2018;18:20:00;301;sem vítima;214,869;BR-364/MT;Sul;Colisão Traseira;1;3;;;;;1
30/11/2018;19:08:00;316;sem vítima;319,67;BR-364/MT;Sul;Tombamento;1;1;;;;;1
01/12/2018;06:22:00;49;sem vítima;439,923;BR-364/MT;Norte;Tombamento;1;1;;;;;1
01/12/2018;12:30:00;171;sem vítima;435,792;BR-364/MT;Norte;Colisão Lateral;1;3;;;;;1
01/12/2018;15:24:00;234;com vítima;460,78;BR-364/MT;Norte;Tombamento;1;0;1;;;;1
02/12/2018;00:17:00;2;sem vítima;252,2;BR-364/MT;Sul;Tombamento;1;1;;;;;1
02/12/2018;13:55:00;196;sem vítima;457,78;BR-364/MT;Sul;Saida de Pista;1;2;;;;;1
02/12/2018;14:39:00;212;com vítima;540,602;BR-163/MT;Norte;Colisão Frontal;1;1;;;;2;3
02/12/2018;15:24:00;224;sem vítima;275,615;BR-364/MT;Sul;Colisão Traseira;2;2;;;;;1
02/12/2018;15:47:00;234;com vítima;464,327;BR-364/MT;Sul;Colisão Frontal;2;0;;;;3;3
03/12/2018;17:18:00;331;sem vítima;47,105;BR-163/MT;Norte;Colisão Traseira;1;2;;;;;1
03/12/2018;17:41:00;339;sem vítima;579,236;BR-364/MT;Norte;Colisão Traseira;1;3;;;;;1
03/12/2018;21:25:00;414;com vítima;822,025;BR-163/MT;Norte;Colisão Transversal;1;1;;;1;;2
03/12/2018;23:40:00;434;sem vítima;110,516;BR-163/MT;Sul;Colisão Traseira;2;2;;;;;1
04/12/2018;07:05:00;74;sem vítima;208,275;BR-364/MT;Sul;Colisão Lateral;2;2;;;;;1
04/12/2018;09:51:00;148;sem vítima;829,13;BR-163/MT;Sul;Colisão Transversal;1;3;;;;;1
04/12/2018;16:21:00;294;sem vítima;502,491;BR-070/MT;Sul;Colisão Traseira;2;2;;;;;1
05/12/2018;01:21:00;19;sem vítima;393,276;BR-364/MT;Norte;Choque - Suporte de Sinalização;1;1;;;;;1
05/12/2018;07:11:00;52;sem vítima;587,577;BR-163/MT;Sul;Tombamento;1;2;;;;;1
05/12/2018;08:40:00;103;sem vítima;494,826;BR-364/MT;Sul;Colisão Traseira;2;2;;;;;1
05/12/2018;12:50:00;232;sem vítima;833,16;BR-163/MT;Sul;Colisão Traseira;1;2;;;;;1
05/12/2018;13:47:00;255;sem vítima;831,601;BR-163/MT;Norte;Colisão Lateral;1;4;;;;;1
06/12/2018;06:44:00;56;sem vítima;546,122;BR-163/MT;Sul;Tombamento;1;1;;;;;1
06/12/2018;06:53:00;63;sem vítima;524,79;BR-364/MT;Sul;Capotamento;1;1;;;;;1
06/12/2018;08:44:00;117;sem vítima;521;BR-070/MT;Norte;Colisão Lateral;1;2;;;;;1
06/12/2018;12:24:00;204;sem vítima;766,779;BR-163/MT;Sul;Colisão Traseira;1;4;;;;;1
06/12/2018;15:18:00;286;sem vítima;261,613;BR-364/MT;Norte;Tombamento;1;1;;;;;1
06/12/2018;16:15:00;299;sem vítima;851,322;BR-163/MT;Sul;Choque - Defensa, barreira ou "submarino";1;2;;;;;1
06/12/2018;21:14:00;399;sem vítima;347,827;BR-364/MT;Sul;Colisão Traseira;2;2;;;;;1
07/12/2018;08:07:00;109;com vítima;690,157;BR-163/MT;Sul;Colisão Traseira;2;1;;;2;;2
07/12/2018;12:39:00;207;com vítima;821,428;BR-163/MT;Sul;Colisão Transversal;1;1;2;;;;1
07/12/2018;15:15:00;262;sem vítima;496,353;BR-364/MT;Sul;Colisão Lateral;1;6;;;;;1
07/12/2018;16:16:00;288;sem vítima;489,328;BR-364/MT;Norte;Tombamento;1;1;;;;;1
07/12/2018;18:20:00;333;sem vítima;804,88;BR-163/MT;Sul;Saida de Pista;1;1;;;;;1
07/12/2018;20:13:00;374;sem vítima;510,698;BR-364/MT;Norte;Engavetamento;2;3;;;;;1
08/12/2018;06:28:00;64;com vítima;253,558;BR-364/MT;Sul;Colisão Lateral;2;2;1;;;;1
08/12/2018;07:21:00;81;sem vítima;449,95;BR-364/MT;Sul;Saida de Pista;1;1;;;;;1
08/12/2018;07:40:00;87;sem vítima;288,671;BR-364/MT;Norte;Saida de Pista;1;1;;;;;1
08/12/2018;12:23:00;183;com vítima;95,069;BR-163/MT;Norte;Colisão Traseira;2;1;1;;;;1
08/12/2018;12:34:00;187;com vítima;828,15;BR-163/MT;Norte;Choque - Veiculo parado na pista;1;0;2;;;;1
08/12/2018;13:51:00;200;com vítima;558,555;BR-163/MT;Sul;Tombamento;1;0;3;;;;1
08/12/2018;14:48:00;218;sem vítima;652,843;BR-163/MT;Norte;Colisão Transversal;2;6;;;;;1
08/12/2018;15:40:00;231;com vítima;834,453;BR-163/MT;Sul;Colisão Lateral;1;3;1;;;;1
08/12/2018;17:36:00;268;sem vítima;571,653;BR-163/MT;Norte;Saida de Pista;1;1;;;;;1
09/12/2018;02:31:00;32;com vítima;523,952;BR-070/MT;Norte;Colisão Lateral;1;1;2;;;;1
10/12/2018;10:48:00;155;com vítima;840,905;BR-163/MT;Norte;Colisão Traseira;1;4;1;1;;;2
10/12/2018;23:05:00;366;com vítima;832,721;BR-163/MT;Sul;Choque - Veiculo parado no acostamento;1;0;4;;;;1
11/12/2018;06:40:00;47;sem vítima;736,633;BR-163/MT;Sul;Choque - Defensa, barreira ou "submarino";1;1;;;;;1
11/12/2018;08:36:00;92;sem vítima;577,407;BR-163/MT;Sul;Colisão Transversal;1;2;;;;;1
11/12/2018;08:39:00;93;sem vítima;827,166;BR-163/MT;Norte;Colisão Lateral;2;3;;;;;1
11/12/2018;08:39:00;94;sem vítima;831,572;BR-163/MT;Sul;Engavetamento;1;7;;;;;1
12/12/2018;07:20:00;76;com vítima;675,234;BR-163/MT;Norte;Saida de Pista;1;1;1;;;;1
13/12/2018;10:39:00;178;com vítima;201,392;BR-364/MT;Sul;Colisão Traseira;1;1;;;;1;3
13/12/2018;11:46:00;199;sem vítima;270,924;BR-364/MT;Sul;Colisão Traseira;2;2;;;;;1
14/12/2018;11:14:00;187;com vítima;259,954;BR-364/MT;Sul;Engavetamento;1;5;2;;;;1
14/12/2018;12:25:00;214;sem vítima;521;BR-070/MT;Norte;Colisão Transversal;1;2;;;;;1
14/12/2018;14:49:00;255;sem vítima;316,55;BR-364/MT;Norte;Engavetamento;2;4;;;;;1
14/12/2018;17:39:00;314;com vítima;525,074;BR-364/MT;Sul;Colisão Frontal;2;0;;;;2;3
14/12/2018;18:13:00;330;sem vítima;502,629;BR-070/MT;Norte;Colisão Traseira;2;2;;;;;1
14/12/2018;21:24:00;376;com vítima;559,17;BR-163/MT;Sul;Tombamento;1;0;1;;;1;3
15/12/2018;00:45:00;3;com vítima;618,905;BR-163/MT;Sul;Tombamento;1;0;1;;;;1
15/12/2018;07:09:00;62;com vítima;740,212;BR-163/MT;Norte;Colisão Lateral;1;2;1;;;;1
15/12/2018;12:54:00;191;sem vítima;502,7;BR-364/MT;Sul;Colisão Lateral;1;3;;;;;1
16/12/2018;12:49:00;154;com vítima;832,842;BR-163/MT;Norte;Saida de Pista;1;0;;;1;;2
16/12/2018;13:46:00;167;sem vítima;575,461;BR-364/MT;Sul;Choque - Suporte de Sinalização;1;1;;;;;1
17/12/2018;09:25:00;141;sem vítima;662,234;BR-163/MT;Norte;Colisão Traseira;1;5;;;;;1
17/12/2018;13:56:00;243;com vítima;259,736;BR-364/MT;Sul;Colisão Traseira;2;4;2;;;;1
17/12/2018;16:30:00;290;sem vítima;117,779;BR-163/MT;Norte;Colisão Lateral;2;2;;;;;1
17/12/2018;17:17:00;307;com vítima;511,079;BR-364/MT;Sul;Tombamento;1;0;;1;;;2
17/12/2018;20:49:00;378;sem vítima;436,985;BR-364/MT;Sul;Colisão Traseira;2;4;;;;;1
17/12/2018;23:20:00;408;sem vítima;440,634;BR-364/MT;Sul;Saida de Pista;1;1;;;;;1
18/12/2018;02:22:00;22;sem vítima;346,221;BR-364/MT;Norte;Saida de Pista;1;1;;;;;1
18/12/2018;09:14:00;111;sem vítima;646,917;BR-163/MT;Norte;Saida de Pista;1;2;;;;;1
18/12/2018;11:36:00;164;sem vítima;523,647;BR-070/MT;Norte;Colisão Traseira;2;2;;;;;1
18/12/2018;12:29:00;175;sem vítima;530,758;BR-163/MT;Sul;Colisão Lateral;1;5;;;;;1
18/12/2018;12:29:00;176;sem vítima;391,531;BR-364/MT;Norte;Colisão Traseira;1;4;;;;;1
19/12/2018;09:20:00;162;sem vítima;389,688;BR-364/MT;Sul;Colisão Traseira;3;5;;;;;1
19/12/2018;09:50:00;178;sem vítima;693,428;BR-163/MT;Sul;Tombamento;1;1;;;;;1
19/12/2018;11:34:00;219;sem vítima;710,622;BR-163/MT;Norte;Saida de Pista;1;1;;;;;1
19/12/2018;19:25:00;389;sem vítima;541,938;BR-163/MT;Sul;Colisão Lateral;1;2;;;;;1
20/12/2018;00:36:00;18;com vítima;105,924;BR-163/MT;Sul;Tombamento;1;0;;;;1;3
20/12/2018;03:45:00;56;sem vítima;387,557;BR-364/MT;Norte;Saida de Pista;1;1;;;;;1
20/12/2018;07:35:00;102;sem vítima;579,1;BR-364/MT;Sul;Colisão Traseira;1;2;;;;;1
20/12/2018;10:26:00;165;com vítima;267,033;BR-364/MT;Sul;Colisão Traseira;1;1;1;;;;1
20/12/2018;20:04:00;378;sem vítima;502,164;BR-364/MT;Norte;Saida de Pista;1;2;;;;;1
21/12/2018;09:05:00;138;sem vítima;586,977;BR-163/MT;Sul;Choque - Veiculo parado na pista;1;2;;;;;1
21/12/2018;11:29:00;204;sem vítima;272,042;BR-364/MT;Norte;Colisão Lateral;1;2;;;;;1
21/12/2018;15:25:00;286;sem vítima;644,014;BR-163/MT;Sul;Tombamento;1;1;;;;;1
21/12/2018;17:09:00;317;sem vítima;832,97;BR-163/MT;Sul;Colisão Lateral;1;3;;;;;1
21/12/2018;17:41:00;326;com vítima;492,758;BR-364/MT;Sul;Choque - Arvore;1;1;;1;;;2
21/12/2018;18:23:00;331;com vítima;396,24;BR-364/MT;Norte;Colisão Lateral;1;1;1;;;;1
21/12/2018;20:29:00;372;sem vítima;402,169;BR-364/MT;Norte;Colisão Lateral;1;3;;;;;1
22/12/2018;11:31:00;181;sem vítima;583,839;BR-163/MT;Norte;Saida de Pista;1;8;;;;;1
22/12/2018;11:47:00;190;sem vítima;309,392;BR-364/MT;Sul;Tombamento;1;2;;;;;1
22/12/2018;16:03:00;259;com vítima;464,604;BR-364/MT;Sul;Saida de Pista;1;0;2;;;;1
23/12/2018;01:26:00;8;sem vítima;828,276;BR-163/MT;Norte;Choque - Veiculo parado no acostamento;1;2;;;;;1
23/12/2018;06:10:00;47;sem vítima;493,953;BR-364/MT;Sul;Colisão Lateral;1;2;;;;;1
23/12/2018;12:36:00;185;com vítima;814,371;BR-163/MT;Norte;Colisão Traseira;1;3;1;;;;1
23/12/2018;13:03:00;190;sem vítima;513;BR-070/MT;Sul;Tombamento;1;1;;;;;1
23/12/2018;13:55:00;203;sem vítima;839,898;BR-163/MT;Sul;Colisão Traseira;1;5;;;;;1
23/12/2018;20:48:00;343;com vítima;759,643;BR-163/MT;Norte;Colisão Frontal;1;4;;;1;;2
26/12/2018;07:10:00;39;sem vítima;574,887;BR-364/MT;Sul;Colisão Traseira;1;2;;;;;1
26/12/2018;17:47:00;220;com vítima;741,154;BR-163/MT;Sul;Tombamento;1;0;1;1;;;2
26/12/2018;19:02:00;237;sem vítima;348,619;BR-364/MT;Norte;Colisão Traseira;2;2;;;;;1
27/12/2018;08:01:00;68;sem vítima;617,283;BR-163/MT;Sul;Colisão Traseira;1;3;;;;;1
27/12/2018;08:59:00;95;com vítima;537,054;BR-364/MT;Norte;Colisão Lateral;2;4;;;;1;3
27/12/2018;11:29:00;157;com vítima;258,866;BR-364/MT;Norte;Atropelamento - Usuário;1;1;;;1;;2
27/12/2018;15:31:00;231;sem vítima;236,883;BR-364/MT;Sul;Saida de Pista;1;1;;;;;1
27/12/2018;18:37:00;269;sem vítima;563,06;BR-163/MT;Sul;Colisão Lateral;1;2;;;;;1
28/12/2018;00:29:00;3;com vítima;106,491;BR-163/MT;Sul;Tombamento;1;0;1;;;;1
28/12/2018;06:48:00;42;sem vítima;468,72;BR-364/MT;Norte;Colisão Transversal;1;3;;;;;1
28/12/2018;10:14:00;107;sem vítima;526,58;BR-163/MT;Norte;Saida de Pista;1;2;;;;;1
28/12/2018;13:18:00;165;sem vítima;550,816;BR-163/MT;Sul;Tombamento;1;2;;;;;1
29/12/2018;07:42:00;62;sem vítima;375,764;BR-364/MT;Sul;Colisão Traseira;1;5;;;;;1
29/12/2018;16:59:00;191;sem vítima;646,15;BR-163/MT;Norte;Colisão Traseira;2;2;;;;;1
29/12/2018;20:16:00;246;sem vítima;205,003;BR-364/MT;Sul;Tombamento;1;1;;;;;1
31/12/2018;12:58:00;126;com vítima;619,398;BR-163/MT;Sul;Tombamento;1;0;2;;;;1
31/12/2018;17:57:00;193;com vítima;349,718;BR-364/MT;Norte;Choque - Talude;1;0;1;;;;1
02/01/2019;17:28:00;273;sem vítima;636,232;BR-163/MT;Norte;Saida de Pista;1;1;;;;;1
03/01/2019;12:04:00;152;sem vítima;348,574;BR-364/MT;Norte;Capotamento;1;1;;;;;1
04/01/2019;11:19:00;159;sem vítima;113,955;BR-163/MT;Norte;Saida de Pista;1;1;;;;;1
04/01/2019;14:47:00;209;sem vítima;641,563;BR-163/MT;Sul;Colisão Traseira;2;2;;;;;1
04/01/2019;15:28:00;220;sem vítima;338,074;BR-364/MT;Sul;Colisão Traseira;1;3;;;;;1
04/01/2019;16:50:00;241;sem vítima;686,013;BR-163/MT;Norte;Colisão Transversal;1;2;;;;;1
04/01/2019;21:34:00;294;com vítima;266,057;BR-364/MT;Sul;Saida de Pista;1;1;1;;;;1
05/01/2019;07:46:00;60;sem vítima;119,592;BR-163/MT;Norte;Colisão Lateral;1;2;;;;;1
05/01/2019;13:33:00;150;sem vítima;458,344;BR-364/MT;Norte;Colisão Traseira;2;2;;;;;1
06/01/2019;08:36:00;70;sem vítima;261,377;BR-364/MT;Norte;Tombamento;1;1;;;;;1
06/01/2019;10:07:00;97;sem vítima;348,49;BR-364/MT;Norte;Choque - Talude;1;1;;;;;1
06/01/2019;15:46:00;183;sem vítima;349,138;BR-364/MT;Norte;Saida de Pista;1;1;;;;;1
06/01/2019;16:37:00;196;sem vítima;664,434;BR-163/MT;Norte;Colisão Traseira;1;6;;;;;1
07/01/2019;07:12:00;62;sem vítima;607,87;BR-163/MT;Sul;Saida de Pista;1;1;;;;;1
07/01/2019;11:07:00;152;sem vítima;671,838;BR-163/MT;Sul;Colisão Frontal;1;2;;;;;1
07/01/2019;16:59:00;250;sem vítima;270,303;BR-364/MT;Sul;Saida de Pista;1;2;;;;;1
07/01/2019;21:13:00;317;sem vítima;613,429;BR-163/MT;Sul;Tombamento;1;1;;;;;1
08/01/2019;07:40:00;69;sem vítima;370,08;BR-364/MT;Norte;Colisão Traseira;2;2;;;;;1
08/01/2019;12:53:00;209;com vítima;331,633;BR-364/MT;Norte;Colisão Lateral;1;2;4;;;;1
09/01/2019;09:42:00;127;sem vítima;838,132;BR-163/MT;Sul;Colisão Lateral;1;7;;;;;1
09/01/2019;14:50:00;214;sem vítima;834,952;BR-163/MT;Sul;Colisão Lateral;1;2;;;;;1
09/01/2019;22:30:00;322;sem vítima;209,658;BR-364/MT;Norte;Saida de Pista;1;1;;;;;1
10/01/2019;07:47:00;65;sem vítima;275,403;BR-364/MT;Sul;Engavetamento;1;3;;;;;1
10/01/2019;07:59:00;70;sem vítima;521;BR-070/MT;Sul;Colisão Traseira;1;6;;;;;1
10/01/2019;11:28:00;163;sem vítima;635,701;BR-163/MT;Sul;Colisão Lateral;1;4;;;;;1
10/01/2019;21:08:00;342;sem vítima;494,371;BR-364/MT;Norte;Colisão Traseira;1;2;;;;;1
11/01/2019;09:31:00;103;sem vítima;554,017;BR-163/MT;Sul;Colisão Traseira;2;2;;;;;1
11/01/2019;10:54:00;137;sem vítima;570,638;BR-163/MT;Sul;Colisão Traseira;2;3;;;;;1
11/01/2019;16:43:00;245;sem vítima;746,444;BR-163/MT;Sul;Colisão Lateral;2;2;;;;;1
11/01/2019;17:00:00;248;sem vítima;540,586;BR-163/MT;Norte;Colisão Lateral;4;4;;;;;1
11/01/2019;17:10:00;250;sem vítima;347,5;BR-364/MT;Norte;Tombamento;1;1;;;;;1
11/01/2019;17:41:00;257;com vítima;523,127;BR-070/MT;Norte;Colisão Transversal;1;1;1;;;;1
11/01/2019;21:32:00;305;sem vítima;214;BR-364/MT;Norte;Colisão Lateral;2;5;;;;;1
12/01/2019;02:43:00;30;sem vítima;553,95;BR-364/MT;Norte;Choque - Defensa, barreira ou "submarino";1;1;;;;;1
12/01/2019;19:17:00;270;sem vítima;688,643;BR-163/MT;Norte;Colisão Traseira;1;3;;;;;1
12/01/2019;19:52:00;282;sem vítima;268,654;BR-364/MT;Sul;Engavetamento;2;4;;;;;1
13/01/2019;06:04:00;39;com vítima;262,182;BR-364/MT;Norte;Colisão Frontal;1;1;1;;;;1
13/01/2019;11:26:00;114;sem vítima;442,956;BR-364/MT;Norte;Colisão Lateral;2;2;;;;;1
13/01/2019;16:17:00;172;sem vítima;569,899;BR-364/MT;Sul;Colisão Traseira;1;4;;;;;1
13/01/2019;16:52:00;184;sem vítima;491,291;BR-364/MT;Norte;Colisão Traseira;2;6;;;;;1
13/01/2019;18:07:00;201;sem vítima;277,826;BR-364/MT;Sul;Colisão Traseira;2;2;;;;;1
13/01/2019;22:58:00;272;sem vítima;109,748;BR-163/MT;Norte;Colisão Traseira;2;2;;;;;1
14/01/2019;08:09:00;85;sem vítima;39,762;BR-163/MT;Sul;Tombamento;1;1;;;;;1
14/01/2019;15:18:00;244;sem vítima;676,923;BR-163/MT;Norte;Saida de Pista;1;1;;;;;1
14/01/2019;17:11:00;275;com vítima;276,319;BR-364/MT;Sul;Tombamento;1;1;1;;;;1
15/01/2019;06:16:00;50;com vítima;743,847;BR-163/MT;Norte;Colisão Traseira;1;44;1;;;;1
15/01/2019;09:45:00;140;sem vítima;203,819;BR-364/MT;Norte;Colisão Lateral;1;2;;;;;1
15/01/2019;10:33:00;163;sem vítima;542,51;BR-163/MT;Norte;Colisão Traseira;2;2;;;;;1
15/01/2019;12:47:00;212;sem vítima;556,378;BR-163/MT;Sul;Tombamento;1;1;;;;;1
15/01/2019;16:05:00;285;sem vítima;586,383;BR-364/MT;Sul;Saida de Pista;1;1;;;;;1
16/01/2019;12:15:00;175;sem vítima;513,26;BR-163/MT;Norte;Tombamento;1;1;;;;;1
16/01/2019;14:29:00;210;sem vítima;214,375;BR-364/MT;Norte;Colisão Transversal;1;3;;;;;1
16/01/2019;16:18:00;255;sem vítima;572,342;BR-163/MT;Norte;Choque - Veiculo parado na pista;1;2;;;;;1
16/01/2019;22:16:00;359;sem vítima;238,371;BR-364/MT;Sul;Tombamento;1;1;;;;;1
16/01/2019;22:40:00;369;com vítima;349,665;BR-364/MT;Norte;Tombamento;1;0;;;;2;3
17/01/2019;02:11:00;35;sem vítima;333,236;BR-364/MT;Sul;Tombamento;1;1;;;;;1
17/01/2019;05:06:00;53;sem vítima;238,643;BR-364/MT;Norte;Colisão Traseira;1;2;;;;;1
17/01/2019;07:30:00;76;sem vítima;518,243;BR-364/MT;Sul;Tombamento;1;1;;;;;1
17/01/2019;11:29:00;187;com vítima;854,16;BR-163/MT;Norte;Colisão Transversal;1;1;1;;;;1
17/01/2019;16:05:00;281;sem vítima;205,93;BR-364/MT;Sul;Colisão Lateral;2;2;;;;;1
17/01/2019;18:29:00;303;sem vítima;479,202;BR-364/MT;Sul;Colisão Traseira;2;2;;;;;1
17/01/2019;21:56:00;367;sem vítima;501,941;BR-364/MT;Sul;Choque - Poste;1;1;;;;;1
18/01/2019;05:45:00;58;sem vítima;440,375;BR-364/MT;Norte;Choque - Defensa, barreira ou "submarino";1;1;;;;;1
18/01/2019;10:41:00;180;sem vítima;671,14;BR-163/MT;Norte;Colisão Traseira;3;4;;;;;1
18/01/2019;17:54:00;315;sem vítima;234,03;BR-364/MT;Norte;Colisão Traseira;2;3;;;;;1
18/01/2019;21:51:00;382;sem vítima;574,912;BR-364/MT;Norte;Colisão Traseira;2;2;;;;;1