data;horario;n_da_ocorrencia;tipo_de_ocorrencia;km;trecho;sentido;tipo_de_acidente;caminhao;ilesos;levemente_feridos;moderadamente_feridos;gravemente_feridos;mortos;3
19/01/2019;05:55:00;40;sem vítima;501,733;BR-070/MT;Sul;Colisão Traseira;2;2;;;;;1
19/01/2019;08:02:00;73;com vítima;237,214;BR-364/MT;Sul;Tombamento;1;0;1;;;;1
19/01/2019;14:03:00;179;sem vítima;827,1;BR-163/MT;Sul;Choque - Poste;1;6;;;;;1
19/01/2019;17:05:00;244;sem vítima;109,321;BR-163/MT;Sul;Colisão Lateral;1;3;;;;;1
19/01/2019;23:44:00;320;sem vítima;499,022;BR-364/MT;Sul;Colisão Lateral;1;3;;;;;1
20/01/2019;07:52:00;61;com vítima;548,101;BR-163/MT;Norte;Colisão Lateral;2;2;1;;;;1
20/01/2019;14:29:00;158;sem vítima;665,198;BR-163/MT;Sul;Saida de Pista;1;2;;;;;1
20/01/2019;15:43:00;181;sem vítima;521,588;BR-070/MT;Sul;Colisão Lateral;1;3;;;;;1
20/01/2019;17:55:00;230;com vítima;837,145;BR-163/MT;Sul;Colisão Transversal;1;2;1;;;;1
20/01/2019;19:04:00;248;com vítima;529,791;BR-163/MT;Sul;Saida de Pista;1;0;1;;;;1
21/01/2019;00:40:00;5;sem vítima;360,2;BR-364/MT;Sul;Colisão Lateral;2;2;;;;;1
21/01/2019;09:36:00;129;com vítima;829,103;BR-163/MT;Norte;Atropelamento - Ciclista;2;2;;;;1;3
21/01/2019;09:52:00;138;com vítima;695,137;BR-163/MT;Norte;Colisão Traseira;2;1;;;1;1;3
21/01/2019;10:29:00;152;sem vítima;494,706;BR-364/MT;Sul;Colisão Traseira;2;2;;;;;1
21/01/2019;13:55:00;202;sem vítima;766,612;BR-163/MT;Sul;Colisão Traseira;1;2;;;;;1
21/01/2019;17:36:00;277;sem vítima;784,424;BR-163/MT;Norte;Colisão Lateral;2;2;;;;;1
22/01/2019;09:32:00;105;sem vítima;586,899;BR-163/MT;Sul;Colisão Lateral;1;5;;;;;1
22/01/2019;16:48:00;300;sem vítima;606,832;BR-163/MT;Sul;Choque - Veiculo parado no acostamento;2;3;;;;;1
22/01/2019;18:09:00;329;com vítima;747,223;BR-163/MT;Sul;Colisão Frontal;1;2;1;;;;1
22/01/2019;20:56:00;369;com vítima;94,025;BR-163/MT;Sul;Colisão Traseira;1;4;1;;;;1
23/01/2019;07:58:00;62;sem vítima;401,264;BR-364/MT;Norte;Colisão Lateral;1;2;;;;;1
23/01/2019;13:23:00;206;com vítima;748,828;BR-163/MT;Sul;Colisão Traseira;1;2;;;1;;2
23/01/2019;14:40:00;231;com vítima;490,809;BR-364/MT;Sul;Colisão Frontal;1;1;;;;1;3
23/01/2019;19:01:00;304;sem vítima;360,675;BR-364/MT;Norte;Tombamento;1;2;;;;;1
24/01/2019;09:58:00;124;com vítima;266,572;BR-364/MT;Sul;Colisão Lateral;1;2;;;;1;3
24/01/2019;10:11:00;131;sem vítima;387,314;BR-364/MT;Norte;Colisão Traseira;2;4;;;;;1
24/01/2019;10:30:00;138;sem vítima;269,046;BR-364/MT;Sul;Colisão Lateral;1;3;;;;;1
24/01/2019;15:50:00;239;sem vítima;357,245;BR-364/MT;Norte;Tombamento;1;1;;;;;1
24/01/2019;16:38:00;255;sem vítima;523,589;BR-163/MT;Norte;Colisão Traseira;2;2;;;;;1
25/01/2019;05:56:00;36;sem vítima;633,565;BR-163/MT;Sul;Colisão Traseira;1;2;;;;;1
25/01/2019;07:00:00;47;com vítima;517,978;BR-070/MT;Sul;Atropelamento - Ciclista;1;1;1;;;;1
25/01/2019;10:53:00;135;sem vítima;574,855;BR-364/MT;Sul;Tombamento;1;1;;;;;1
25/01/2019;15:03:00;219;sem vítima;818;BR-163/MT;Sul;Colisão Lateral;1;2;;;;;1
25/01/2019;17:01:00;250;com vítima;278,611;BR-364/MT;Sul;Engavetamento;4;3;;1;;;2
25/01/2019;17:18:00;256;sem vítima;486,525;BR-364/MT;Norte;Tombamento;1;1;;;;;1
25/01/2019;17:36:00;261;com vítima;748,105;BR-163/MT;Norte;Tombamento;1;0;1;;;;1
26/01/2019;03:21:00;33;sem vítima;269,334;BR-364/MT;Norte;Choque - Veiculo parado no acostamento;2;2;;;;;1
26/01/2019;11:26:00;152;sem vítima;347,965;BR-364/MT;Norte;Colisão Traseira;2;2;;;;;1
26/01/2019;12:42:00;168;sem vítima;347,019;BR-364/MT;Norte;Saida de Pista;1;1;;;;;1
26/01/2019;15:49:00;219;sem vítima;636,391;BR-163/MT;Sul;Tombamento;1;1;;;;;1
26/01/2019;18:44:00;261;sem vítima;215,492;BR-364/MT;Sul;Tombamento;1;1;;;;;1
27/01/2019;06:28:00;44;com vítima;560,093;BR-163/MT;Norte;Colisão Frontal;2;0;;;1;1;3
27/01/2019;08:33:00;80;sem vítima;449,705;BR-364/MT;Sul;Colisão Transversal;2;2;;;;;1
27/01/2019;12:47:00;162;sem vítima;598,594;BR-163/MT;Norte;Colisão Transversal;2;2;;;;;1
27/01/2019;15:03:00;187;sem vítima;392;BR-364/MT;Norte;Colisão Lateral;1;3;;;;;1
27/01/2019;15:38:00;202;sem vítima;331,844;BR-364/MT;Sul;Colisão Traseira;2;2;;;;;1
27/01/2019;17:46:00;236;sem vítima;327,419;BR-364/MT;Sul;Colisão Lateral;1;2;;;;;1
28/01/2019;06:27:00;53;sem vítima;765,901;BR-163/MT;Norte;Saida de Pista;1;1;;;;;1
28/01/2019;06:29:00;54;sem vítima;546,9;BR-163/MT;Norte;Colisão Lateral;2;2;;;;;1
28/01/2019;09:56:00;134;sem vítima;207,076;BR-364/MT;Norte;Colisão Traseira;1;3;;;;;1
29/01/2019;01:11:00;18;sem vítima;690,224;BR-163/MT;Sul;Colisão Traseira;2;2;;;;;1
29/01/2019;07:26:00;55;sem vítima;516,702;BR-364/MT;Sul;Tombamento;1;1;;;;;1
29/01/2019;16:04:00;239;sem vítima;523,949;BR-364/MT;Norte;Colisão Traseira;2;2;;;;;1
29/01/2019;17:33:00;263;sem vítima;268,983;BR-364/MT;Sul;Colisão Traseira;2;2;;;;;1
30/01/2019;11:54:00;208;sem vítima;820,46;BR-163/MT;Norte;Choque - Outros;1;4;;;;;1
30/01/2019;17:51:00;352;sem vítima;652,969;BR-163/MT;Norte;Colisão Traseira;2;2;;;;;1
30/01/2019;19:01:00;376;com vítima;654,648;BR-163/MT;Sul;Colisão Traseira;2;1;4;1;;;2
30/01/2019;22:06:00;413;sem vítima;471,1;BR-364/MT;Norte;Tombamento;1;1;;;;;1
01/02/2019;08:40:00;94;com vítima;836,307;BR-163/MT;Sul;Colisão Lateral;1;1;1;;;;1
01/02/2019;15:16:00;241;sem vítima;527,055;BR-163/MT;Norte;Saida de Pista;1;1;;;;;1
01/02/2019;16:16:00;259;com vítima;724,527;BR-163/MT;Sul;Colisão Traseira;2;1;1;;;;1
01/02/2019;19:29:00;322;com vítima;736,866;BR-163/MT;Sul;Colisão Frontal;1;1;;;;1;3
02/02/2019;04:16:00;35;sem vítima;757,049;BR-163/MT;Sul;Saida de Pista;1;1;;;;;1
02/02/2019;04:33:00;39;sem vítima;341,085;BR-364/MT;Sul;Tombamento;1;1;;;;;1
02/02/2019;07:06:00;55;sem vítima;485,172;BR-364/MT;Sul;Colisão Traseira;1;2;;;;;1
02/02/2019;19:39:00;301;sem vítima;827,454;BR-163/MT;Norte;Colisão Transversal;2;2;;;;;1
03/02/2019;00:58:00;6;sem vítima;399,208;BR-364/MT;Norte;Choque - Defensa, barreira ou "submarino";1;3;;;;;1
03/02/2019;16:47:00;234;com vítima;439,549;BR-364/MT;Sul;Colisão Frontal;1;3;1;;;;1
03/02/2019;19:36:00;278;sem vítima;230,518;BR-364/MT;Norte;Saida de Pista;1;1;;;;;1
03/02/2019;23:06:00;338;sem vítima;338,202;BR-364/MT;Sul;Tombamento;1;1;;;;;1
04/02/2019;03:01:00;25;sem vítima;79,412;BR-163/MT;Norte;Tombamento;1;2;;;;;1
04/02/2019;16:52:00;298;sem vítima;512,076;BR-070/MT;Norte;Colisão Traseira;1;5;;;;;1
04/02/2019;19:48:00;359;com vítima;827,471;BR-163/MT;Norte;Colisão Lateral;1;1;;;1;;2
05/02/2019;09:49:00;129;sem vítima;665,6;BR-163/MT;Sul;Colisão Traseira;2;2;;;;;1
05/02/2019;11:23:00;170;sem vítima;516,35;BR-070/MT;Norte;Colisão Transversal;2;3;;;;;1
05/02/2019;11:24:00;171;sem vítima;494,712;BR-364/MT;Norte;Colisão Transversal;2;2;;;;;1
05/02/2019;11:27:00;173;sem vítima;520,282;BR-364/MT;Norte;Colisão Lateral;1;2;;;;;1
05/02/2019;19:56:00;312;sem vítima;579,28;BR-364/MT;Sul;Colisão Traseira;2;2;;;;;1
05/02/2019;20:26:00;322;sem vítima;713,967;BR-163/MT;Norte;Tombamento;1;1;;;;;1
06/02/2019;17:22:00;307;sem vítima;505,928;BR-070/MT;Sul;Saida de Pista;1;1;;;;;1
06/02/2019;19:23:00;332;com vítima;824,428;BR-163/MT;Sul;Colisão Traseira;1;2;1;;;;1
06/02/2019;19:40:00;337;sem vítima;266,946;BR-364/MT;Sul;Colisão Traseira;1;6;;;;;1
06/02/2019;20:46:00;348;sem vítima;260,139;BR-364/MT;Sul;Saida de Pista;1;1;;;;;1
07/02/2019;05:12:00;39;sem vítima;374,255;BR-364/MT;Norte;Tombamento;1;1;;;;;1
07/02/2019;09:28:00;134;sem vítima;349,692;BR-364/MT;Norte;Tombamento;1;1;;;;;1
07/02/2019;12:25:00;216;sem vítima;766,751;BR-163/MT;Sul;Colisão Traseira;1;6;;;;;1
07/02/2019;13:48:00;242;com vítima;827,276;BR-163/MT;Norte;Colisão Traseira;1;4;1;;;;1
07/02/2019;15:32:00;273;sem vítima;440,025;BR-364/MT;Norte;Colisão Lateral;2;2;;;;;1
07/02/2019;16:06:00;283;sem vítima;621,479;BR-163/MT;Sul;Choque - Veiculo parado na pista;2;3;;;;;1
07/02/2019;16:12:00;284;sem vítima;853,226;BR-163/MT;Norte;Colisão Lateral;2;2;;;;;1
07/02/2019;19:29:00;360;sem vítima;579,231;BR-364/MT;Sul;Colisão Traseira;2;3;;;;;1
07/02/2019;21:01:00;399;com vítima;110,833;BR-163/MT;Norte;Colisão Traseira;2;0;1;2;;;2
08/02/2019;13:21:00;230;sem vítima;585,508;BR-364/MT;Sul;Choque - Defensa, barreira ou "submarino";1;1;;;;;1
08/02/2019;14:36:00;252;sem vítima;331,505;BR-364/MT;Norte;Choque - Veiculo parado na pista;3;3;;;;;1
08/02/2019;17:25:00;322;sem vítima;469,093;BR-364/MT;Norte;Tombamento;1;1;;;;;1
09/02/2019;09:42:00;115;sem vítima;286,909;BR-364/MT;Sul;Colisão Traseira;2;3;;;;;1
09/02/2019;16:26:00;216;sem vítima;458,469;BR-364/MT;Sul;Saida de Pista;1;1;;;;;1
09/02/2019;20:49:00;282;sem vítima;284,355;BR-364/MT;Sul;Tombamento;1;1;;;;;1
10/02/2019;07:42:00;70;sem vítima;615,681;BR-163/MT;Sul;Tombamento;1;1;;;;;1
10/02/2019;16:31:00;208;sem vítima;757,133;BR-163/MT;Sul;Saida de Pista;1;3;;;;;1
11/02/2019;06:47:00;63;sem vítima;563,861;BR-163/MT;Norte;Saida de Pista;1;1;;;;;1
11/02/2019;15:49:00;272;sem vítima;597,312;BR-163/MT;Norte;Colisão Traseira;1;4;;;;;1
11/02/2019;16:27:00;285;com vítima;453,913;BR-364/MT;Sul;Engavetamento;2;2;1;;;;1
11/02/2019;18:34:00;322;sem vítima;528,359;BR-364/MT;Norte;Tombamento;1;1;;;;;1
11/02/2019;20:24:00;347;sem vítima;486,519;BR-364/MT;Sul;Colisão Traseira;2;2;;;;;1
12/02/2019;10:25:00;134;sem vítima;598,295;BR-163/MT;Norte;Colisão Traseira;2;2;;;;;1
12/02/2019;13:25:00;188;sem vítima;837,115;BR-163/MT;Norte;Colisão Transversal;1;2;;;;;1
12/02/2019;14:27:00;202;com vítima;114,1;BR-163/MT;Norte;Colisão Lateral;1;2;;;1;;2
12/02/2019;18:05:00;261;sem vítima;116,6;BR-163/MT;Norte;Engavetamento;2;4;;;;;1
12/02/2019;19:04:00;275;sem vítima;458,1;BR-364/MT;Sul;Saida de Pista;1;1;;;;;1
12/02/2019;21:24:00;303;com vítima;102,299;BR-163/MT;Norte;Tombamento;1;0;;1;;;2
13/02/2019;03:34:00;20;sem vítima;292,2;BR-364/MT;Norte;Tombamento;1;1;;;;;1
13/02/2019;06:30:00;37;sem vítima;311,416;BR-364/MT;Sul;Tombamento;1;1;;;;;1
13/02/2019;07:31:00;51;com vítima;565,844;BR-163/MT;Sul;Colisão Lateral;1;0;5;;;;1
13/02/2019;10:54:00;142;sem vítima;476,573;BR-364/MT;Sul;Colisão Traseira;2;2;;;;;1
13/02/2019;10:55:00;143;sem vítima;854,6;BR-163/MT;Norte;Colisão Transversal;1;5;;;;;1
13/02/2019;14:36:00;213;sem vítima;830,815;BR-163/MT;Norte;Colisão Transversal;1;4;;;;;1
13/02/2019;17:59:00;277;sem vítima;523,901;BR-070/MT;Norte;Colisão Lateral;1;5;;;;;1
13/02/2019;18:21:00;279;com vítima;249,999;BR-364/MT;Norte;Colisão Traseira;1;1;;1;;;2
14/02/2019;10:42:00;159;sem vítima;542,144;BR-163/MT;Norte;Saida de Pista;1;1;;;;;1
14/02/2019;13:50:00;212;sem vítima;118,054;BR-163/MT;Norte;Capotamento;1;1;;;;;1
14/02/2019;17:10:00;260;sem vítima;664,45;BR-163/MT;Norte;Colisão Traseira;1;5;;;;;1
14/02/2019;21:22:00;327;sem vítima;571,631;BR-163/MT;Sul;Saida de Pista;1;1;;;;;1
15/02/2019;04:56:00;42;com vítima;558,396;BR-163/MT;Norte;Tombamento;1;0;;;1;;2
15/02/2019;08:08:00;93;sem vítima;383;BR-364/MT;Sul;Choque - Veiculo parado na pista;1;6;;;;;1
15/02/2019;08:52:00;116;sem vítima;848,678;BR-163/MT;Sul;Colisão Traseira;1;2;;;;;1
15/02/2019;10:52:00;186;sem vítima;347,514;BR-364/MT;Sul;Colisão Lateral;2;2;;;;;1
15/02/2019;10:55:00;190;sem vítima;750,034;BR-163/MT;Sul;Colisão Transversal;1;2;;;;;1
15/02/2019;11:18:00;201;sem vítima;523,176;BR-070/MT;Norte;Colisão Transversal;1;4;;;;;1
15/02/2019;17:28:00;306;sem vítima;119,623;BR-163/MT;Sul;Colisão Lateral;1;7;;;;;1
15/02/2019;17:34:00;310;com vítima;348,238;BR-364/MT;Norte;Colisão Traseira;3;2;1;;;;1
15/02/2019;17:53:00;318;sem vítima;523,208;BR-070/MT;Sul;Colisão Transversal;1;5;;;;;1
15/02/2019;18:35:00;329;sem vítima;463,325;BR-364/MT;Norte;Tombamento;2;2;;;;;1
15/02/2019;19:50:00;357;com vítima;448,264;BR-364/MT;Sul;Colisão Traseira;1;1;2;;;;1
15/02/2019;20:03:00;362;sem vítima;259,78;BR-364/MT;Norte;Engavetamento;1;3;;;;;1
15/02/2019;22:23:00;389;sem vítima;504,974;BR-364/MT;Norte;Saida de Pista;1;1;;;;;1
16/02/2019;06:25:00;56;sem vítima;689,264;BR-163/MT;Sul;Saida de Pista;1;1;;;;;1
16/02/2019;06:49:00;61;sem vítima;714,02;BR-163/MT;Sul;Colisão Lateral;1;2;;;;;1
16/02/2019;14:44:00;207;sem vítima;270,5;BR-364/MT;Norte;Colisão Traseira;1;4;;;;;1
17/02/2019;13:04:00;120;sem vítima;832,969;BR-163/MT;Norte;Colisão Lateral;1;5;;;;;1
17/02/2019;14:29:00;134;sem vítima;248,635;BR-364/MT;Sul;Saida de Pista;1;2;;;;;1
18/02/2019;01:27:00;29;sem vítima;768,429;BR-163/MT;Norte;Saida de Pista;1;1;;;;;1
18/02/2019;06:29:00;52;sem vítima;831,443;BR-163/MT;Norte;Colisão Transversal;1;4;;;;;1
18/02/2019;16:17:00;259;sem vítima;571,908;BR-163/MT;Sul;Saida de Pista;1;1;;;;;1
18/02/2019;16:50:00;271;sem vítima;685,097;BR-163/MT;Norte;Colisão Lateral;1;2;;;;;1
19/02/2019;03:56:00;33;sem vítima;440,66;BR-364/MT;Sul;Saida de Pista;1;1;;;;;1
19/02/2019;07:53:00;83;sem vítima;557,015;BR-364/MT;Norte;Saida de Pista;1;1;;;;;1
19/02/2019;08:13:00;89;sem vítima;600,244;BR-163/MT;Norte;Colisão Traseira;1;3;;;;;1
19/02/2019;08:59:00;101;sem vítima;514;BR-070/MT;Norte;Colisão Transversal;1;4;;;;;1
19/02/2019;16:56:00;249;com vítima;512,449;BR-070/MT;Norte;Colisão Transversal;2;1;;1;;;2
19/02/2019;20:47:00;300;sem vítima;757,039;BR-163/MT;Sul;Saida de Pista;1;1;;;;;1
19/02/2019;23:31:00;335;sem vítima;548,532;BR-364/MT;Norte;Saida de Pista;1;1;;;;;1
20/02/2019;04:29:00;33;sem vítima;398,254;BR-364/MT;Sul;Colisão Traseira;2;3;;;;;1
20/02/2019;11:30:00;185;com vítima;516,48;BR-070/MT;Norte;Colisão Frontal;1;1;1;;;;1
20/02/2019;16:14:00;284;sem vítima;647,336;BR-163/MT;Norte;Saida de Pista;1;1;;;;;1
21/02/2019;03:03:00;25;sem vítima;379,132;BR-364/MT;Norte;Tombamento;1;1;;;;;1
21/02/2019;06:05:00;47;com vítima;118,966;BR-163/MT;Norte;Colisão Transversal;1;1;1;;;;1
21/02/2019;10:21:00;167;sem vítima;701,307;BR-163/MT;Norte;Saida de Pista;1;1;;;;;1
21/02/2019;14:17:00;244;sem vítima;681,217;BR-163/MT;Sul;Saida de Pista;1;1;;;;;1
21/02/2019;14:38:00;253;sem vítima;248,85;BR-364/MT;Sul;Colisão Traseira;2;2;;;;;1
21/02/2019;20:07:00;367;sem vítima;573,01;BR-364/MT;Sul;Tombamento;1;1;;;;;1
21/02/2019;23:09:00;403;sem vítima;539,8;BR-163/MT;Norte;Saida de Pista;1;1;;;;;1
22/02/2019;09:53:00;148;sem vítima;766,372;BR-163/MT;Norte;Tombamento;1;1;;;;;1
22/02/2019;09:57:00;149;sem vítima;378,269;BR-364/MT;Sul;Colisão Lateral;1;3;;;;;1
22/02/2019;11:15:00;183;sem vítima;348,184;BR-364/MT;Norte;Colisão Traseira;2;2;;;;;1
22/02/2019;13:08:00;223;sem vítima;489,533;BR-364/MT;Norte;Colisão Lateral;1;3;;;;;1
22/02/2019;18:46:00;365;com vítima;806,532;BR-163/MT;Sul;Colisão Frontal;1;2;1;;;;1
22/02/2019;21:29:00;420;sem vítima;383,193;BR-364/MT;Sul;Colisão Traseira;1;2;;;;;1
23/02/2019;05:12:00;37;com vítima;341,331;BR-364/MT;Sul;Choque - Veiculo parado no acostamento;1;2;1;;;;1
23/02/2019;14:58:00;237;sem vítima;713,872;BR-163/MT;Sul;Colisão Traseira;2;2;;;;;1
23/02/2019;18:46:00;311;com vítima;701,033;BR-163/MT;Sul;Colisão Lateral;1;1;1;1;;;2
24/02/2019;19:03:00;289;sem vítima;458,349;BR-364/MT;Norte;Saida de Pista;1;1;;;;;1
25/02/2019;11:21:00;176;sem vítima;573,914;BR-364/MT;Norte;Tombamento;1;7;;;;;1
25/02/2019;12:47:00;196;sem vítima;350,222;BR-364/MT;Norte;Colisão Traseira;1;3;;;;;1
25/02/2019;18:53:00;329;com vítima;504,897;BR-364/MT;Norte;Tombamento;1;0;1;;;;1
25/02/2019;19:31:00;339;com vítima;505,627;BR-070/MT;Norte;Colisão Traseira;2;1;;1;;;2
25/02/2019;18:46:00;358;sem vítima;586,726;BR-364/MT;Sul;Saida de Pista;1;1;;;;;1
26/02/2019;05:41:00;50;sem vítima;110,935;BR-163/MT;Norte;Tombamento;1;1;;;;;1
26/02/2019;09:58:00;152;com vítima;688,062;BR-163/MT;Sul;Colisão Traseira;3;2;;1;;;2
26/02/2019;11:48:00;195;sem vítima;480,409;BR-364/MT;Sul;Tombamento;1;1;;;;;1
26/02/2019;12:02:00;200;sem vítima;519,292;BR-163/MT;Sul;Saida de Pista;1;1;;;;;1
27/02/2019;09:07:00;111;sem vítima;502;BR-364/MT;Norte;Saida de Pista;1;2;;;;;1
27/02/2019;16:24:00;288;sem vítima;503,667;BR-070/MT;Norte;Tombamento;1;1;;;;;1
27/02/2019;17:44:00;307;com vítima;203,991;BR-364/MT;Sul;Colisão Transversal;1;1;2;;;;1
27/02/2019;21:47:00;361;com vítima;261,879;BR-364/MT;Norte;Tombamento;1;0;1;;;;1
28/02/2019;05:24:00;34;com vítima;110,28;BR-163/MT;Sul;Colisão Traseira;2;1;;;1;;2
28/02/2019;08:01:00;85;sem vítima;834,455;BR-163/MT;Norte;Colisão Traseira;1;4;;;;;1
28/02/2019;09:59:00;146;sem vítima;275,878;BR-364/MT;Sul;Colisão Traseira;1;2;;;;;1
28/02/2019;23:02:00;387;sem vítima;97;BR-163/MT;Sul;Colisão Traseira;2;3;;;;;1
01/03/2019;06:44:00;47;sem vítima;522,618;BR-364/MT;Sul;Colisão Lateral;1;1;;;;;1
01/03/2019;08:12:00;94;sem vítima;538;BR-364/MT;Sul;Engavetamento;2;3;;;;;1
01/03/2019;15:38:00;285;sem vítima;833,103;BR-163/MT;Sul;Colisão Traseira;2;3;;;;;1
02/03/2019;00:39:00;13;sem vítima;456,301;BR-364/MT;Norte;Saida de Pista;1;1;;;;;1
02/03/2019;05:19:00;50;com vítima;829,224;BR-163/MT;Norte;Colisão Transversal;1;1;;;3;1;3
02/03/2019;08:48:00;100;sem vítima;230,481;BR-364/MT;Norte;Tombamento;1;1;;;;;1
02/03/2019;14:55:00;209;sem vítima;533,944;BR-364/MT;Norte;Colisão Lateral;1;4;;;;;1
02/03/2019;16:33:00;243;sem vítima;749,435;BR-163/MT;Sul;Tombamento;1;1;;;;;1
02/03/2019;20:26:00;306;sem vítima;458,464;BR-364/MT;Sul;Capotamento;1;2;;;;;1
03/03/2019;21:11:00;321;sem vítima;479,534;BR-364/MT;Sul;Colisão Traseira;1;6;;;;;1
03/03/2019;21:48:00;327;com vítima;517;BR-070/MT;Sul;Colisão Transversal;1;1;1;;;;1
04/03/2019;12:37:00;192;sem vítima;255,296;BR-364/MT;Norte;Colisão Traseira;1;2;;;;;1
04/03/2019;12:49:00;196;sem vítima;333,353;BR-364/MT;Sul;Tombamento;1;1;;;;;1
04/03/2019;16:43:00;257;sem vítima;746,556;BR-163/MT;Norte;Colisão Lateral;1;3;;;;;1
04/03/2019;17:36:00;275;sem vítima;443;BR-364/MT;Sul;Colisão Traseira;1;2;;;;;1
05/03/2019;05:40:00;35;sem vítima;777,694;BR-163/MT;Sul;Saida de Pista;1;2;;;;;1
05/03/2019;14:10:00;175;sem vítima;548,194;BR-364/MT;Sul;Tombamento;1;1;;;;;1
05/03/2019;16:25:00;208;sem vítima;383,186;BR-364/MT;Norte;Choque - Defensa, barreira ou "submarino";1;3;;;;;1
05/03/2019;22:29:00;274;sem vítima;576,196;BR-364/MT;Norte;Saida de Pista;1;1;;;;;1
06/03/2019;14:25:00;167;sem vítima;529,967;BR-364/MT;Sul;Tombamento;1;1;;;;;1
06/03/2019;16:30:00;213;com vítima;276,453;BR-364/MT;Sul;Colisão Traseira;3;11;;1;;;2
06/03/2019;16:39:00;217;sem vítima;434,6;BR-364/MT;Norte;Colisão Traseira;1;2;;;;;1
06/03/2019;17:54:00;231;sem vítima;456,846;BR-364/MT;Sul;Colisão Traseira;2;2;;;;;1
06/03/2019;19:14:00;250;sem vítima;372,925;BR-364/MT;Norte;Colisão Transversal;1;2;;;;;1
06/03/2019;20:20:00;274;com vítima;311,641;BR-364/MT;Norte;Colisão Transversal;1;2;1;;;;1
06/03/2019;21:31:00;290;com vítima;310,845;BR-364/MT;Norte;Engavetamento;4;4;;1;;1;3
07/03/2019;13:24:00;243;sem vítima;521,748;BR-070/MT;Norte;Colisão Traseira;2;2;;;;;1
07/03/2019;15:30:00;279;sem vítima;118,826;BR-163/MT;Sul;Tombamento;1;1;;;;;1
08/03/2019;14:25:00;249;sem vítima;523;BR-070/MT;Norte;Colisão Traseira;2;2;;;;;1
08/03/2019;17:48:00;318;com vítima;589,247;BR-163/MT;Sul;Tombamento;1;0;1;;;;1
08/03/2019;19:16:00;337;com vítima;841,526;BR-163/MT;Sul;Colisão Transversal;1;3;2;;;;1
08/03/2019;19:38:00;345;sem vítima;276,295;BR-364/MT;Sul;Colisão Traseira;2;3;;;;;1
08/03/2019;23:48:00;385;sem vítima;378,133;BR-364/MT;Norte;Tombamento;1;1;;;;;1
09/03/2019;06:25:00;50;sem vítima;70,223;BR-163/MT;Sul;Saida de Pista;1;1;;;;;1
09/03/2019;06:32:00;54;sem vítima;586,841;BR-163/MT;Sul;Colisão Traseira;2;2;;;;;1
09/03/2019;14:22:00;202;sem vítima;643,446;BR-163/MT;Sul;Colisão Lateral;1;5;;;;;1
09/03/2019;14:36:00;204;sem vítima;621,261;BR-163/MT;Sul;Colisão Traseira;2;3;;;;;1
09/03/2019;20:22:00;281;com vítima;850,128;BR-163/MT;Norte;Tombamento;1;0;1;;;;1
09/03/2019;21:59:00;297;sem vítima;507,816;BR-070/MT;Norte;Colisão Traseira;1;2;;;;;1
10/03/2019;15:20:00;203;sem vítima;260,636;BR-364/MT;Sul;Colisão Lateral;1;5;;;;;1
10/03/2019;15:43:00;205;com vítima;346,725;BR-364/MT;Norte;Saida de Pista;1;0;2;;;;1
10/03/2019;18:44:00;251;com vítima;628,392;BR-163/MT;Norte;Tombamento;1;0;1;;;;1
10/03/2019;18:57:00;255;sem vítima;627,682;BR-163/MT;Norte;Colisão Lateral;1;5;;;;;1
11/03/2019;07:26:00;95;sem vítima;346,989;BR-364/MT;Norte;Colisão Traseira;3;3;;;;;1
11/03/2019;07:32:00;96;sem vítima;834,957;BR-163/MT;Sul;Colisão Traseira;1;6;;;;;1
11/03/2019;14:56:00;270;com vítima;289,933;BR-364/MT;Norte;Colisão Lateral;2;3;1;;;;1
11/03/2019;23:08:00;386;sem vítima;117,903;BR-163/MT;Sul;Tombamento;1;1;;;;;1
12/03/2019;11:17:00;183;sem vítima;751,094;BR-163/MT;Sul;Colisão Traseira;1;2;;;;;1
12/03/2019;11:30:00;187;sem vítima;827,208;BR-163/MT;Sul;Choque - Veiculo parado no acostamento;2;3;;;;;1
12/03/2019;12:33:00;202;sem vítima;827,271;BR-163/MT;Norte;Colisão Lateral;1;4;;;;;1
12/03/2019;13:51:00;222;sem vítima;480,169;BR-364/MT;Norte;Tombamento;1;1;;;;;1
12/03/2019;16:55:00;277;sem vítima;350,224;BR-364/MT;Norte;Saida de Pista;1;1;;;;;1
12/03/2019;17:37:00;290;sem vítima;520,016;BR-070/MT;Norte;Colisão Traseira;1;5;;;;;1
12/03/2019;17:53:00;294;sem vítima;831,877;BR-163/MT;Sul;Colisão Transversal;1;2;;;;;1