data;horario;n_da_ocorrencia;tipo_de_ocorrencia;km;trecho;sentido;tipo_de_acidente;caminhao;ilesos;levemente_feridos;moderadamente_feridos;gravemente_feridos;mortos;3
13/03/2019;08:58:00;109;sem vítima;753,625;BR-163/MT;Norte;Colisão Lateral;1;2;;;;;1
13/03/2019;10:30:00;149;sem vítima;349,274;BR-364/MT;Sul;Colisão Traseira;2;2;;;;;1
13/03/2019;14:36:00;212;sem vítima;464,072;BR-364/MT;Norte;Saida de Pista;1;1;;;;;1
14/03/2019;08:00:00;60;sem vítima;646,752;BR-163/MT;Norte;Saida de Pista;1;2;;;;;1
14/03/2019;08:13:00;69;sem vítima;346,989;BR-364/MT;Norte;Colisão Traseira;2;3;;;;;1
14/03/2019;11:56:00;168;com vítima;519,214;BR-163/MT;Norte;Saida de Pista;1;0;;1;;;2
14/03/2019;12:04:00;174;sem vítima;664,361;BR-163/MT;Sul;Colisão Traseira;1;3;;;;;1
14/03/2019;15:06:00;224;sem vítima;689,917;BR-163/MT;Norte;Colisão Lateral;1;2;;;;;1
14/03/2019;21:23:00;314;sem vítima;521,015;BR-070/MT;Sul;Colisão Traseira;1;2;;;;;1
15/03/2019;08:10:00;80;sem vítima;523;BR-070/MT;Sul;Colisão Transversal;1;2;;;;;1
15/03/2019;09:55:00;141;sem vítima;382,1;BR-364/MT;Sul;Saida de Pista;1;1;;;;;1
15/03/2019;11:44:00;185;sem vítima;834,519;BR-163/MT;Norte;Colisão Traseira;1;2;;;;;1
15/03/2019;12:10:00;196;com vítima;289,275;BR-364/MT;Sul;Tombamento;1;0;1;;;;1
15/03/2019;13:29:00;219;sem vítima;464,08;BR-364/MT;Norte;Colisão Lateral;2;3;;;;;1
15/03/2019;13:38:00;223;sem vítima;439,851;BR-364/MT;Norte;Tombamento;2;2;;;;;1
15/03/2019;13:46:00;225;sem vítima;439;BR-364/MT;Norte;Colisão Traseira;2;3;;;;;1
15/03/2019;15:11:00;245;sem vítima;331,571;BR-364/MT;Sul;Saida de Pista;1;1;;;;;1
15/03/2019;16:42:00;284;sem vítima;831,15;BR-163/MT;Norte;Colisão Lateral;1;2;;;;;1
15/03/2019;16:56:00;291;sem vítima;477,919;BR-364/MT;Sul;Colisão Traseira;2;4;;;;;1
16/03/2019;05:45:00;34;sem vítima;393,375;BR-364/MT;Sul;Colisão Traseira;1;2;;;;;1
16/03/2019;18:42:00;281;sem vítima;214,656;BR-364/MT;Sul;Colisão Traseira;2;2;;;;;1
17/03/2019;04:50:00;29;sem vítima;243,158;BR-364/MT;Sul;Colisão Traseira;2;2;;;;;1
18/03/2019;12:29:00;182;sem vítima;252,203;BR-364/MT;Sul;Tombamento;1;2;;;;;1
18/03/2019;15:54:00;237;sem vítima;464,697;BR-364/MT;Norte;Colisão Traseira;2;2;;;;;1
18/03/2019;18:02:00;277;sem vítima;621,184;BR-163/MT;Sul;Engavetamento;3;3;;;;;1
19/03/2019;04:31:00;24;sem vítima;474,521;BR-364/MT;Sul;Choque - Arvore;1;1;;;;;1
19/03/2019;04:38:00;26;com vítima;474,521;BR-364/MT;Sul;Choque - Arvore;1;0;;1;;;2
19/03/2019;09:25:00;120;sem vítima;117,443;BR-163/MT;Norte;Colisão Transversal;1;3;;;;;1
19/03/2019;15:10:00;240;sem vítima;751,05;BR-163/MT;Sul;Colisão Lateral;1;2;;;;;1
19/03/2019;17:03:00;281;sem vítima;401,637;BR-364/MT;Sul;Colisão Traseira;2;3;;;;;1
20/03/2019;05:18:00;34;sem vítima;500,704;BR-070/MT;Norte;Atropelamento de Animal;1;1;;;;;1
20/03/2019;06:39:00;42;sem vítima;352,983;BR-364/MT;Norte;Saida de Pista;1;1;;;;;1
20/03/2019;13:45:00;208;sem vítima;496,1;BR-070/MT;Norte;Colisão Lateral;2;2;;;;;1
20/03/2019;20:57:00;338;sem vítima;349,527;BR-364/MT;Norte;Tombamento;1;1;;;;;1
21/03/2019;05:41:00;27;sem vítima;542,615;BR-163/MT;Sul;Saida de Pista;1;1;;;;;1
21/03/2019;06:10:00;29;sem vítima;483,505;BR-364/MT;Norte;Colisão Lateral;2;3;;;;;1
21/03/2019;06:19:00;30;sem vítima;621,068;BR-163/MT;Sul;Tombamento;1;1;;;;;1
21/03/2019;06:26:00;31;com vítima;838,173;BR-163/MT;Norte;Colisão Transversal;1;2;;1;;;2
21/03/2019;07:31:00;40;sem vítima;201,9;BR-364/MT;Norte;Engavetamento;1;6;;;;;1
21/03/2019;19:07:00;287;sem vítima;203,882;BR-364/MT;Sul;Colisão Traseira;1;3;;;;;1
22/03/2019;11:10:00;169;com vítima;813,226;BR-163/MT;Sul;Colisão Traseira;2;2;;;1;;2
22/03/2019;11:55:00;183;com vítima;257,171;BR-364/MT;Sul;Capotamento;1;0;1;;;;1
22/03/2019;19:49:00;317;com vítima;531,836;BR-163/MT;Norte;Colisão Frontal;2;1;4;1;1;;2
22/03/2019;22:02:00;342;sem vítima;331,586;BR-364/MT;Sul;Colisão Traseira;1;2;;;;;1
22/03/2019;22:05:00;343;com vítima;536,616;BR-163/MT;Sul;Choque - Veiculo parado na pista;1;1;2;;;1;3
23/03/2019;07:17:00;64;sem vítima;832,975;BR-163/MT;Norte;Tombamento;1;1;;;;;1
23/03/2019;11:44:00;170;com vítima;331,43;BR-364/MT;Norte;Tombamento;1;0;1;;;;1
23/03/2019;16:12:00;251;sem vítima;690,75;BR-163/MT;Sul;Colisão Transversal;1;2;;;;;1
23/03/2019;18:38:00;295;com vítima;816,121;BR-163/MT;Sul;Colisão Frontal;1;1;1;;;;1
23/03/2019;19:55:00;311;com vítima;668,774;BR-163/MT;Norte;Colisão Traseira;1;1;1;;;;1
23/03/2019;22:04:00;342;sem vítima;487,861;BR-364/MT;Norte;Colisão Traseira;1;3;;;;;1
24/03/2019;22:35:00;283;com vítima;104,931;BR-163/MT;Norte;Colisão Traseira;2;3;1;;;;1
25/03/2019;11:48:00;177;sem vítima;392,753;BR-364/MT;Sul;Colisão Lateral;2;2;;;;;1
25/03/2019;17:07:00;277;sem vítima;597,14;BR-163/MT;Norte;Tombamento;1;1;;;;;1
25/03/2019;22:02:00;343;sem vítima;252,734;BR-364/MT;Norte;Tombamento;1;1;;;;;1
26/03/2019;08:38:00;97;com vítima;513,464;BR-070/MT;Norte;Colisão Traseira;2;3;;1;;;2
26/03/2019;10:27:00;154;sem vítima;517;BR-070/MT;Sul;Colisão Frontal;1;2;;;;;1
26/03/2019;12:08:00;192;sem vítima;513,776;BR-163/MT;Norte;Saida de Pista;1;1;;;;;1
27/03/2019;01:33:00;17;com vítima;733,219;BR-163/MT;Norte;Choque - Poste;1;0;1;;;;1
27/03/2019;06:42:00;39;sem vítima;731,237;BR-163/MT;Norte;Colisão Lateral;1;3;;;;;1
27/03/2019;08:59:00;104;sem vítima;621,163;BR-163/MT;Sul;Capotamento;1;1;;;;;1
27/03/2019;09:00:00;105;com vítima;522,764;BR-364/MT;Sul;Tombamento;1;1;1;;;;1
27/03/2019;10:26:00;149;sem vítima;693,5;BR-163/MT;Sul;Colisão Traseira;2;2;;;;;1
27/03/2019;11:04:00;161;sem vítima;486,485;BR-364/MT;Norte;Saida de Pista;1;1;;;;;1
27/03/2019;11:59:00;174;sem vítima;486,65;BR-364/MT;Norte;Saida de Pista;1;1;;;;;1
27/03/2019;13:19:00;187;sem vítima;540,381;BR-163/MT;Sul;Colisão Lateral;2;2;;;;;1
27/03/2019;15:35:00;226;sem vítima;519,929;BR-163/MT;Sul;Tombamento;1;1;;;;;1
27/03/2019;18:39:00;274;sem vítima;688,722;BR-163/MT;Sul;Colisão Traseira;1;2;;;;;1
28/03/2019;00:16:00;10;com vítima;268,436;BR-364/MT;Norte;Tombamento;1;0;1;;;;1
28/03/2019;13:31:00;205;sem vítima;766,7;BR-163/MT;Norte;Colisão Traseira;1;2;;;;;1
28/03/2019;16:36:00;269;sem vítima;477,218;BR-364/MT;Sul;Tombamento;1;2;;;;;1
28/03/2019;17:08:00;285;sem vítima;490,943;BR-364/MT;Sul;Engavetamento;2;4;;;;;1
28/03/2019;17:21:00;291;sem vítima;487,201;BR-364/MT;Norte;Colisão Traseira;2;2;;;;;1
28/03/2019;20:13:00;330;sem vítima;208,215;BR-364/MT;Norte;Saida de Pista;1;2;;;;;1
28/03/2019;20:16:00;331;sem vítima;22,811;BR-163/MT;Norte;Atropelamento de Animal;1;1;;;;;1
28/03/2019;21:34:00;348;sem vítima;261,913;BR-364/MT;Norte;Saida de Pista;1;1;;;;;1
29/03/2019;07:00:00;57;com vítima;522,525;BR-070/MT;Sul;Engavetamento;3;3;1;;;;1
29/03/2019;12:28:00;187;sem vítima;458,951;BR-364/MT;Norte;Colisão Lateral;1;3;;;;;1
29/03/2019;15:06:00;233;sem vítima;205,624;BR-364/MT;Norte;Colisão Traseira;2;2;;;;;1
29/03/2019;15:43:00;244;sem vítima;607,006;BR-163/MT;Sul;Colisão Lateral;2;2;;;;;1
29/03/2019;18:58:00;283;sem vítima;459,488;BR-364/MT;Norte;Saida de Pista;1;1;;;;;1
29/03/2019;19:23:00;292;sem vítima;458,343;BR-364/MT;Norte;Saida de Pista;1;2;;;;;1
29/03/2019;23:01:00;340;sem vítima;612,689;BR-163/MT;Sul;Colisão Traseira;2;3;;;;;1
30/03/2019;18:51:00;292;com vítima;512,849;BR-070/MT;Sul;Colisão Lateral;1;3;1;;;;1
30/03/2019;18:54:00;293;com vítima;393,198;BR-364/MT;Sul;Colisão Frontal;1;1;;1;;1;3
01/04/2019;07:54:00;70;sem vítima;690,133;BR-163/MT;Sul;Colisão Traseira;1;2;;;;;1
01/04/2019;08:30:00;91;sem vítima;597,701;BR-163/MT;Norte;Colisão Lateral;1;4;;;;;1
01/04/2019;12:38:00;193;sem vítima;824,392;BR-163/MT;Sul;Colisão Lateral;1;2;;;;;1
01/04/2019;15:58:00;262;sem vítima;827,23;BR-163/MT;Sul;Colisão Traseira;1;2;;;;;1
02/04/2019;12:11:00;167;sem vítima;348,408;BR-364/MT;Sul;Choque - Talude;1;1;;;;;1
02/04/2019;15:07:00;227;sem vítima;826,214;BR-163/MT;Norte;Saida de Pista;1;1;;;;;1
03/04/2019;05:04:00;27;com vítima;511,913;BR-163/MT;Sul;Tombamento;1;0;1;;;;1
03/04/2019;06:38:00;34;sem vítima;561,033;BR-163/MT;Norte;Tombamento;1;1;;;;;1
03/04/2019;06:57:00;45;sem vítima;592,327;BR-163/MT;Sul;Tombamento;1;1;;;;;1
03/04/2019;11:38:00;145;sem vítima;346,967;BR-364/MT;Sul;Saida de Pista;1;1;;;;;1
03/04/2019;16:05:00;218;sem vítima;679,98;BR-163/MT;Sul;Colisão Traseira;1;2;;;;;1
03/04/2019;16:11:00;224;sem vítima;583,144;BR-364/MT;Norte;Colisão Traseira;1;2;;;;;1
03/04/2019;17:18:00;236;sem vítima;833;BR-163/MT;Norte;Colisão Lateral;1;2;;;;;1
03/04/2019;22:05:00;295;sem vítima;209,504;BR-364/MT;Sul;Tombamento;1;2;;;;;1
03/04/2019;22:45:00;301;com vítima;511,354;BR-364/MT;Sul;Tombamento;1;0;1;;;;1
04/04/2019;13:06:00;213;com vítima;838,414;BR-163/MT;Sul;Colisão Lateral;1;1;1;;;;1
04/04/2019;16:45:00;283;sem vítima;53,859;BR-163/MT;Sul;Tombamento;1;1;;;;;1
04/04/2019;17:25:00;297;sem vítima;606,246;BR-163/MT;Norte;Colisão Lateral;2;3;;;;;1
05/04/2019;01:16:00;7;sem vítima;68,278;BR-163/MT;Sul;Tombamento;1;1;;;;;1
05/04/2019;06:19:00;42;com vítima;348,282;BR-364/MT;Norte;Tombamento;1;0;2;;;;1
05/04/2019;12:40:00;196;com vítima;826,261;BR-163/MT;Sul;Colisão Lateral;1;1;1;;;;1
05/04/2019;21:43:00;336;com vítima;290,77;BR-364/MT;Sul;Colisão Traseira;2;1;;;1;1;3
06/04/2019;01:21:00;5;com vítima;458,499;BR-364/MT;Sul;Saida de Pista;1;0;1;;;;1
06/04/2019;05:35:00;34;sem vítima;678,889;BR-163/MT;Norte;Saida de Pista;1;1;;;;;1
06/04/2019;11:06:00;115;sem vítima;356,612;BR-364/MT;Sul;Saida de Pista;1;1;;;;;1
07/04/2019;02:41:00;22;com vítima;202,904;BR-364/MT;Norte;Colisão Traseira;1;1;;;2;;2
07/04/2019;19:30:00;251;com vítima;543,482;BR-163/MT;Sul;Colisão Lateral;1;1;1;;;;1
09/04/2019;01:04:00;12;sem vítima;853,217;BR-163/MT;Sul;Tombamento;1;1;;;;;1
09/04/2019;14:04:00;230;com vítima;439,537;BR-364/MT;Norte;Tombamento;1;1;1;;;;1
09/04/2019;14:57:00;256;sem vítima;542,941;BR-163/MT;Sul;Tombamento;1;1;;;;;1
09/04/2019;16:22:00;295;com vítima;517,795;BR-070/MT;Sul;Colisão Lateral;2;1;1;;;;1
09/04/2019;16:49:00;303;sem vítima;647,315;BR-163/MT;Norte;Saida de Pista;1;1;;;;;1
10/04/2019;12:49:00;161;sem vítima;351,094;BR-364/MT;Norte;Saida de Pista;1;1;;;;;1
10/04/2019;14:03:00;180;sem vítima;664,579;BR-163/MT;Sul;Colisão Traseira;1;28;;;;;1
10/04/2019;14:47:00;195;sem vítima;838,186;BR-163/MT;Norte;Colisão Transversal;1;2;;;;;1
10/04/2019;21:47:00;302;sem vítima;737,043;BR-163/MT;Norte;Colisão Frontal;2;4;;;;;1
11/04/2019;06:39:00;46;sem vítima;504,078;BR-364/MT;Norte;Colisão Lateral;2;3;;;;;1
11/04/2019;09:15:00;104;sem vítima;113,807;BR-163/MT;Norte;Tombamento;1;1;;;;;1
11/04/2019;15:02:00;227;sem vítima;534,074;BR-364/MT;Sul;Colisão Transversal;2;2;;;;;1
12/04/2019;03:53:00;35;com vítima;219,741;BR-364/MT;Sul;Colisão Traseira;1;1;2;;;;1
12/04/2019;06:19:00;43;com vítima;524,47;BR-364/MT;Sul;Colisão Lateral;2;1;;1;;;2
12/04/2019;09:12:00;113;sem vítima;531,516;BR-364/MT;Sul;Colisão Lateral;2;2;;;;;1
12/04/2019;13:34:00;207;sem vítima;119,778;BR-163/MT;Sul;Tombamento;1;1;;;;;1
12/04/2019;14:53:00;234;sem vítima;637,137;BR-163/MT;Sul;Tombamento;1;1;;;;;1
12/04/2019;20:03:00;318;sem vítima;538,943;BR-163/MT;Sul;Colisão Lateral;1;6;;;;;1
13/04/2019;09:31:00;91;com vítima;261,41;BR-364/MT;Sul;Tombamento;1;0;2;;;;1
13/04/2019;16:51:00;210;com vítima;394,27;BR-364/MT;Sul;Colisão Traseira;1;2;1;;;;1
13/04/2019;19:03:00;237;com vítima;262,2;BR-364/MT;Norte;Tombamento;1;0;1;;;;1
14/04/2019;01:49:00;24;sem vítima;359,988;BR-364/MT;Sul;Tombamento;1;1;;;;;1
14/04/2019;15:22:00;166;sem vítima;434,6;BR-364/MT;Sul;Colisão Traseira;1;4;;;;;1
14/04/2019;19:05:00;232;com vítima;519,826;BR-163/MT;Sul;Saida de Pista;1;0;;1;;;2
14/04/2019;23:13:00;303;sem vítima;350,255;BR-364/MT;Norte;Saida de Pista;1;2;;;;;1
15/04/2019;14:52:00;214;sem vítima;593,735;BR-163/MT;Sul;Choque - Veiculo parado no acostamento;1;2;;;;;1
16/04/2019;07:50:00;77;sem vítima;513,314;BR-163/MT;Sul;Tombamento;1;1;;;;;1
16/04/2019;08:00:00;85;com vítima;269,78;BR-364/MT;Norte;Colisão Transversal;1;1;1;;;;1
16/04/2019;08:35:00;100;sem vítima;543,764;BR-364/MT;Norte;Colisão Traseira;3;4;;;;;1
16/04/2019;08:35:00;101;sem vítima;347,059;BR-364/MT;Norte;Saida de Pista;1;1;;;;;1
16/04/2019;09:04:00;119;com vítima;491,814;BR-364/MT;Norte;Colisão Frontal;2;0;2;;;;1
16/04/2019;10:15:00;145;sem vítima;201,099;BR-364/MT;Norte;Colisão Lateral;2;2;;;;;1
16/04/2019;12:01:00;184;sem vítima;573,87;BR-364/MT;Norte;Saida de Pista;1;1;;;;;1
16/04/2019;12:20:00;187;sem vítima;537,985;BR-364/MT;Norte;Colisão Lateral;2;2;;;;;1
16/04/2019;14:16:00;218;com vítima;350,251;BR-364/MT;Norte;Tombamento;1;0;;;;1;3
16/04/2019;14:35:00;224;sem vítima;276,405;BR-364/MT;Sul;Tombamento;1;1;;;;;1
17/04/2019;04:22:00;32;sem vítima;553,436;BR-364/MT;Sul;Tombamento;1;2;;;;;1
17/04/2019;06:21:00;40;com vítima;347,975;BR-364/MT;Norte;Tombamento;1;0;1;;;;1
17/04/2019;07:14:00;56;com vítima;546,846;BR-364/MT;Norte;Tombamento;1;0;1;;;;1
17/04/2019;13:06:00;171;sem vítima;548,469;BR-364/MT;Norte;Saida de Pista;1;1;;;;;1
17/04/2019;15:50:00;232;sem vítima;488,869;BR-364/MT;Norte;Saida de Pista;1;1;;;;;1
17/04/2019;18:53:00;290;com vítima;252,715;BR-364/MT;Sul;Colisão Transversal;2;1;1;;;;1
17/04/2019;21:39:00;323;sem vítima;215,501;BR-364/MT;Sul;Choque - Defensa, barreira ou "submarino";1;3;;;;;1
18/04/2019;12:05:00;188;com vítima;716,664;BR-163/MT;Sul;Colisão Lateral;1;1;1;;;;1
18/04/2019;15:40:00;262;sem vítima;513,902;BR-070/MT;Norte;Colisão Traseira;2;2;;;;;1
19/04/2019;03:59:00;27;sem vítima;260,751;BR-364/MT;Norte;Tombamento;1;1;;;;;1
19/04/2019;05:49:00;34;sem vítima;521,629;BR-070/MT;Sul;Colisão Traseira;2;2;;;;;1
19/04/2019;13:15:00;148;sem vítima;560,226;BR-163/MT;Norte;Tombamento;1;1;;;;;1
20/04/2019;00:46:00;10;sem vítima;470,879;BR-364/MT;Sul;Atropelamento de Animal;1;1;;;;;1
20/04/2019;14:26:00;157;sem vítima;383,07;BR-364/MT;Norte;Colisão Traseira;1;3;;;;;1
21/04/2019;13:42:00;132;com vítima;569,128;BR-163/MT;Sul;Colisão Lateral;1;3;1;;;;1
22/04/2019;10:12:00;128;sem vítima;351,082;BR-364/MT;Norte;Colisão Lateral;1;2;;;;;1
22/04/2019;12:43:00;165;sem vítima;597,439;BR-163/MT;Sul;Choque - Veiculo parado no acostamento;1;2;;;;;1
22/04/2019;14:10:00;194;sem vítima;601,276;BR-163/MT;Sul;Choque - Poste;1;1;;;;;1
22/04/2019;14:10:00;195;sem vítima;440,569;BR-364/MT;Norte;Tombamento;1;1;;;;;1
22/04/2019;15:41:00;220;sem vítima;457,968;BR-364/MT;Norte;Colisão Lateral;1;2;;;;;1
22/04/2019;19:43:00;279;sem vítima;117,772;BR-163/MT;Sul;Colisão Transversal;2;2;;;;;1
23/04/2019;04:28:00;32;sem vítima;473,301;BR-364/MT;Norte;Colisão Traseira;1;5;;;;;1
23/04/2019;10:08:00;135;sem vítima;621,421;BR-163/MT;Sul;Colisão Traseira;2;3;;;;;1
23/04/2019;12:27:00;189;sem vítima;267,615;BR-364/MT;Sul;Tombamento;1;1;;;;;1
23/04/2019;12:35:00;192;sem vítima;645,816;BR-163/MT;Sul;Tombamento;1;3;;;;;1
23/04/2019;15:43:00;255;sem vítima;829,086;BR-163/MT;Sul;Colisão Transversal;1;2;;;;;1
23/04/2019;16:18:00;266;sem vítima;455,07;BR-364/MT;Norte;Colisão Lateral;3;3;;;;;1
24/04/2019;02:24:00;28;sem vítima;360,999;BR-364/MT;Norte;Tombamento;1;1;;;;;1
24/04/2019;06:24:00;47;sem vítima;503,689;BR-070/MT;Sul;Tombamento;1;1;;;;;1
24/04/2019;09:30:00;121;sem vítima;435,19;BR-364/MT;Sul;Colisão Transversal;1;2;;;;;1
24/04/2019;13:41:00;229;sem vítima;484,183;BR-364/MT;Sul;Colisão Lateral;1;4;;;;;1
24/04/2019;14:06:00;242;sem vítima;526,154;BR-163/MT;Norte;Saida de Pista;1;3;;;;;1
24/04/2019;19:31:00;346;sem vítima;551,963;BR-163/MT;Sul;Tombamento;2;2;;;;;1
24/04/2019;19:54:00;352;sem vítima;612,02;BR-163/MT;Norte;Colisão Lateral;1;2;;;;;1
25/04/2019;15:16:00;254;com vítima;397,517;BR-364/MT;Norte;Colisão Lateral;1;1;1;;;;1
25/04/2019;16:32:00;287;sem vítima;566,562;BR-163/MT;Sul;Colisão Lateral;1;4;;;;;1
25/04/2019;22:14:00;370;sem vítima;391,7;BR-364/MT;Sul;Tombamento;1;1;;;;;1
25/04/2019;22:22:00;372;sem vítima;596,871;BR-163/MT;Norte;Colisão Traseira;1;2;;;;;1
26/04/2019;16:34:00;281;sem vítima;686,942;BR-163/MT;Norte;Colisão Transversal;1;2;;;;;1
27/04/2019;04:47:00;34;sem vítima;689,207;BR-163/MT;Sul;Choque - Veiculo parado no acostamento;1;3;;;;;1
27/04/2019;14:27:00;197;sem vítima;265,848;BR-364/MT;Sul;Colisão Lateral;1;2;;;;;1
27/04/2019;20:22:00;279;com vítima;593,357;BR-163/MT;Norte;Saida de Pista;1;1;;1;;;2
28/04/2019;15:28:00;168;sem vítima;827,21;BR-163/MT;Sul;Colisão Lateral;1;5;;;;;1
29/04/2019;07:53:00;58;sem vítima;753,935;BR-163/MT;Sul;Colisão Lateral;1;2;;;;;1
29/04/2019;11:11:00;152;sem vítima;597,367;BR-163/MT;Sul;Colisão Lateral;1;2;;;;;1
29/04/2019;15:48:00;237;sem vítima;514,346;BR-163/MT;Sul;Saida de Pista;1;1;;;;;1
29/04/2019;18:32:00;269;sem vítima;524,135;BR-163/MT;Sul;Saida de Pista;1;1;;;;;1
30/04/2019;07:45:00;67;com vítima;343,635;BR-364/MT;Norte;Saida de Pista;1;1;1;;;;1
30/04/2019;12:54:00;157;sem vítima;556,02;BR-364/MT;Norte;Saida de Pista;1;1;;;;;1
30/04/2019;13:30:00;162;sem vítima;260,408;BR-364/MT;Norte;Colisão Lateral;2;2;;;;;1
30/04/2019;13:54:00;168;sem vítima;526,063;BR-364/MT;Norte;Saida de Pista;1;1;;;;;1
30/04/2019;16:11:00;212;sem vítima;503,487;BR-364/MT;Sul;Colisão Traseira;2;2;;;;;1
01/05/2019;06:20:00;45;sem vítima;572,301;BR-163/MT;Norte;Saida de Pista;1;1;;;;;1
01/05/2019;06:24:00;46;sem vítima;390,151;BR-364/MT;Sul;Tombamento;1;1;;;;;1
01/05/2019;17:10:00;188;com vítima;299,614;BR-364/MT;Sul;Colisão Traseira;1;1;1;;;1;3
01/05/2019;18:35:00;218;sem vítima;751,093;BR-163/MT;Norte;Colisão Lateral;1;3;;;;;1
02/05/2019;05:14:00;22;sem vítima;635,219;BR-163/MT;Sul;Tombamento;1;1;;;;;1
02/05/2019;10:46:00;132;com vítima;559,842;BR-163/MT;Sul;Capotamento;1;0;1;;;;1
02/05/2019;10:55:00;137;sem vítima;316,648;BR-364/MT;Norte;Colisão Traseira;1;4;;;;;1
02/05/2019;16:50:00;251;sem vítima;585,361;BR-163/MT;Norte;Choque - Veiculo parado na pista;1;2;;;;;1
02/05/2019;17:57:00;265;sem vítima;752,741;BR-163/MT;Sul;Colisão Traseira;1;2;;;;;1
02/05/2019;20:32:00;295;sem vítima;529,659;BR-163/MT;Sul;Tombamento;1;1;;;;;1
03/05/2019;05:50:00;30;com vítima;512,98;BR-163/MT;Norte;Colisão Transversal;2;3;;1;;;2
03/05/2019;08:00:00;69;com vítima;529,772;BR-163/MT;Norte;Colisão Frontal;1;0;;3;2;2;3
03/05/2019;14:55:00;200;sem vítima;673,985;BR-163/MT;Norte;Colisão Traseira;1;5;;;;;1
03/05/2019;17:23:00;248;sem vítima;606,362;BR-163/MT;Sul;Tombamento;1;1;;;;;1
03/05/2019;18:01:00;251;sem vítima;752,675;BR-163/MT;Norte;Colisão Lateral;1;2;;;;;1
03/05/2019;20:42:00;272;sem vítima;579;BR-364/MT;Norte;Colisão Traseira;1;5;;;;;1
04/05/2019;05:30:00;36;com vítima;742,711;BR-163/MT;Norte;Colisão Lateral;1;1;;1;;;2
04/05/2019;09:46:00;99;sem vítima;528,486;BR-163/MT;Norte;Colisão Lateral;1;5;;;;;1
04/05/2019;10:18:00;113;sem vítima;573,35;BR-364/MT;Norte;Colisão Traseira;1;3;;;;;1
04/05/2019;19:00:00;245;sem vítima;258,591;BR-364/MT;Sul;Colisão Lateral;1;8;;;;;1
04/05/2019;22:09:00;273;com vítima;595,738;BR-163/MT;Sul;Colisão Transversal;1;1;1;;;;1
04/05/2019;23:08:00;285;sem vítima;350,329;BR-364/MT;Norte;Saida de Pista;1;1;;;;;1
05/05/2019;06:55:00;41;sem vítima;516,162;BR-070/MT;Sul;Colisão Lateral;1;6;;;;;1
05/05/2019;14:27:00;137;sem vítima;592,111;BR-163/MT;Sul;Saida de Pista;1;3;;;;;1
05/05/2019;15:08:00;146;sem vítima;532,42;BR-163/MT;Norte;Saida de Pista;1;1;;;;;1
05/05/2019;15:08:00;147;sem vítima;215,413;BR-364/MT;Sul;Choque - Defensa, barreira ou "submarino";1;1;;;;;1
06/05/2019;12:13:00;161;sem vítima;817,69;BR-163/MT;Sul;Colisão Transversal;1;2;;;;;1
06/05/2019;15:58:00;228;sem vítima;830,724;BR-163/MT;Sul;Colisão Traseira;1;2;;;;;1
07/05/2019;14:27:00;185;sem vítima;382,569;BR-364/MT;Sul;Capotamento;1;1;;;;;1
07/05/2019;16:43:00;224;sem vítima;537,446;BR-163/MT;Sul;Saida de Pista;1;1;;;;;1
07/05/2019;17:42:00;237;com vítima;202,247;BR-364/MT;Sul;Engavetamento;2;3;1;;;;1
07/05/2019;18:37:00;253;sem vítima;441;BR-364/MT;Norte;Choque - Defensa, barreira ou "submarino";1;1;;;;;1
07/05/2019;20:13:00;268;com vítima;835,436;BR-163/MT;Norte;Tombamento;1;0;1;;;;1
07/05/2019;21:25:00;284;sem vítima;341,36;BR-364/MT;Norte;Atropelamento de Animal;1;1;;;;;1
08/05/2019;06:23:00;43;sem vítima;575,182;BR-163/MT;Sul;Saida de Pista;1;1;;;;;1
09/05/2019;08:16:00;80;sem vítima;479,1;BR-364/MT;Norte;Colisão Traseira;2;2;;;;;1
09/05/2019;09:06:00;108;sem vítima;511,48;BR-070/MT;Sul;Colisão Traseira;2;2;;;;;1
09/05/2019;10:32:00;153;sem vítima;259,081;BR-364/MT;Norte;Colisão Traseira;1;2;;;;;1
10/05/2019;11:43:00;189;sem vítima;667,463;BR-163/MT;Norte;Capotamento;1;2;;;;;1
10/05/2019;21:15:00;358;com vítima;589,206;BR-163/MT;Norte;Colisão Lateral;2;1;3;;;1;3
11/05/2019;04:12:00;27;sem vítima;391,872;BR-364/MT;Norte;Atropelamento de Animal;1;1;;;;;1
11/05/2019;13:27:00;177;sem vítima;605,615;BR-163/MT;Sul;Tombamento;1;1;;;;;1
11/05/2019;13:52:00;185;sem vítima;513,503;BR-070/MT;Sul;Colisão Transversal;1;3;;;;;1
12/05/2019;09:09:00;78;com vítima;649,202;BR-163/MT;Norte;Colisão Frontal;1;1;;;;2;3