data;horario;n_da_ocorrencia;tipo_de_ocorrencia;km;trecho;sentido;tipo_de_acidente;caminhao;ilesos;levemente_feridos;moderadamente_feridos;gravemente_feridos;mortos;3
12/05/2019;10:39:00;99;com vítima;460,314;BR-364/MT;Sul;Colisão Lateral;1;1;;;1;1;3
13/05/2019;15:20:00;197;sem vítima;531,49;BR-163/MT;Norte;Colisão Lateral;1;3;;;;;1
13/05/2019;18:47:00;237;sem vítima;252,768;BR-364/MT;Norte;Saida de Pista;1;1;;;;;1
13/05/2019;20:42:00;258;sem vítima;474,794;BR-364/MT;Norte;Choque - Defensa, barreira ou "submarino";1;1;;;;;1
14/05/2019;01:06:00;14;sem vítima;458,502;BR-364/MT;Norte;Capotamento;1;1;;;;;1
14/05/2019;20:19:00;341;sem vítima;277,054;BR-364/MT;Norte;Colisão Traseira;2;2;;;;;1
15/05/2019;12:37:00;163;sem vítima;833,228;BR-163/MT;Sul;Colisão Transversal;1;3;;;;;1
15/05/2019;13:58:00;183;sem vítima;342,658;BR-364/MT;Sul;Tombamento;1;1;;;;;1
15/05/2019;17:24:00;249;sem vítima;533,853;BR-364/MT;Norte;Tombamento;1;1;;;;;1
16/05/2019;11:42:00;152;sem vítima;500,021;BR-070/MT;Sul;Atropelamento de Animal;1;1;;;;;1
16/05/2019;12:16:00;158;sem vítima;559,795;BR-364/MT;Norte;Tombamento;1;1;;;;;1
16/05/2019;17:26:00;246;sem vítima;574,732;BR-364/MT;Sul;Engavetamento;3;3;;;;;1
17/05/2019;05:50:00;29;sem vítima;583,925;BR-163/MT;Sul;Tombamento;1;1;;;;;1
17/05/2019;08:21:00;65;sem vítima;496,846;BR-070/MT;Sul;Tombamento;1;1;;;;;1
17/05/2019;14:31:00;171;com vítima;349,692;BR-364/MT;Norte;Tombamento;1;0;;;1;1;3
17/05/2019;15:30:00;187;sem vítima;538,972;BR-163/MT;Sul;Engavetamento;3;5;;;;;1
17/05/2019;16:45:00;209;sem vítima;271,381;BR-364/MT;Sul;Colisão Lateral;1;4;;;;;1
17/05/2019;17:15:00;218;sem vítima;727,12;BR-163/MT;Norte;Saida de Pista;1;1;;;;;1
18/05/2019;10:19:00;118;sem vítima;343,317;BR-364/MT;Norte;Colisão Lateral;1;4;;;;;1
20/05/2019;12:30:00;191;com vítima;349,459;BR-364/MT;Norte;Colisão Lateral;2;1;;;;1;3
20/05/2019;18:49:00;294;sem vítima;117,482;BR-163/MT;Sul;Colisão Lateral;1;3;;;;;1
20/05/2019;19:28:00;305;sem vítima;747,183;BR-163/MT;Sul;Colisão Transversal;2;2;;;;;1
21/05/2019;00:21:00;15;sem vítima;439,447;BR-364/MT;Sul;Atropelamento de Animal;1;2;;;;;1
21/05/2019;12:00:00;166;sem vítima;347,551;BR-364/MT;Norte;Colisão Traseira;1;1;;;;;1
21/05/2019;13:21:00;180;sem vítima;261,819;BR-364/MT;Norte;Tombamento;1;1;;;;;1
21/05/2019;21:58:00;305;com vítima;592,435;BR-163/MT;Sul;Colisão Frontal;1;1;1;;;;1
22/05/2019;06:25:00;27;sem vítima;736,335;BR-163/MT;Norte;Engavetamento;2;3;;;;;1
22/05/2019;08:06:00;66;sem vítima;646,151;BR-163/MT;Norte;Colisão Traseira;2;2;;;;;1
22/05/2019;11:13:00;136;sem vítima;504,932;BR-364/MT;Norte;Saida de Pista;1;1;;;;;1
22/05/2019;14:42:00;192;sem vítima;579,326;BR-364/MT;Sul;Colisão Traseira;2;2;;;;;1
22/05/2019;16:41:00;224;sem vítima;516,886;BR-070/MT;Sul;Colisão Traseira;2;2;;;;;1
22/05/2019;20:02:00;275;com vítima;820,893;BR-163/MT;Sul;Tombamento;1;0;1;;;;1
23/05/2019;11:16:00;174;sem vítima;206,019;BR-364/MT;Sul;Colisão Lateral;1;5;;;;;1
23/05/2019;16:36:00;262;sem vítima;580,917;BR-364/MT;Sul;Tombamento;1;1;;;;;1
23/05/2019;20:18:00;319;sem vítima;649,381;BR-163/MT;Norte;Colisão Lateral;2;2;;;;;1
23/05/2019;21:30:00;331;sem vítima;601,982;BR-163/MT;Norte;Colisão Traseira;2;2;;;;;1
24/05/2019;03:35:00;21;com vítima;439,879;BR-364/MT;Norte;Saida de Pista;1;0;;1;;;2
24/05/2019;04:47:00;29;com vítima;337,343;BR-364/MT;Sul;Tombamento;1;0;1;;;;1
24/05/2019;08:31:00;99;com vítima;259,302;BR-364/MT;Norte;Colisão Transversal;1;2;1;;;;1
24/05/2019;12:23:00;194;com vítima;669,867;BR-163/MT;Norte;Colisão Traseira;2;1;;1;;;2
24/05/2019;16:16:00;264;sem vítima;666,361;BR-163/MT;Norte;Colisão Traseira;1;2;;;;;1
24/05/2019;17:52:00;288;sem vítima;400,658;BR-364/MT;Norte;Colisão Transversal;1;2;;;;;1
25/05/2019;16:14:00;192;sem vítima;297,168;BR-364/MT;Norte;Engavetamento;3;4;;;;;1
25/05/2019;17:59:00;205;sem vítima;343,065;BR-364/MT;Norte;Engavetamento;4;4;;;;;1
26/05/2019;06:00:00;32;sem vítima;821,359;BR-163/MT;Sul;Colisão Traseira;1;2;;;;;1
26/05/2019;19:01:00;252;sem vítima;91,039;BR-163/MT;Norte;Colisão Traseira;2;2;;;;;1
28/05/2019;16:17:00;252;sem vítima;330,346;BR-364/MT;Sul;Saida de Pista;1;1;;;;;1
28/05/2019;18:28:00;283;sem vítima;659,212;BR-163/MT;Norte;Colisão Lateral;1;2;;;;;1
28/05/2019;19:00:00;292;com vítima;462,625;BR-364/MT;Norte;Colisão Frontal;1;1;;;1;1;3
29/05/2019;11:55:00;173;sem vítima;348,871;BR-364/MT;Sul;Choque - Veiculo parado na pista;2;2;;;;;1
29/05/2019;17:16:00;270;sem vítima;826,185;BR-163/MT;Sul;Colisão Transversal;2;2;;;;;1
31/05/2019;07:12:00;50;sem vítima;350,578;BR-364/MT;Norte;Tombamento;1;2;;;;;1
31/05/2019;09:15:00;101;sem vítima;276,869;BR-364/MT;Sul;Tombamento;1;1;;;;;1
26/05/2019;19:01:00;252;sem vítima;91,039;BR-163/MT;Norte;Colisão Traseira;2;2;;;;;1
28/05/2019;16:17:00;252;sem vítima;330,346;BR-364/MT;Sul;Saida de Pista;1;1;;;;;1
28/05/2019;18:28:00;283;sem vítima;659,212;BR-163/MT;Norte;Colisão Lateral;1;2;;;;;1
28/05/2019;19:00:00;292;com vítima;462,625;BR-364/MT;Norte;Colisão Frontal;1;1;;;1;1;3
29/05/2019;11:55:00;173;sem vítima;348,871;BR-364/MT;Sul;Choque - Veiculo parado na pista;2;2;;;;;1
29/05/2019;17:16:00;270;sem vítima;826,185;BR-163/MT;Sul;Colisão Transversal;2;2;;;;;1
31/05/2019;07:12:00;50;sem vítima;350,578;BR-364/MT;Norte;Tombamento;1;2;;;;;1
31/05/2019;09:11:00;99;sem vítima;766,7;BR-163/MT;Sul;;1;1;;;;;1
31/05/2019;09:15:00;101;sem vítima;276,869;BR-364/MT;Sul;Tombamento;1;1;;;;;1
01/06/2019;08:13:00;74;com vítima;579,575;BR-364/MT;Norte;Colisão Traseira;2;1;;;1;;2
01/06/2019;10:32:00;114;sem vítima;2,607;BR-163/MT;Norte;Saida de Pista;1;1;;;;;1
01/06/2019;12:10:00;147;sem vítima;690,771;BR-163/MT;Norte;Colisão Lateral;1;2;;;;;1
01/06/2019;16:56:00;220;sem vítima;205,545;BR-364/MT;Sul;Colisão Traseira;2;2;;;;;1
01/06/2019;17:51:00;233;com vítima;261,854;BR-364/MT;Norte;Tombamento;1;0;;1;;;2
02/06/2019;16:53:00;181;sem vítima;505,058;BR-364/MT;Norte;Tombamento;1;1;;;;;1
04/06/2019;00:48:00;8;sem vítima;442,581;BR-364/MT;Norte;Tombamento;1;2;;;;;1
04/06/2019;05:25:00;32;sem vítima;65,661;BR-163/MT;Sul;Tombamento;1;1;;;;;1
04/06/2019;06:14:00;36;sem vítima;579,57;BR-364/MT;Sul;Colisão Traseira;1;4;;;;;1
04/06/2019;15:19:00;215;sem vítima;621,562;BR-163/MT;Sul;Colisão Traseira;2;2;;;;;1
05/06/2019;07:48:00;56;sem vítima;271,975;BR-364/MT;Sul;Colisão Lateral;2;2;;;;;1
05/06/2019;08:55:00;92;sem vítima;440,64;BR-364/MT;Sul;Engavetamento;1;8;;;;;1
05/06/2019;13:59:00;193;sem vítima;511,725;BR-070/MT;Sul;Colisão Traseira;2;2;;;;;1
05/06/2019;17:11:00;255;sem vítima;633,083;BR-163/MT;Norte;Colisão Traseira;1;2;;;;;1
06/06/2019;13:39:00;185;sem vítima;517,814;BR-364/MT;Norte;Colisão Traseira;2;2;;;;;1
07/06/2019;04:32:00;30;sem vítima;458,559;BR-364/MT;Sul;Choque - Defensa, barreira ou "submarino";1;1;;;;;1
07/06/2019;16:06:00;255;sem vítima;494,202;BR-364/MT;Sul;Engavetamento;2;6;;;;;1
07/06/2019;22:07:00;336;com vítima;350,438;BR-364/MT;Norte;Tombamento;1;0;;1;;;2
08/06/2019;09:58:00;104;com vítima;845,546;BR-163/MT;Sul;Colisão Lateral;1;5;1;;;;1
08/06/2019;10:37:00;115;sem vítima;494,218;BR-364/MT;Sul;Colisão Transversal;1;3;;;;;1
09/06/2019;14:14:00;154;com vítima;276,071;BR-364/MT;Norte;Queda de Moto;1;1;1;;;1;3
10/06/2019;11:07:00;159;sem vítima;834,339;BR-163/MT;Norte;Colisão Traseira;2;3;;;;;1
10/06/2019;15:13:00;232;sem vítima;618,316;BR-163/MT;Norte;Colisão Lateral;1;3;;;;;1
10/06/2019;16:37:00;254;com vítima;595,803;BR-163/MT;Norte;Saida de Pista;1;0;;1;;;2
11/06/2019;07:49:00;61;sem vítima;261,822;BR-364/MT;Norte;Tombamento;1;1;;;;;1
11/06/2019;17:14:00;272;com vítima;349,698;BR-364/MT;Norte;Capotamento;1;0;;;;1;3
12/06/2019;09:45:00;145;sem vítima;400,459;BR-364/MT;Norte;Colisão Lateral;1;2;;;;;1
12/06/2019;14:36:00;259;sem vítima;281,157;BR-364/MT;Sul;Colisão Traseira;2;2;;;;;1
12/06/2019;15:03:00;273;sem vítima;383,561;BR-364/MT;Sul;Saida de Pista;1;1;;;;;1
13/06/2019;04:36:00;38;com vítima;780,53;BR-163/MT;Sul;Colisão Traseira;2;1;;1;;;2
13/06/2019;04:40:00;39;sem vítima;748,243;BR-163/MT;Sul;Tombamento;1;2;;;;;1
13/06/2019;09:27:00;137;com vítima;522,762;BR-070/MT;Sul;Colisão Transversal;1;1;1;1;;;2
13/06/2019;10:22:00;160;sem vítima;236,5;BR-364/MT;Norte;Colisão Lateral;1;2;;;;;1
13/06/2019;14:02:00;221;sem vítima;534,812;BR-364/MT;Sul;Choque - Veiculo parado no acostamento;1;4;;;;;1
13/06/2019;21:08:00;360;sem vítima;22,881;BR-163/MT;Sul;Tombamento;1;1;;;;;1
14/06/2019;05:19:00;38;com vítima;261,809;BR-364/MT;Norte;Tombamento;1;0;1;;;;1
14/06/2019;07:10:00;49;sem vítima;665,554;BR-163/MT;Norte;Colisão Traseira;3;4;;;;;1
14/06/2019;11:07:00;144;sem vítima;750,089;BR-163/MT;Sul;Engavetamento;1;4;;;;;1
14/06/2019;15:42:00;228;sem vítima;741,164;BR-163/MT;Sul;Colisão Traseira;2;4;;;;;1
14/06/2019;19:31:00;289;sem vítima;521,451;BR-070/MT;Norte;Colisão Traseira;2;3;;;;;1
15/06/2019;08:11:00;81;sem vítima;530,013;BR-163/MT;Norte;Tombamento;1;1;;;;;1
15/06/2019;13:18:00;172;sem vítima;475,283;BR-364/MT;Sul;Colisão Lateral;3;4;;;;;1
15/06/2019;13:44:00;179;com vítima;336,217;BR-364/MT;Norte;Colisão Traseira;1;1;;;1;;2
15/06/2019;14:34:00;199;sem vítima;786,523;BR-163/MT;Norte;Colisão Traseira;1;5;;;;;1
15/06/2019;16:50:00;236;com vítima;254,674;BR-364/MT;Sul;Colisão Lateral;1;2;;;;1;3
15/06/2019;23:41:00;315;com vítima;217,612;BR-364/MT;Sul;Colisão Traseira;2;2;;;;1;3
16/06/2019;09:21:00;90;sem vítima;593,466;BR-163/MT;Sul;Colisão Lateral;2;2;;;;;1
16/06/2019;09:50:00;97;sem vítima;383,233;BR-364/MT;Sul;Choque - Veiculo parado na pista;2;3;;;;;1
16/06/2019;13:53:00;150;com vítima;610,863;BR-163/MT;Norte;Colisão Lateral;1;1;1;;;;1
16/06/2019;14:49:00;161;com vítima;281,293;BR-364/MT;Norte;Colisão Traseira;1;1;2;;;;1
16/06/2019;18:23:00;219;sem vítima;523,832;BR-364/MT;Sul;Colisão Lateral;2;2;;;;;1
16/06/2019;18:36:00;231;sem vítima;94,625;BR-163/MT;Norte;Atropelamento de Animal;1;3;;;;;1
16/06/2019;20:43:00;268;com vítima;839,32;BR-163/MT;Sul;Colisão Transversal;1;1;;;;1;3
16/06/2019;22:22:00;282;sem vítima;553,914;BR-163/MT;Norte;Tombamento;1;1;;;;;1
17/06/2019;02:08:00;13;sem vítima;704,591;BR-163/MT;Norte;Tombamento;1;1;;;;;1
17/06/2019;16:49:00;257;com vítima;88,302;BR-163/MT;Norte;Tombamento;1;0;1;;;;1
18/06/2019;07:19:00;56;sem vítima;243,207;BR-364/MT;Norte;Saida de Pista;1;5;;;;;1
18/06/2019;09:54:00;134;com vítima;829,546;BR-163/MT;Sul;Saida de Pista;1;0;1;;;;1
18/06/2019;13:59:00;215;sem vítima;270,168;BR-364/MT;Sul;Colisão Lateral;1;4;;;;;1
18/06/2019;15:08:00;240;sem vítima;583,721;BR-163/MT;Norte;Tombamento;2;2;;;;;1
18/06/2019;15:23:00;248;sem vítima;752,402;BR-163/MT;Sul;Colisão Lateral;1;2;;;;;1
18/06/2019;17:00:00;285;sem vítima;261,663;BR-364/MT;Norte;Tombamento;1;1;;;;;1
18/06/2019;19:20:00;328;com vítima;271,553;BR-364/MT;Sul;Colisão Traseira;1;1;;1;;;2
18/06/2019;20:52:00;349;sem vítima;96,535;BR-163/MT;Sul;Choque - Veiculo parado na pista;1;4;;;;;1
19/06/2019;05:09:00;39;sem vítima;443,688;BR-364/MT;Norte;Colisão Lateral;1;3;;;;;1
19/06/2019;09:25:00;129;sem vítima;649,411;BR-163/MT;Sul;Colisão Traseira;2;2;;;;;1
19/06/2019;12:45:00;196;sem vítima;347,125;BR-364/MT;Norte;Colisão Traseira;1;2;;;;;1
19/06/2019;14:56:00;235;sem vítima;362,211;BR-364/MT;Sul;Colisão Traseira;2;2;;;;;1
19/06/2019;15:52:00;256;sem vítima;553,036;BR-163/MT;Sul;Engavetamento;2;10;;;;;1
19/06/2019;16:46:00;273;sem vítima;531,552;BR-163/MT;Sul;Saida de Pista;1;1;;;;;1
19/06/2019;19:14:00;309;sem vítima;538,564;BR-163/MT;Sul;Tombamento;1;1;;;;;1
19/06/2019;19:31:00;318;sem vítima;267,31;BR-364/MT;Sul;Colisão Lateral;1;2;;;;;1
19/06/2019;19:47:00;324;com vítima;774,533;BR-163/MT;Norte;Colisão Traseira;1;2;2;;;;1
20/06/2019;12:28:00;163;com vítima;826,301;BR-163/MT;Sul;Choque - Veiculo parado na pista;2;1;1;;;;1
20/06/2019;15:40:00;222;sem vítima;493,487;BR-364/MT;Norte;Colisão Traseira;2;2;;;;;1
20/06/2019;15:42:00;225;sem vítima;559,982;BR-163/MT;Sul;Engavetamento;5;7;;;;;1
21/06/2019;14:00:00;173;sem vítima;838,77;BR-163/MT;Sul;Colisão Lateral;1;2;;;;;1
22/06/2019;09:09:00;92;com vítima;581,75;BR-163/MT;Sul;Tombamento;1;0;1;;;;1
22/06/2019;15:44:00;208;sem vítima;557,63;BR-163/MT;Sul;Colisão Lateral;1;3;;;;;1
23/06/2019;05:41:00;33;com vítima;349,612;BR-364/MT;Norte;Tombamento;1;0;;;;1;3
23/06/2019;09:54:00;95;sem vítima;273,761;BR-364/MT;Sul;Colisão Transversal;1;4;;;;;1
23/06/2019;21:44:00;300;com vítima;299,843;BR-364/MT;Norte;Colisão Traseira;1;2;1;;;;1
23/06/2019;21:46:00;301;sem vítima;207,798;BR-364/MT;Norte;Colisão Lateral;1;2;;;;;1
24/06/2019;10:51:00;168;com vítima;691,719;BR-163/MT;Sul;Colisão Frontal;1;1;;;;1;3
24/06/2019;13:51:00;204;sem vítima;401,198;BR-364/MT;Sul;Engavetamento;2;3;;;;;1
24/06/2019;14:10:00;213;com vítima;53,269;BR-163/MT;Sul;Tombamento;1;0;1;;;;1
24/06/2019;15:37:00;236;sem vítima;841,637;BR-163/MT;Sul;Colisão Traseira;1;2;;;;;1
25/06/2019;15:29:00;232;sem vítima;119,778;BR-163/MT;Sul;Tombamento;1;1;;;;;1
26/06/2019;08:18:00;79;sem vítima;523,923;BR-070/MT;Norte;Colisão Traseira;2;2;;;;;1
26/06/2019;12:05:00;181;com vítima;654,292;BR-163/MT;Norte;Colisão Frontal;2;0;1;1;1;;2
26/06/2019;14:31:00;221;sem vítima;654,3;BR-163/MT;Norte;Choque - Outros;1;3;;;;;1
26/06/2019;16:15:00;266;com vítima;685,76;BR-163/MT;Norte;Colisão Frontal;3;2;;;1;;2
26/06/2019;16:31:00;274;sem vítima;479,1;BR-364/MT;Norte;Colisão Lateral;1;3;;;;;1
26/06/2019;23:34:00;352;sem vítima;537,477;BR-364/MT;Sul;Colisão Traseira;1;2;;;;;1
27/06/2019;07:13:00;56;sem vítima;583,469;BR-163/MT;Sul;Saida de Pista;1;1;;;;;1
27/06/2019;08:33:00;103;com vítima;571,785;BR-163/MT;Sul;Capotamento;1;0;1;;;;1
27/06/2019;13:32:00;200;com vítima;112,53;BR-163/MT;Sul;Colisão Traseira;1;2;2;;;;1
27/06/2019;14:09:00;215;sem vítima;402,232;BR-364/MT;Sul;Engavetamento;1;3;;;;;1
27/06/2019;15:46:00;257;com vítima;557,5;BR-364/MT;Sul;Colisão Transversal;1;1;1;;;;1
27/06/2019;16:08:00;261;com vítima;828,82;BR-163/MT;Norte;Colisão Traseira;1;1;1;;;;1
27/06/2019;16:53:00;270;sem vítima;523,634;BR-070/MT;Sul;Colisão Traseira;2;2;;;;;1
28/06/2019;12:50:00;196;com vítima;595,087;BR-163/MT;Norte;Atropelamento - Usuário;2;2;;;;1;3
28/06/2019;15:50:00;252;sem vítima;568,061;BR-163/MT;Norte;Colisão Traseira;2;2;;;;;1
28/06/2019;21:05:00;339;sem vítima;275,987;BR-364/MT;Sul;Colisão Traseira;1;2;;;;;1
29/06/2019;06:48:00;51;sem vítima;556,341;BR-163/MT;Norte;Tombamento;1;1;;;;;1
29/06/2019;13:05:00;155;com vítima;207,884;BR-364/MT;Norte;Tombamento;1;0;1;;;;1
29/06/2019;17:33:00;216;com vítima;695,016;BR-163/MT;Norte;Colisão Lateral;1;3;1;;;;1
29/06/2019;18:38:00;227;sem vítima;600,248;BR-163/MT;Norte;Colisão Transversal;1;2;;;;;1
30/06/2019;02:28:00;18;com vítima;581,327;BR-364/MT;Sul;Tombamento;1;0;1;;;;1
30/06/2019;09:35:00;66;sem vítima;349,327;BR-364/MT;Norte;Tombamento;2;2;;;;;1
30/06/2019;14:18:00;127;com vítima;297,231;BR-364/MT;Norte;Colisão Traseira;2;1;1;;;;1
01/07/2019;06:02:00;75;sem vítima;391,43;BR-364/MT;Norte;Tombamento;1;1;;;;;1
01/07/2019;07:43:00;111;sem vítima;772,737;BR-163/MT;Norte;Choque - Poste;1;1;;;;;1
01/07/2019;08:59:00;158;com vítima;515,207;BR-070/MT;Sul;Colisão Transversal;1;1;1;;;;1
01/07/2019;11:55:00;226;sem vítima;517,822;BR-070/MT;Norte;Colisão Traseira;2;2;;;;;1
01/07/2019;12:15:00;229;sem vítima;786,628;BR-163/MT;Norte;Choque - Veiculo parado na pista;2;2;;;;;1
01/07/2019;12:54:00;236;sem vítima;346,541;BR-364/MT;Norte;Colisão Traseira;2;2;;;;;1
01/07/2019;19:43:00;351;com vítima;543,92;BR-364/MT;Norte;Colisão Transversal;1;1;2;1;;1;3
04/07/2019;03:43:00;21;sem vítima;807,196;BR-163/MT;Sul;Saida de Pista;1;2;;;;;1
04/07/2019;08:30:00;78;sem vítima;747,455;BR-163/MT;Norte;Choque - Poste;1;1;;;;;1
04/07/2019;17:00:00;240;sem vítima;579,1;BR-364/MT;Sul;Choque - Defensa, barreira ou "submarino";1;1;;;;;1
04/07/2019;18:57:00;273;sem vítima;366,678;BR-364/MT;Norte;Capotamento;1;2;;;;;1
05/07/2019;09:51:00;117;sem vítima;439,848;BR-364/MT;Sul;Saida de Pista;1;1;;;;;1
05/07/2019;10:34:00;136;sem vítima;522,326;BR-070/MT;Norte;Colisão Transversal;1;2;;;;;1
05/07/2019;10:40:00;139;sem vítima;842,9;BR-163/MT;Sul;Tombamento;1;1;;;;;1
05/07/2019;14:14:00;204;sem vítima;510,994;BR-070/MT;Norte;Colisão Traseira;2;2;;;;;1
05/07/2019;15:14:00;224;sem vítima;276,934;BR-364/MT;Sul;Tombamento;1;1;;;;;1
05/07/2019;16:20:00;238;com vítima;521,907;BR-070/MT;Sul;Atropelamento - Ciclista;1;1;1;;;;1
05/07/2019;21:05:00;304;sem vítima;309,011;BR-364/MT;Norte;Tombamento;1;1;;;;;1
06/07/2019;06:33:00;42;sem vítima;579,16;BR-364/MT;Sul;Colisão Traseira;2;2;;;;;1
06/07/2019;12:01:00;155;sem vítima;364,616;BR-364/MT;Sul;Colisão Lateral;1;2;;;;;1
07/07/2019;12:14:00;108;sem vítima;276,516;BR-364/MT;Norte;Colisão Traseira;1;4;;;;;1
07/07/2019;15:26:00;150;com vítima;209,375;BR-364/MT;Sul;Tombamento;1;0;1;;;;1
08/07/2019;09:06:00;99;com vítima;350,213;BR-364/MT;Norte;Colisão Traseira;3;4;1;;;;1
08/07/2019;18:02:00;253;sem vítima;598,247;BR-163/MT;Norte;Engavetamento;1;3;;;;;1
08/07/2019;18:14:00;256;sem vítima;691,029;BR-163/MT;Sul;Colisão Transversal;1;2;;;;;1
09/07/2019;08:59:00;82;sem vítima;309,657;BR-364/MT;Norte;Colisão Lateral;3;3;;;;;1
09/07/2019;10:40:00;114;sem vítima;827,103;BR-163/MT;Norte;Colisão Transversal;2;2;;;;;1
09/07/2019;12:47:00;154;com vítima;546,589;BR-163/MT;Sul;Colisão Lateral;1;2;1;;;;1
09/07/2019;13:30:00;165;sem vítima;383,204;BR-364/MT;Sul;Colisão Traseira;1;2;;;;;1
09/07/2019;17:47:00;248;sem vítima;205,9;BR-364/MT;Sul;Choque - Defensa, barreira ou "submarino";1;1;;;;;1
09/07/2019;18:13:00;259;com vítima;686,472;BR-163/MT;Norte;Colisão Lateral;1;2;1;;;;1
10/07/2019;07:34:00;63;sem vítima;510,919;BR-070/MT;Norte;Colisão Traseira;2;2;;;;;1
10/07/2019;09:33:00;119;sem vítima;622,736;BR-163/MT;Norte;Engavetamento;2;8;;;;;1
10/07/2019;10:43:00;152;sem vítima;664,45;BR-163/MT;Sul;Colisão Traseira;2;2;;;;;1
10/07/2019;11:11:00;160;com vítima;501,032;BR-070/MT;Norte;Colisão Traseira;1;2;1;;;;1
10/07/2019;15:36:00;244;sem vítima;829,159;BR-163/MT;Norte;Colisão Traseira;1;3;;;;;1
10/07/2019;18:23:00;302;com vítima;214,4;BR-364/MT;Norte;Choque - Veiculo parado na pista;1;0;7;;;;1
10/07/2019;22:37:00;357;sem vítima;534,166;BR-364/MT;Norte;Colisão Traseira;1;3;;;;;1
11/07/2019;07:19:00;64;com vítima;838,138;BR-163/MT;Norte;Colisão Transversal;1;1;1;;;;1
11/07/2019;08:23:00;92;sem vítima;520;BR-070/MT;Sul;Engavetamento;1;3;;;;;1
11/07/2019;09:24:00;125;sem vítima;347,91;BR-364/MT;Norte;Colisão Traseira;1;4;;;;;1
11/07/2019;09:38:00;136;sem vítima;435,2;BR-364/MT;Sul;Colisão Lateral;1;2;;;;;1
11/07/2019;09:41:00;139;sem vítima;523,69;BR-070/MT;Sul;Colisão Traseira;2;2;;;;;1
11/07/2019;10:41:00;168;sem vítima;533,965;BR-364/MT;Norte;Saida de Pista;1;1;;;;;1
11/07/2019;11:28:00;186;sem vítima;625,842;BR-163/MT;Sul;Colisão Traseira;2;2;;;;;1
11/07/2019;12:23:00;209;com vítima;818,186;BR-163/MT;Norte;Colisão Traseira;2;1;;;;1;3
11/07/2019;12:59:00;220;sem vítima;854,175;BR-163/MT;Norte;Colisão Transversal;2;2;;;;;1
12/07/2019;06:49:00;36;com vítima;201,099;BR-364/MT;Sul;Queda de Moto;1;1;2;;;;1
12/07/2019;09:05:00;98;com vítima;33,632;BR-163/MT;Sul;Choque - Defensa, barreira ou "submarino";1;0;1;;;;1
12/07/2019;15:55:00;225;sem vítima;118,733;BR-163/MT;Sul;Colisão Lateral;1;2;;;;;1
12/07/2019;17:54:00;261;sem vítima;435,787;BR-364/MT;Norte;Colisão Transversal;1;3;;;;;1
13/07/2019;08:31:00;81;com vítima;666,862;BR-163/MT;Sul;Colisão Frontal;1;3;11;1;;;2
13/07/2019;17:13:00;254;sem vítima;750,201;BR-163/MT;Sul;Choque - Veiculo parado na pista;2;2;;;;;1
14/07/2019;20:16:00;298;com vítima;842,158;BR-163/MT;Sul;Colisão Lateral;1;1;2;;;;1
15/07/2019;09:41:00;107;sem vítima;348,879;BR-364/MT;Sul;Saida de Pista;1;1;;;;;1
15/07/2019;11:22:00;151;sem vítima;606,207;BR-163/MT;Sul;Tombamento;1;1;;;;;1
15/07/2019;17:44:00;255;sem vítima;254,852;BR-364/MT;Sul;Tombamento;1;1;;;;;1
16/07/2019;09:58:00;111;sem vítima;629,354;BR-163/MT;Norte;Engavetamento;1;7;;;;;1
16/07/2019;11:39:00;143;com vítima;349,702;BR-364/MT;Norte;Colisão Lateral;2;4;1;2;;;2
16/07/2019;15:44:00;201;sem vítima;577,639;BR-163/MT;Norte;Colisão Traseira;1;2;;;;;1
16/07/2019;18:08:00;242;sem vítima;349,404;BR-364/MT;Norte;Saida de Pista;1;1;;;;;1
16/07/2019;19:28:00;267;sem vítima;97,509;BR-163/MT;Sul;Colisão Lateral;1;3;;;;;1
17/07/2019;06:22:00;34;sem vítima;312,459;BR-364/MT;Sul;Tombamento;1;1;;;;;1
17/07/2019;12:00:00;167;sem vítima;437,97;BR-364/MT;Sul;Colisão Traseira;2;2;;;;;1
18/07/2019;15:31:00;258;sem vítima;519,86;BR-070/MT;Sul;Colisão Traseira;1;3;;;;;1
18/07/2019;17:12:00;285;sem vítima;848,966;BR-163/MT;Norte;Colisão Lateral;1;2;;;;;1
18/07/2019;18:25:00;312;sem vítima;494,541;BR-364/MT;Norte;Colisão Traseira;2;3;;;;;1
18/07/2019;20:24:00;341;com vítima;293,321;BR-364/MT;Norte;Colisão Frontal;2;1;;1;;;2
18/07/2019;22:00:00;360;sem vítima;291,934;BR-364/MT;Norte;Colisão Traseira;1;5;;;;;1