data;horario;n_da_ocorrencia;tipo_de_ocorrencia;km;trecho;sentido;tipo_de_acidente;caminhao;ilesos;levemente_feridos;moderadamente_feridos;gravemente_feridos;mortos;3
19/07/2019;07:41:00;67;com vítima;350,265;BR-364/MT;Norte;Colisão Traseira;3;2;1;;;;1
19/07/2019;08:23:00;87;sem vítima;204,344;BR-364/MT;Norte;Colisão Lateral;1;2;;;;;1
19/07/2019;09:21:00;116;sem vítima;204,632;BR-364/MT;Norte;Colisão Traseira;2;2;;;;;1
19/07/2019;13:21:00;204;sem vítima;349,511;BR-364/MT;Norte;Saida de Pista;1;1;;;;;1
19/07/2019;20:56:00;335;sem vítima;329,992;BR-364/MT;Norte;Saida de Pista;1;1;;;;;1
22/07/2019;17:03:00;301;com vítima;220,116;BR-364/MT;Norte;Colisão Traseira;1;0;6;;;;1
23/07/2019;07:58:00;71;sem vítima;755,974;BR-163/MT;Norte;Colisão Traseira;2;2;;;;;1
23/07/2019;10:31:00;133;sem vítima;786,692;BR-163/MT;Norte;Colisão Traseira;2;2;;;;;1
23/07/2019;11:24:00;153;sem vítima;119,707;BR-163/MT;Norte;Colisão Lateral;1;2;;;;;1
23/07/2019;11:56:00;163;sem vítima;509,322;BR-364/MT;Sul;Tombamento;1;1;;;;;1
23/07/2019;15:54:00;238;sem vítima;511,316;BR-070/MT;Norte;Colisão Traseira;1;3;;;;;1
24/07/2019;01:16:00;10;sem vítima;348,538;BR-364/MT;Norte;Tombamento;1;1;;;;;1
24/07/2019;07:04:00;40;sem vítima;831,619;BR-163/MT;Sul;Tombamento;2;2;;;;;1
24/07/2019;15:54:00;238;com vítima;813,465;BR-163/MT;Sul;Colisão Transversal;1;1;;1;;;2
24/07/2019;19:33:00;301;sem vítima;51,585;BR-163/MT;Sul;Tombamento;1;1;;;;;1
25/07/2019;00:18:00;2;sem vítima;342,924;BR-364/MT;Sul;Tombamento;1;1;;;;;1
25/07/2019;09:30:00;106;sem vítima;541,821;BR-163/MT;Sul;Colisão Traseira;2;3;;;;;1
25/07/2019;10:10:00;123;sem vítima;750,872;BR-163/MT;Norte;Saida de Pista;1;2;;;;;1
25/07/2019;14:10:00;195;com vítima;636,402;BR-163/MT;Sul;Capotamento;1;0;1;;;;1
25/07/2019;14:59:00;203;com vítima;263,567;BR-364/MT;Norte;Colisão Traseira;1;1;1;;;;1
25/07/2019;16:51:00;234;sem vítima;686,919;BR-163/MT;Norte;Colisão Transversal;1;2;;;;;1
25/07/2019;17:32:00;248;sem vítima;810,148;BR-163/MT;Sul;Saida de Pista;1;1;;;;;1
25/07/2019;19:21:00;272;sem vítima;514,046;BR-070/MT;Sul;Colisão Traseira;2;3;;;;;1
26/07/2019;05:54:00;41;sem vítima;398,275;BR-364/MT;Norte;Colisão Traseira;2;2;;;;;1
26/07/2019;06:59:00;51;sem vítima;398,956;BR-364/MT;Sul;Colisão Transversal;1;2;;;;;1
26/07/2019;07:26:00;61;com vítima;831,468;BR-163/MT;Norte;Colisão Transversal;1;1;1;;;;1
26/07/2019;08:12:00;88;sem vítima;65,055;BR-163/MT;Sul;Tombamento;1;1;;;;;1
26/07/2019;16:05:00;234;sem vítima;571,342;BR-163/MT;Norte;Colisão Traseira;2;2;;;;;1
26/07/2019;18:15:00;272;sem vítima;240,675;BR-364/MT;Sul;Colisão Traseira;2;4;;;;;1
26/07/2019;19:15:00;290;sem vítima;574,949;BR-163/MT;Sul;Colisão Traseira;2;2;;;;;1
27/07/2019;20:16:00;272;com vítima;841,408;BR-163/MT;Sul;Colisão Transversal;1;1;;;1;;2
28/07/2019;08:20:00;63;sem vítima;511,308;BR-070/MT;Norte;Colisão Traseira;2;2;;;;;1
28/07/2019;14:59:00;156;sem vítima;382,257;BR-364/MT;Sul;Colisão Transversal;1;4;;;;;1
28/07/2019;16:57:00;180;sem vítima;278,182;BR-364/MT;Norte;Colisão Traseira;2;3;;;;;1
28/07/2019;17:51:00;195;com vítima;515,205;BR-070/MT;Norte;Colisão Transversal;2;2;;1;;;2
28/07/2019;18:16:00;203;com vítima;262,547;BR-364/MT;Sul;Atropelamento - Andarilho;2;5;;;1;1;3
28/07/2019;19:20:00;219;com vítima;843,475;BR-163/MT;Norte;Colisão Lateral;1;3;1;;;;1
29/07/2019;12:22:00;188;com vítima;97,224;BR-163/MT;Sul;Tombamento;1;0;;1;;;2
29/07/2019;15:34:00;241;com vítima;355,568;BR-364/MT;Norte;Saida de Pista;1;0;1;;;;1
29/07/2019;17:19:00;288;sem vítima;829,126;BR-163/MT;Norte;Colisão Traseira;2;2;;;;;1
30/07/2019;07:06:00;54;com vítima;844,564;BR-163/MT;Norte;Colisão Traseira;1;4;;1;;;2
30/07/2019;10:45:00;161;sem vítima;541,426;BR-364/MT;Sul;Colisão Frontal;1;5;;;;;1
30/07/2019;12:08:00;185;sem vítima;499,224;BR-364/MT;Norte;Colisão Traseira;1;2;;;;;1
30/07/2019;12:59:00;195;sem vítima;593,788;BR-163/MT;Norte;Colisão Lateral;1;2;;;;;1
30/07/2019;22:25:00;349;com vítima;540,691;BR-163/MT;Sul;Colisão Transversal;1;0;26;5;1;4;3
31/07/2019;12:55:00;168;sem vítima;119,825;BR-163/MT;Norte;Colisão Lateral;1;2;;;;;1
31/07/2019;14:31:00;198;sem vítima;507,442;BR-364/MT;Norte;Choque - Veiculo parado no acostamento;2;2;;;;;1
01/08/2019;09:55:00;118;sem vítima;513,964;BR-070/MT;Norte;Colisão Traseira;2;2;;;;;1
01/08/2019;10:58:00;151;com vítima;566,856;BR-163/MT;Sul;Colisão Transversal;1;1;2;;;;1
01/08/2019;21:22:00;326;sem vítima;542,919;BR-163/MT;Norte;Choque - Outros;1;7;;;;;1
02/08/2019;13:18:00;219;sem vítima;836,393;BR-163/MT;Norte;Colisão Transversal;1;2;;;;;1
02/08/2019;16:08:00;272;sem vítima;110,691;BR-163/MT;Sul;Choque - Outros;1;1;;;;;1
02/08/2019;16:08:00;273;sem vítima;272,393;BR-364/MT;Sul;Colisão Lateral;1;5;;;;;1
02/08/2019;20:51:00;348;sem vítima;203,914;BR-364/MT;Sul;Tombamento;1;1;;;;;1
02/08/2019;21:57:00;362;com vítima;202,215;BR-364/MT;Norte;Colisão Lateral;1;3;1;;;;1
03/08/2019;08:27:00;99;com vítima;644,094;BR-163/MT;Sul;Colisão Lateral;4;2;;1;;2;3
03/08/2019;12:46:00;181;sem vítima;399,748;BR-364/MT;Sul;Colisão Lateral;1;6;;;;;1
03/08/2019;17:21:00;260;com vítima;459,083;BR-364/MT;Sul;Colisão Lateral;1;1;;3;;;2
04/08/2019;15:04:00;136;sem vítima;586,9;BR-163/MT;Sul;Colisão Traseira;2;3;;;;;1
04/08/2019;15:29:00;143;sem vítima;664,45;BR-163/MT;Sul;Colisão Traseira;2;2;;;;;1
04/08/2019;16:51:00;172;sem vítima;575,209;BR-364/MT;Sul;Choque - Talude;1;1;;;;;1
05/08/2019;08:55:00;84;sem vítima;348,654;BR-364/MT;Sul;Tombamento;1;1;;;;;1
05/08/2019;15:13:00;217;com vítima;345,88;BR-364/MT;Norte;Colisão Traseira;2;1;;;;1;3
05/08/2019;15:19:00;218;com vítima;717,835;BR-163/MT;Norte;Colisão Traseira;2;2;1;;;;1
06/08/2019;05:52:00;42;sem vítima;502,908;BR-364/MT;Norte;Colisão Transversal;1;4;;;;;1
06/08/2019;06:39:00;47;com vítima;827,177;BR-163/MT;Norte;Colisão Transversal;1;1;2;;;;1
06/08/2019;19:24:00;267;sem vítima;394,464;BR-364/MT;Norte;Colisão Traseira;1;6;;;;;1
07/08/2019;10:15:00;151;com vítima;683,914;BR-163/MT;Sul;Colisão Traseira;2;1;1;2;1;;2
07/08/2019;13:01:00;210;com vítima;258,323;BR-364/MT;Norte;Colisão Transversal;1;1;2;;;;1
07/08/2019;13:24:00;218;sem vítima;646,7;BR-163/MT;Sul;Saida de Pista;1;1;;;;;1
07/08/2019;18:41:00;324;sem vítima;829,635;BR-163/MT;Sul;Tombamento;1;1;;;;;1
07/08/2019;18:56:00;328;sem vítima;266,95;BR-364/MT;Sul;Saida de Pista;1;1;;;;;1
07/08/2019;20:00:00;342;com vítima;273,316;BR-364/MT;Sul;Atropelamento - Ambulante;1;1;;;1;;2
08/08/2019;02:06:00;18;sem vítima;593,744;BR-163/MT;Norte;Choque - Outros;1;2;;;;;1
08/08/2019;07:23:00;66;sem vítima;397,643;BR-364/MT;Norte;Colisão Traseira;2;2;;;;;1
08/08/2019;11:09:00;165;sem vítima;475,565;BR-364/MT;Sul;Tombamento;1;1;;;;;1
08/08/2019;14:28:00;206;sem vítima;543,411;BR-163/MT;Norte;Saida de Pista;1;1;;;;;1
09/08/2019;09:52:00;125;sem vítima;539,6;BR-163/MT;Norte;Colisão Traseira;2;2;;;;;1
09/08/2019;11:39:00;155;sem vítima;203,88;BR-364/MT;Norte;Colisão Lateral;2;3;;;;;1
09/08/2019;11:42:00;158;sem vítima;736,345;BR-163/MT;Sul;Choque - Veiculo parado na pista;1;2;;;;;1
09/08/2019;12:12:00;165;sem vítima;728,807;BR-163/MT;Sul;Colisão Traseira;1;2;;;;;1
09/08/2019;13:13:00;189;com vítima;265,33;BR-364/MT;Norte;Colisão Transversal;1;1;1;;;;1
09/08/2019;17:13:00;264;sem vítima;338,026;BR-364/MT;Sul;Tombamento;1;1;;;;;1
09/08/2019;18:23:00;283;sem vítima;746,016;BR-163/MT;Norte;Colisão Transversal;1;2;;;;;1
09/08/2019;21:27:00;330;sem vítima;547,059;BR-364/MT;Norte;Colisão Traseira;1;2;;;;;1
09/08/2019;22:41:00;341;sem vítima;755,217;BR-163/MT;Sul;Colisão Traseira;2;4;;;;;1
10/08/2019;04:05:00;33;sem vítima;522,818;BR-364/MT;Sul;Tombamento;1;2;;;;;1
10/08/2019;05:54:00;41;sem vítima;579,138;BR-364/MT;Sul;Colisão Traseira;2;2;;;;;1
10/08/2019;10:07:00;128;sem vítima;514,015;BR-070/MT;Sul;Colisão Transversal;2;2;;;;;1
10/08/2019;11:02:00;152;sem vítima;513,716;BR-070/MT;Sul;Colisão Transversal;1;3;;;;;1
10/08/2019;14:26:00;210;com vítima;783,583;BR-163/MT;Norte;Colisão Lateral;1;1;2;;;;1
10/08/2019;14:27:00;211;sem vítima;265,155;BR-364/MT;Norte;Colisão Traseira;2;3;;;;;1
10/08/2019;19:41:00;296;sem vítima;495,271;BR-364/MT;Sul;Colisão Transversal;1;5;;;;;1
11/08/2019;01:45:00;26;com vítima;603,254;BR-163/MT;Norte;Colisão Lateral;1;16;1;;;;1
11/08/2019;05:42:00;43;com vítima;516,35;BR-070/MT;Norte;Choque - Veiculo parado no acostamento;1;1;1;;;;1
11/08/2019;13:47:00;162;sem vítima;548,678;BR-364/MT;Sul;Tombamento;1;2;;;;;1
11/08/2019;15:14:00;184;sem vítima;275,83;BR-364/MT;Sul;Tombamento;1;1;;;;;1
12/08/2019;09:25:00;107;com vítima;456,42;BR-364/MT;Sul;Colisão Frontal;1;0;1;;;4;3
12/08/2019;12:28:00;174;sem vítima;279,134;BR-364/MT;Sul;Colisão Lateral;1;5;;;;;1
12/08/2019;16:18:00;244;sem vítima;119,378;BR-163/MT;Norte;Colisão Lateral;1;2;;;;;1
12/08/2019;19:19:00;291;sem vítima;445,079;BR-364/MT;Sul;Tombamento;1;1;;;;;1
13/08/2019;05:29:00;31;com vítima;343,325;BR-364/MT;Norte;Saida de Pista;1;0;1;;;;1
13/08/2019;06:01:00;33;com vítima;716,911;BR-163/MT;Norte;Colisão Frontal;2;1;;;;1;3
15/08/2019;08:53:00;109;sem vítima;270,847;BR-364/MT;Sul;Colisão Traseira;1;5;;;;;1
15/08/2019;08:54:00;110;sem vítima;752,728;BR-163/MT;Sul;Colisão Lateral;1;2;;;;;1
15/08/2019;12:23:00;204;sem vítima;447,807;BR-364/MT;Norte;Colisão Lateral;1;4;;;;;1
15/08/2019;14:33:00;249;sem vítima;513,148;BR-364/MT;Sul;Colisão Traseira;2;2;;;;;1
15/08/2019;17:35:00;319;com vítima;839,7;BR-163/MT;Norte;Colisão Traseira;1;1;1;;;;1
15/08/2019;17:37:00;320;sem vítima;348,957;BR-364/MT;Norte;Colisão Traseira;2;2;;;;;1
15/08/2019;21:33:00;371;sem vítima;580,3;BR-364/MT;Norte;Colisão Traseira;2;3;;;;;1
16/08/2019;12:16:00;166;com vítima;662,563;BR-163/MT;Norte;Colisão Traseira;1;3;1;;;;1
17/08/2019;10:50:00;129;sem vítima;589,48;BR-163/MT;Sul;Colisão Traseira;1;2;;;;;1
18/08/2019;07:49:00;52;sem vítima;272,345;BR-364/MT;Sul;Colisão Traseira;2;2;;;;;1
18/08/2019;11:37:00;120;sem vítima;523,944;BR-070/MT;Norte;Colisão Traseira;2;2;;;;;1
18/08/2019;14:38:00;164;sem vítima;627,709;BR-163/MT;Sul;Colisão Lateral;3;3;;;;;1
18/08/2019;23:29:00;318;com vítima;458,692;BR-364/MT;Sul;Colisão Lateral;1;2;1;;;;1
19/08/2019;11:50:00;164;sem vítima;355,316;BR-364/MT;Norte;Choque - Defensa, barreira ou "submarino";1;1;;;;;1
19/08/2019;15:33:00;223;com vítima;399,781;BR-364/MT;Sul;Colisão Transversal;1;1;1;;;;1
19/08/2019;18:25:00;267;sem vítima;290,678;BR-364/MT;Sul;Colisão Traseira;2;2;;;;;1
20/08/2019;07:59:00;60;com vítima;703,733;BR-163/MT;Sul;Colisão Lateral;1;1;1;;;;1
20/08/2019;10:55:00;144;com vítima;759,444;BR-163/MT;Norte;Colisão Lateral;1;1;;;;1;3
20/08/2019;11:03:00;147;sem vítima;664,45;BR-163/MT;Sul;Colisão Lateral;1;5;;;;;1
20/08/2019;18:14:00;274;sem vítima;514,947;BR-364/MT;Norte;Colisão Traseira;2;3;;;;;1
21/08/2019;08:15:00;80;sem vítima;344,577;BR-364/MT;Norte;Colisão Traseira;1;2;;;;;1
22/08/2019;05:10:00;24;sem vítima;813,99;BR-163/MT;Norte;Choque - Defensa, barreira ou "submarino";1;1;;;;;1
22/08/2019;05:16:00;26;com vítima;276,936;BR-364/MT;Sul;Tombamento;1;0;1;;;;1
22/08/2019;12:04:00;207;sem vítima;240,864;BR-364/MT;Sul;Saida de Pista;1;1;;;;;1
22/08/2019;13:27:00;236;sem vítima;750,105;BR-163/MT;Sul;Colisão Transversal;2;3;;;;;1
22/08/2019;13:32:00;240;sem vítima;769,78;BR-163/MT;Norte;Colisão Traseira;2;4;;;;;1
22/08/2019;15:47:00;277;sem vítima;831,578;BR-163/MT;Norte;Colisão Transversal;1;2;;;;;1
22/08/2019;18:22:00;337;sem vítima;515,549;BR-070/MT;Sul;Choque - Objeto sobre a pista;1;2;;;;;1
22/08/2019;19:04:00;352;sem vítima;821,847;BR-163/MT;Norte;Colisão Lateral;1;2;;;;;1
23/08/2019;00:13:00;11;sem vítima;309,63;BR-364/MT;Norte;Colisão Traseira;2;2;;;;;1
23/08/2019;05:17:00;41;sem vítima;523,634;BR-070/MT;Norte;Atropelamento de Animal;1;1;;;;;1
23/08/2019;08:01:00;92;sem vítima;753,36;BR-163/MT;Norte;Saida de Pista;1;1;;;;;1
23/08/2019;10:07:00;168;sem vítima;566,375;BR-163/MT;Sul;Tombamento;1;1;;;;;1
23/08/2019;10:20:00;180;sem vítima;278,027;BR-364/MT;Norte;Choque - Veiculo parado na pista;2;2;;;;;1
23/08/2019;22:55:00;419;sem vítima;521,897;BR-070/MT;Norte;Colisão Transversal;1;2;;;;;1
24/08/2019;07:43:00;56;sem vítima;827,536;BR-163/MT;Norte;Colisão Traseira;1;2;;;;;1
24/08/2019;14:28:00;186;com vítima;361,199;BR-364/MT;Norte;Engavetamento;2;2;;1;2;1;3
24/08/2019;15:18:00;202;sem vítima;358,716;BR-364/MT;Norte;Choque - Veiculo parado na pista;1;2;;;;;1
24/08/2019;15:28:00;205;sem vítima;347,971;BR-364/MT;Norte;Saida de Pista;1;3;;;;;1
24/08/2019;17:40:00;239;sem vítima;251,501;BR-364/MT;Norte;Colisão Traseira;2;2;;;;;1
24/08/2019;20:48:00;274;sem vítima;345,372;BR-364/MT;Sul;Choque - Suporte de Sinalização;1;1;;;;;1
25/08/2019;08:45:00;69;com vítima;439,565;BR-364/MT;Norte;Colisão Frontal;2;2;;;;1;3
25/08/2019;14:52:00;144;com vítima;826,605;BR-163/MT;Sul;Colisão Frontal;1;1;1;;;;1
25/08/2019;16:07:00;167;sem vítima;316,501;BR-364/MT;Sul;Colisão Lateral;1;4;;;;;1
26/08/2019;07:57:00;83;sem vítima;517,71;BR-070/MT;Sul;Engavetamento;2;8;;;;;1
26/08/2019;10:23:00;145;sem vítima;114,504;BR-163/MT;Norte;Colisão Lateral;2;2;;;;;1
26/08/2019;15:13:00;220;sem vítima;584,355;BR-163/MT;Norte;Colisão Lateral;3;6;;;;;1
27/08/2019;11:09:00;147;com vítima;803,058;BR-163/MT;Sul;Colisão Transversal;2;1;;;1;;2
27/08/2019;14:27:00;192;sem vítima;666,846;BR-163/MT;Norte;Colisão Lateral;2;2;;;;;1
27/08/2019;15:37:00;214;sem vítima;804,813;BR-163/MT;Sul;Saida de Pista;1;1;;;;;1
28/08/2019;14:14:00;217;sem vítima;383;BR-364/MT;Sul;Choque - Suporte de Sinalização;1;1;;;;;1
28/08/2019;17:55:00;302;com vítima;826,206;BR-163/MT;Norte;Colisão Frontal;1;2;;1;;;2
29/08/2019;08:55:00;104;sem vítima;388,906;BR-364/MT;Norte;Colisão Traseira;1;2;;;;;1
29/08/2019;15:36:00;249;sem vítima;513,956;BR-070/MT;Sul;Colisão Lateral;1;2;;;;;1
29/08/2019;16:21:00;267;sem vítima;348,348;BR-364/MT;Norte;Saida de Pista;1;1;;;;;1
29/08/2019;16:32:00;271;com vítima;515,029;BR-364/MT;Norte;Choque - Veiculo parado no acostamento;3;2;;1;;;2
29/08/2019;18:44:00;303;sem vítima;276,677;BR-364/MT;Sul;Colisão Traseira;2;2;;;;;1
30/08/2019;01:40:00;9;sem vítima;767,074;BR-163/MT;Sul;Choque - Suporte de Sinalização;1;1;;;;;1
30/08/2019;07:56:00;75;sem vítima;593;BR-163/MT;Sul;Choque - Defensa, barreira ou "submarino";1;1;;;;;1
30/08/2019;09:04:00;118;sem vítima;558,981;BR-163/MT;Sul;Colisão Traseira;2;2;;;;;1
30/08/2019;10:58:00;176;sem vítima;622,324;BR-163/MT;Sul;Colisão Traseira;2;3;;;;;1
30/08/2019;15:12:00;267;sem vítima;843,368;BR-163/MT;Norte;Colisão Traseira;2;2;;;;;1
30/08/2019;16:33:00;302;sem vítima;624,063;BR-163/MT;Norte;Colisão Traseira;1;2;;;;;1
30/08/2019;16:49:00;312;sem vítima;606,084;BR-163/MT;Norte;Colisão Traseira;1;2;;;;;1
30/08/2019;18:16:00;348;com vítima;834,531;BR-163/MT;Norte;Queda de Moto;1;1;;;1;;2
30/08/2019;20:25:00;379;sem vítima;574,893;BR-364/MT;Norte;Colisão Traseira;2;2;;;;;1
30/08/2019;21:34:00;397;sem vítima;255,693;BR-364/MT;Sul;Colisão Lateral;1;5;;;;;1
31/08/2019;04:24:00;35;sem vítima;257,957;BR-364/MT;Sul;Colisão Lateral;1;3;;;;;1
31/08/2019;05:32:00;43;sem vítima;101,86;BR-163/MT;Sul;Choque - Defensa, barreira ou "submarino";1;1;;;;;1
31/08/2019;07:34:00;77;sem vítima;824,159;BR-163/MT;Norte;Colisão Lateral;1;3;;;;;1
31/08/2019;11:12:00;165;sem vítima;786,605;BR-163/MT;Norte;Colisão Traseira;2;2;;;;;1
31/08/2019;14:01:00;220;com vítima;809,611;BR-163/MT;Sul;Capotamento;1;0;;;;1;3
31/08/2019;14:03:00;221;sem vítima;592,483;BR-163/MT;Sul;Engavetamento;3;3;;;;;1
31/08/2019;20:21:00;343;com vítima;506,789;BR-070/MT;Norte;Colisão Frontal;1;1;;;;1;3
01/09/2019;07:45:00;50;sem vítima;845,848;BR-163/MT;Sul;Colisão Traseira;1;3;;;;;1
01/09/2019;08:36:00;62;com vítima;350,261;BR-364/MT;Norte;Tombamento;1;0;;1;;;2
01/09/2019;18:55:00;222;sem vítima;744,402;BR-163/MT;Norte;Colisão Lateral;1;2;;;;;1
02/09/2019;00:44:00;4;com vítima;398,509;BR-364/MT;Sul;Colisão Traseira;1;1;;1;;;2
02/09/2019;08:36:00;83;sem vítima;751,4;BR-163/MT;Norte;Colisão Lateral;1;2;;;;;1
02/09/2019;20:55:00;308;sem vítima;775,777;BR-163/MT;Norte;Atropelamento de Animal;1;1;;;;;1
03/09/2019;05:50:00;32;sem vítima;722,268;BR-163/MT;Sul;Colisão Lateral;1;2;;;;;1
03/09/2019;11:43:00;163;sem vítima;606,492;BR-163/MT;Norte;Saida de Pista;1;1;;;;;1
03/09/2019;18:01:00;306;sem vítima;237,873;BR-364/MT;Sul;Choque - Objeto sobre a pista;1;1;;;;;1
03/09/2019;19:13:00;326;sem vítima;496;BR-070/MT;Sul;Colisão Lateral;2;2;;;;;1
03/09/2019;21:59:00;354;sem vítima;119,419;BR-163/MT;Norte;Colisão Traseira;2;3;;;;;1
04/09/2019;11:55:00;213;sem vítima;119,697;BR-163/MT;Norte;Colisão Lateral;1;3;;;;;1
04/09/2019;13:26:00;237;com vítima;560,208;BR-163/MT;Sul;Colisão Traseira;2;1;4;2;;;2
04/09/2019;15:38:00;291;com vítima;754,289;BR-163/MT;Norte;Colisão Traseira;1;2;;1;;;2
04/09/2019;17:59:00;343;com vítima;347,363;BR-364/MT;Norte;Saida de Pista;1;0;1;;;;1
05/09/2019;07:31:00;90;sem vítima;316,82;BR-364/MT;Sul;Choque - Defensa, barreira ou "submarino";1;1;;;;;1
05/09/2019;07:42:00;96;sem vítima;508,873;BR-163/MT;Sul;Tombamento;1;1;;;;;1
05/09/2019;07:49:00;102;sem vítima;395,182;BR-364/MT;Sul;Colisão Lateral;1;2;;;;;1
05/09/2019;14:44:00;275;sem vítima;584,479;BR-163/MT;Norte;Colisão Lateral;2;3;;;;;1
05/09/2019;18:05:00;343;sem vítima;268,755;BR-364/MT;Norte;Engavetamento;2;3;;;;;1
06/09/2019;09:05:00;109;sem vítima;777,257;BR-163/MT;Sul;Tombamento;1;1;;;;;1
06/09/2019;10:40:00;158;sem vítima;836,572;BR-163/MT;Sul;Colisão Lateral;1;2;;;;;1
06/09/2019;17:09:00;295;sem vítima;766,7;BR-163/MT;Sul;Colisão Traseira;1;2;;;;;1
07/09/2019;12:38:00;158;sem vítima;233,59;BR-364/MT;Sul;Tombamento;1;1;;;;;1
07/09/2019;20:51:00;314;sem vítima;362,921;BR-364/MT;Norte;Colisão Transversal;1;3;;;;;1
08/09/2019;06:08:00;39;sem vítima;607,181;BR-163/MT;Norte;Colisão Lateral;2;2;;;;;1
08/09/2019;08:21:00;76;com vítima;438,634;BR-364/MT;Sul;Saida de Pista;1;0;1;;;;1
08/09/2019;19:37:00;308;sem vítima;456,461;BR-364/MT;Sul;Colisão Traseira;1;3;;;;;1
08/09/2019;23:01:00;345;sem vítima;827,335;BR-163/MT;Norte;Choque - Veiculo parado no acostamento;1;2;;;;;1
09/09/2019;06:37:00;48;sem vítima;400,297;BR-364/MT;Norte;Colisão Traseira;1;2;;;;;1
09/09/2019;09:10:00;96;sem vítima;583,166;BR-364/MT;Sul;Choque - Veiculo parado no acostamento;1;3;;;;;1
09/09/2019;12:38:00;181;com vítima;669,715;BR-163/MT;Sul;Colisão Transversal;2;1;;;;1;3
09/09/2019;12:38:00;208;sem vítima;669,715;BR-163/MT;Norte;Choque - Objeto sobre a pista;1;1;;;;;1
09/09/2019;17:01:00;250;sem vítima;347;BR-364/MT;Norte;Saida de Pista;1;1;;;;;1
09/09/2019;20:33:00;299;sem vítima;397,557;BR-364/MT;Norte;Choque - Veiculo parado no acostamento;2;2;;;;;1
10/09/2019;04:13:00;34;sem vítima;685,161;BR-163/MT;Sul;Choque - Veiculo parado no acostamento;2;2;;;;;1
10/09/2019;14:33:00;187;sem vítima;380,208;BR-364/MT;Norte;Saida de Pista;1;1;;;;;1
10/09/2019;18:36:00;270;sem vítima;767,692;BR-163/MT;Norte;Saida de Pista;1;1;;;;;1
12/09/2019;01:34:00;17;sem vítima;382;BR-364/MT;Norte;Choque - Arvore;1;1;;;;;1
12/09/2019;10:51:00;161;sem vítima;507,42;BR-070/MT;Sul;Colisão Lateral;1;2;;;;;1
12/09/2019;11:05:00;168;sem vítima;758,546;BR-163/MT;Norte;Colisão Lateral;1;2;;;;;1
12/09/2019;11:35:00;178;com vítima;208,552;BR-364/MT;Sul;Tombamento;1;0;1;;;;1
13/09/2019;00:01:00;2;sem vítima;311,764;BR-364/MT;Sul;Colisão Traseira;2;2;;;;;1
13/09/2019;01:15:00;7;com vítima;250,007;BR-364/MT;Sul;Colisão Lateral;2;3;2;;;;1
13/09/2019;03:55:00;20;sem vítima;542,412;BR-364/MT;Sul;Colisão Lateral;1;4;;;;;1
13/09/2019;15:10:00;252;sem vítima;119,584;BR-163/MT;Norte;Colisão Transversal;1;5;;;;;1
13/09/2019;17:49:00;310;sem vítima;344,401;BR-364/MT;Sul;Saida de Pista;1;1;;;;;1
14/09/2019;05:39:00;43;com vítima;598,852;BR-163/MT;Sul;Colisão Frontal;1;1;1;;;;1
14/09/2019;17:48:00;284;com vítima;506,952;BR-070/MT;Sul;Colisão Frontal;1;1;;;;1;3
15/09/2019;02:16:00;18;sem vítima;375,214;BR-364/MT;Norte;Colisão Traseira;2;2;;;;;1
15/09/2019;15:27:00;184;com vítima;606,161;BR-163/MT;Norte;Colisão Lateral;1;1;;1;1;;2
16/09/2019;09:45:00;136;sem vítima;203,123;BR-364/MT;Sul;Colisão Lateral;1;4;;;;;1
16/09/2019;14:05:00;233;sem vítima;785,705;BR-163/MT;Sul;Colisão Lateral;1;3;;;;;1
16/09/2019;14:57:00;260;sem vítima;568,774;BR-364/MT;Norte;Choque - Veiculo parado no acostamento;1;3;;;;;1
17/09/2019;01:25:00;17;sem vítima;798,422;BR-163/MT;Sul;Tombamento;1;1;;;;;1
17/09/2019;10:13:00;129;sem vítima;506;BR-364/MT;Sul;Colisão Traseira;2;2;;;;;1
17/09/2019;11:17:00;151;sem vítima;593,328;BR-163/MT;Sul;Colisão Lateral;2;2;;;;;1
17/09/2019;23:03:00;348;sem vítima;755,872;BR-163/MT;Norte;Colisão Transversal;1;2;;;;;1
18/09/2019;04:20:00;29;com vítima;347,985;BR-364/MT;Norte;Saida de Pista;1;0;1;;;;1
18/09/2019;14:01:00;217;sem vítima;575,364;BR-364/MT;Sul;Colisão Traseira;1;5;;;;;1
18/09/2019;22:53:00;356;sem vítima;527,868;BR-364/MT;Norte;Colisão Lateral;1;3;;;;;1