data;horario;n_da_ocorrencia;tipo_de_ocorrencia;km;trecho;sentido;tipo_de_acidente;caminhao;ilesos;levemente_feridos;moderadamente_feridos;gravemente_feridos;mortos;3
19/09/2019;07:32:00;76;sem vítima;834,424;BR-163/MT;Sul;Colisão Transversal;1;3;;;;;1
19/09/2019;10:18:00;154;sem vítima;118,717;BR-163/MT;Sul;Colisão Traseira;1;5;;;;;1
19/09/2019;10:35:00;161;com vítima;271,832;BR-364/MT;Norte;Colisão Lateral;1;2;1;;;;1
19/09/2019;15:11:00;251;sem vítima;522,36;BR-070/MT;Sul;Colisão Traseira;1;2;;;;;1
19/09/2019;16:14:00;274;com vítima;610,36;BR-163/MT;Norte;Capotamento;1;0;1;;;;1
19/09/2019;16:36:00;284;sem vítima;119,729;BR-163/MT;Sul;Colisão Traseira;1;3;;;;;1
19/09/2019;17:00:00;295;sem vítima;610,334;BR-163/MT;Sul;Colisão Traseira;1;3;;;;;1
19/09/2019;17:27:00;305;sem vítima;603,1;BR-163/MT;Norte;Colisão Lateral;1;2;;;;;1
19/09/2019;19:46:00;343;sem vítima;597,108;BR-163/MT;Norte;Saida de Pista;1;1;;;;;1
19/09/2019;22:02:00;371;sem vítima;456,758;BR-364/MT;Sul;Choque - Veiculo parado no acostamento;2;4;;;;;1
20/09/2019;07:06:00;53;sem vítima;831,331;BR-163/MT;Sul;Colisão Lateral;1;2;;;;;1
20/09/2019;09:34:00;129;com vítima;388,754;BR-364/MT;Norte;Atropelamento - Andarilho;1;2;;;1;;2
20/09/2019;14:09:00;219;sem vítima;501,805;BR-364/MT;Sul;Tombamento;1;1;;;;;1
20/09/2019;18:14:00;317;sem vítima;316,516;BR-364/MT;Sul;Choque - Defensa, barreira ou "submarino";1;1;;;;;1
20/09/2019;20:13:00;357;sem vítima;279,31;BR-364/MT;Sul;Saida de Pista;1;2;;;;;1
20/09/2019;23:53:00;398;sem vítima;348,002;BR-364/MT;Sul;Choque - Arvore;1;1;;;;;1
21/09/2019;08:03:00;78;com vítima;840,44;BR-163/MT;Norte;Colisão Transversal;1;1;;;;1;3
21/09/2019;13:19:00;162;sem vítima;367,784;BR-364/MT;Sul;Saida de Pista;1;1;;;;;1
21/09/2019;18:15:00;243;sem vítima;841,038;BR-163/MT;Norte;Colisão Transversal;1;3;;;;;1
22/09/2019;00:05:00;2;sem vítima;489,008;BR-364/MT;Sul;Tombamento;1;1;;;;;1
23/09/2019;05:39:00;27;sem vítima;248,899;BR-364/MT;Sul;Tombamento;1;1;;;;;1
23/09/2019;12:01:00;159;sem vítima;593,749;BR-163/MT;Sul;Tombamento;1;1;;;;;1
23/09/2019;15:22:00;215;sem vítima;688,689;BR-163/MT;Norte;Colisão Lateral;1;2;;;;;1
23/09/2019;17:45:00;258;com vítima;436,184;BR-364/MT;Sul;Colisão Transversal;1;1;2;3;;;2
23/09/2019;19:25:00;294;sem vítima;349,937;BR-364/MT;Norte;Choque - Talude;1;1;;;;;1
24/09/2019;02:32:00;19;sem vítima;586,989;BR-163/MT;Norte;Colisão Lateral;1;2;;;;;1
24/09/2019;09:08:00;126;com vítima;547,343;BR-163/MT;Norte;Colisão Lateral;1;1;1;;;;1
24/09/2019;10:43:00;172;sem vítima;609,215;BR-163/MT;Norte;Colisão Traseira;1;3;;;;;1
24/09/2019;11:44:00;189;sem vítima;349,289;BR-364/MT;Norte;Saida de Pista;1;1;;;;;1
24/09/2019;14:14:00;236;sem vítima;348,37;BR-364/MT;Sul;Colisão Traseira;2;3;;;;;1
24/09/2019;16:11:00;271;com vítima;543,85;BR-163/MT;Norte;Colisão Traseira;3;6;1;;;;1
24/09/2019;16:51:00;282;com vítima;751,194;BR-163/MT;Norte;Colisão Lateral;1;1;1;;;;1
24/09/2019;18:16:00;308;com vítima;510,615;BR-070/MT;Sul;Atropelamento - Usuário;1;1;;;;1;3
24/09/2019;19:30:00;334;com vítima;347,987;BR-364/MT;Norte;Tombamento;1;0;;1;;;2
24/09/2019;21:10:00;361;sem vítima;96,443;BR-163/MT;Sul;Colisão Traseira;2;2;;;;;1
25/09/2019;06:47:00;48;com vítima;530,825;BR-364/MT;Sul;Tombamento;1;0;1;;;;1
25/09/2019;08:16:00;89;sem vítima;567,164;BR-364/MT;Norte;Saida de Pista;1;1;;;;;1
25/09/2019;11:46:00;151;sem vítima;752,177;BR-163/MT;Sul;Colisão Traseira;1;28;;;;;1
25/09/2019;13:15:00;154;com vítima;635,382;BR-163/MT;Norte;Colisão Frontal;2;1;;;;1;3
25/09/2019;12:24:00;157;sem vítima;74,092;BR-163/MT;Norte;Colisão Lateral;1;6;;;;;1
25/09/2019;13:09:00;173;com vítima;830,978;BR-163/MT;Sul;Colisão Traseira;1;1;3;;;;1
25/09/2019;20:43:00;268;sem vítima;769,012;BR-163/MT;Norte;Saida de Pista;1;1;;;;;1
25/09/2019;21:34:00;281;sem vítima;216,272;BR-364/MT;Sul;Colisão Lateral;2;2;;;;;1
25/09/2019;22:21:00;288;sem vítima;583,089;BR-364/MT;Norte;Saida de Pista;1;1;;;;;1
25/09/2019;23:53:00;297;com vítima;489,422;BR-364/MT;Sul;Colisão Transversal;1;3;;2;;;2
26/09/2019;02:14:00;13;sem vítima;378,257;BR-364/MT;Sul;Tombamento;1;1;;;;;1
26/09/2019;06:55:00;65;sem vítima;458,963;BR-364/MT;Norte;Colisão Lateral;2;4;;;;;1
26/09/2019;18:32:00;294;sem vítima;841,571;BR-163/MT;Sul;Colisão Traseira;2;2;;;;;1
26/09/2019;21:33:00;329;sem vítima;463,734;BR-364/MT;Norte;Saida de Pista;1;1;;;;;1
26/09/2019;21:34:00;331;sem vítima;504,454;BR-364/MT;Norte;Tombamento;1;2;;;;;1
27/09/2019;14:22:00;228;sem vítima;349,213;BR-364/MT;Norte;Choque - Elemento de Drenagem;1;2;;;;;1
27/09/2019;18:27:00;298;sem vítima;319,689;BR-364/MT;Norte;Saida de Pista;1;1;;;;;1
28/09/2019;05:45:00;46;sem vítima;387,536;BR-364/MT;Sul;Colisão Traseira;1;2;;;;;1
28/09/2019;07:15:00;64;sem vítima;834,568;BR-163/MT;Sul;Colisão Traseira;1;2;;;;;1
28/09/2019;11:54:00;174;sem vítima;400,355;BR-364/MT;Sul;Colisão Lateral;2;2;;;;;1
29/09/2019;14:47:00;151;sem vítima;275,643;BR-364/MT;Sul;Tombamento;1;1;;;;;1
30/09/2019;13:23:00;199;sem vítima;346,5;BR-364/MT;Sul;Tombamento;1;1;;;;;1
30/09/2019;13:58:00;208;com vítima;829,15;BR-163/MT;Norte;Saida de Pista;1;1;1;;;;1
30/09/2019;14:43:00;221;sem vítima;271,932;BR-364/MT;Sul;Colisão Lateral;1;2;;;;;1
30/09/2019;18:54:00;265;sem vítima;827,443;BR-163/MT;Norte;Colisão Lateral;1;2;;;;;1
01/10/2019;10:28:00;154;sem vítima;521,067;BR-070/MT;Norte;Colisão Traseira;1;2;;;;;1
01/10/2019;17:24:00;320;sem vítima;119,628;BR-163/MT;Sul;Colisão Lateral;1;3;;;;;1
01/10/2019;19:42:00;366;sem vítima;752,67;BR-163/MT;Sul;Tombamento;1;1;;;;;1
01/10/2019;20:27:00;376;sem vítima;592,33;BR-163/MT;Sul;Colisão Lateral;1;2;;;;;1
01/10/2019;23:18:00;403;sem vítima;335,055;BR-364/MT;Norte;Saida de Pista;1;2;;;;;1
02/10/2019;03:53:00;17;sem vítima;458,559;BR-364/MT;Norte;Saida de Pista;1;1;;;;;1
02/10/2019;05:36:00;38;sem vítima;253,742;BR-364/MT;Sul;Tombamento;1;1;;;;;1
02/10/2019;02:53:00;121;com vítima;440,085;BR-364/MT;Norte;Tombamento;1;0;1;;;;1
02/10/2019;10:05:00;159;sem vítima;467,806;BR-364/MT;Norte;Colisão Traseira;1;2;;;;;1
02/10/2019;15:20:00;266;sem vítima;624,15;BR-163/MT;Sul;Colisão Traseira;1;3;;;;;1
02/10/2019;15:47:00;280;com vítima;201,784;BR-364/MT;Sul;Colisão Traseira;2;1;4;;;;1
02/10/2019;16:20:00;294;com vítima;504,653;BR-070/MT;Sul;Saida de Pista;1;0;1;;;;1
02/10/2019;17:22:00;317;sem vítima;503,731;BR-364/MT;Sul;Colisão Traseira;2;2;;;;;1
02/10/2019;17:34:00;319;sem vítima;658,992;BR-163/MT;Norte;Saida de Pista;1;1;;;;;1
02/10/2019;17:53:00;325;sem vítima;509,483;BR-364/MT;Sul;Colisão Traseira;1;2;;;;;1
03/10/2019;06:45:00;42;sem vítima;119,337;BR-163/MT;Norte;Colisão Traseira;2;2;;;;;1
03/10/2019;08:38:00;78;com vítima;690,712;BR-163/MT;Norte;Colisão Transversal;1;1;1;;;;1
03/10/2019;10:33:00;128;sem vítima;117,761;BR-163/MT;Norte;Colisão Lateral;2;2;;;;;1
03/10/2019;20:33:00;305;sem vítima;113,597;BR-163/MT;Sul;Colisão Traseira;2;2;;;;;1
04/10/2019;04:34:00;34;sem vítima;214,204;BR-364/MT;Sul;Choque - Veiculo parado na pista;2;3;;;;;1
04/10/2019;04:54:00;35;sem vítima;238,513;BR-364/MT;Norte;Colisão Traseira;2;3;;;;;1
04/10/2019;06:36:00;47;sem vítima;651,137;BR-163/MT;Norte;Colisão Lateral;2;2;;;;;1
04/10/2019;07:21:00;56;sem vítima;259,686;BR-364/MT;Sul;Colisão Traseira;2;2;;;;;1
04/10/2019;08:52:00;91;sem vítima;541,468;BR-364/MT;Norte;Tombamento;1;1;;;;;1
04/10/2019;08:57:00;94;sem vítima;258,587;BR-364/MT;Norte;Colisão Transversal;1;2;;;;;1
04/10/2019;09:55:00;112;sem vítima;519;BR-163/MT;Sul;Tombamento;1;1;;;;;1
04/10/2019;10:46:00;135;sem vítima;561,658;BR-163/MT;Norte;Tombamento;1;1;;;;;1
04/10/2019;11:08:00;143;com vítima;346,6;BR-364/MT;Sul;Tombamento;1;0;1;;;;1
04/10/2019;12:24:00;164;sem vítima;584,25;BR-163/MT;Sul;Tombamento;1;1;;;;;1
04/10/2019;14:22:00;195;sem vítima;823,8;BR-163/MT;Sul;Colisão Transversal;2;2;;;;;1
04/10/2019;15:36:00;219;sem vítima;202,772;BR-364/MT;Sul;Colisão Traseira;2;2;;;;;1
05/10/2019;11:29:00;151;sem vítima;808,981;BR-163/MT;Sul;Tombamento;1;1;;;;;1
06/10/2019;02:48:00;26;com vítima;269,217;BR-364/MT;Norte;Colisão Frontal;1;1;1;1;;;2
06/10/2019;05:48:00;50;com vítima;509,586;BR-070/MT;Norte;Colisão Lateral;1;1;;1;;;2
06/10/2019;09:29:00;104;sem vítima;260,436;BR-364/MT;Norte;Tombamento;1;1;;;;;1
07/10/2019;00:24:00;2;sem vítima;564,785;BR-163/MT;Sul;Saida de Pista;1;1;;;;;1
07/10/2019;04:48:00;54;sem vítima;521,4;BR-070/MT;Norte;Colisão Traseira;2;2;;;;;1
07/10/2019;15:54:00;246;sem vítima;634,259;BR-163/MT;Norte;Tombamento;1;3;;;;;1
07/10/2019;16:52:00;266;sem vítima;750,18;BR-163/MT;Sul;Colisão Lateral;1;2;;;;;1
07/10/2019;18:44:00;291;sem vítima;118,2;BR-163/MT;Norte;Colisão Lateral;1;4;;;;;1
08/10/2019;08:59:00;95;sem vítima;271,013;BR-364/MT;Sul;Colisão Lateral;1;5;;;;;1
08/10/2019;09:23:00;101;sem vítima;827,261;BR-163/MT;Sul;Choque - Defensa, barreira ou "submarino";1;1;;;;;1
08/10/2019;15:19:00;203;sem vítima;606,8;BR-163/MT;Sul;Tombamento;1;2;;;;;1
08/10/2019;16:21:00;221;sem vítima;598,613;BR-163/MT;Norte;Colisão Lateral;2;3;;;;;1
08/10/2019;03:05:00;239;sem vítima;364,027;BR-364/MT;Sul;Atropelamento de Animal;1;1;;;;;1
08/10/2019;18:24:00;252;com vítima;203;BR-364/MT;Norte;Colisão Traseira;1;1;1;;;;1
08/10/2019;21:24:00;290;com vítima;644,252;BR-163/MT;Sul;Colisão Lateral;1;1;;1;;;2
09/10/2019;06:43:00;42;com vítima;573,382;BR-163/MT;Sul;Tombamento;1;0;1;;;;1
09/10/2019;07:45:00;69;com vítima;270,127;BR-364/MT;Norte;Colisão Frontal;1;1;1;;;;1
09/10/2019;10:45:00;142;sem vítima;487,982;BR-364/MT;Sul;Colisão Lateral;1;2;;;;;1
09/10/2019;11:41:00;165;sem vítima;511,359;BR-070/MT;Norte;Colisão Traseira;2;3;;;;;1
09/10/2019;12:15:00;174;com vítima;832,631;BR-163/MT;Norte;Colisão Transversal;1;1;1;;;;1
09/10/2019;12:22:00;176;com vítima;348,482;BR-364/MT;Norte;Colisão Traseira;1;1;1;1;;;2
09/10/2019;13:31:00;197;sem vítima;831,059;BR-163/MT;Sul;Choque - Poste;1;1;;;;;1
09/10/2019;16:54:00;256;sem vítima;346,883;BR-364/MT;Norte;Saida de Pista;1;1;;;;;1
09/10/2019;17:08:00;258;sem vítima;750,244;BR-163/MT;Sul;Colisão Lateral;1;4;;;;;1
09/10/2019;22:57:00;325;sem vítima;236,01;BR-364/MT;Sul;Colisão Traseira;2;2;;;;;1
10/10/2019;00:29:00;2;com vítima;349,649;BR-364/MT;Norte;Tombamento;1;0;;;;1;3
10/10/2019;06:08:00;45;sem vítima;621,181;BR-163/MT;Norte;Colisão Traseira;2;2;;;;;1
10/10/2019;08:05:00;87;sem vítima;827,211;BR-163/MT;Sul;Colisão Transversal;1;3;;;;;1
10/10/2019;09:15:00;119;sem vítima;203,015;BR-364/MT;Sul;Colisão Traseira;2;2;;;;;1
10/10/2019;18:42:00;294;sem vítima;753,015;BR-163/MT;Sul;Colisão Traseira;1;2;;;;;1
11/10/2019;01:21:00;7;sem vítima;374,894;BR-364/MT;Sul;Tombamento;1;3;;;;;1
11/10/2019;06:53:00;53;sem vítima;664,45;BR-163/MT;Norte;Colisão Traseira;1;6;;;;;1
11/10/2019;07:58:00;70;sem vítima;593,6;BR-163/MT;Sul;Colisão Lateral;2;2;;;;;1
11/10/2019;11:26:00;157;sem vítima;518,466;BR-364/MT;Sul;Tombamento;1;1;;;;;1
11/10/2019;11:39:00;161;sem vítima;309,1;BR-364/MT;Norte;Colisão Transversal;1;3;;;;;1
11/10/2019;17:25:00;266;sem vítima;237,3;BR-364/MT;Sul;Tombamento;1;1;;;;;1
11/10/2019;21:03:00;319;sem vítima;668,282;BR-163/MT;Sul;Colisão Traseira;2;2;;;;;1
12/10/2019;07:18:00;44;sem vítima;577,99;BR-163/MT;Norte;Tombamento;1;1;;;;;1
12/10/2019;16:14:00;185;sem vítima;342,64;BR-364/MT;Sul;Outros;1;1;;;;;1
12/10/2019;22:40:00;251;com vítima;278,3;BR-364/MT;Sul;Saida de Pista;1;0;;1;;;2
13/10/2019;13:58:00;157;sem vítima;257,743;BR-364/MT;Sul;Colisão Traseira;1;3;;;;;1
13/10/2019;14:49:00;167;com vítima;748,871;BR-163/MT;Norte;Colisão Traseira;1;3;3;;;;1
14/10/2019;06:54:00;57;sem vítima;664,468;BR-163/MT;Sul;Choque - Defensa, barreira ou "submarino";1;1;;;;;1
14/10/2019;07:24:00;68;sem vítima;749,162;BR-163/MT;Norte;Colisão Lateral;1;2;;;;;1
14/10/2019;14:39:00;229;com vítima;401,262;BR-364/MT;Norte;Colisão Transversal;1;1;;1;;;2
14/10/2019;14:42:00;231;sem vítima;787,1;BR-163/MT;Norte;Tombamento;1;1;;;;;1
15/10/2019;05:22:00;37;com vítima;836,351;BR-163/MT;Norte;Colisão Lateral;1;1;;1;;;2
15/10/2019;05:28:00;39;com vítima;356,762;BR-364/MT;Sul;Tombamento;1;0;;;;1;3
15/10/2019;11:28:00;178;sem vítima;834,953;BR-163/MT;Sul;Colisão Transversal;1;3;;;;;1
15/10/2019;16:18:00;268;sem vítima;347,398;BR-364/MT;Norte;Colisão Traseira;2;5;;;;;1
15/10/2019;16:27:00;271;sem vítima;464,908;BR-364/MT;Sul;Colisão Traseira;2;2;;;;;1
15/10/2019;18:15:00;304;sem vítima;539,705;BR-163/MT;Sul;Choque - Defensa, barreira ou "submarino";1;1;;;;;1
16/10/2019;16:14:00;219;sem vítima;664,45;BR-163/MT;Norte;Colisão Traseira;2;2;;;;;1
16/10/2019;19:23:00;271;sem vítima;204,947;BR-364/MT;Norte;Colisão Transversal;1;2;;;;;1
16/10/2019;19:34:00;273;sem vítima;804,808;BR-163/MT;Norte;Saida de Pista;1;3;;;;;1
16/10/2019;21:09:00;294;sem vítima;204,305;BR-364/MT;Sul;Choque - Veiculo parado no acostamento;3;3;;;;;1
16/10/2019;23:03:00;310;com vítima;238,774;BR-364/MT;Norte;Colisão Traseira;2;1;;1;;;2
17/10/2019;04:22:00;33;com vítima;508,085;BR-070/MT;Sul;Colisão Traseira;1;1;2;;;;1
17/10/2019;07:55:00;86;sem vítima;537,843;BR-163/MT;Norte;Engavetamento;4;4;;;;;1
17/10/2019;09:01:00;107;sem vítima;579,173;BR-364/MT;Sul;Engavetamento;1;4;;;;;1
17/10/2019;12:44:00;196;sem vítima;563,814;BR-163/MT;Norte;Saida de Pista;1;1;;;;;1
17/10/2019;16:14:00;244;com vítima;437,84;BR-364/MT;Norte;Colisão Lateral;1;6;3;;;;1
17/10/2019;16:16:00;245;com vítima;844,611;BR-163/MT;Norte;Colisão Transversal;1;1;1;;;;1
17/10/2019;16:41:00;255;sem vítima;119,731;BR-163/MT;Norte;Colisão Lateral;1;3;;;;;1
17/10/2019;19:14:00;297;sem vítima;525,138;BR-163/MT;Norte;Tombamento;1;1;;;;;1
17/10/2019;20:24:00;317;sem vítima;452;BR-364/MT;Sul;Colisão Traseira;2;2;;;;;1
17/10/2019;20:55:00;324;com vítima;509,246;BR-364/MT;Sul;Tombamento;1;0;;;;1;3
18/10/2019;05:55:00;68;com vítima;318,068;BR-364/MT;Sul;Tombamento;1;0;;;1;;2
18/10/2019;10:36:00;162;sem vítima;689,355;BR-163/MT;Norte;Colisão Lateral;1;3;;;;;1
18/10/2019;12:12:00;193;sem vítima;102,109;BR-163/MT;Norte;Tombamento;1;2;;;;;1
18/10/2019;12:35:00;195;sem vítima;452,715;BR-364/MT;Sul;Choque - Veiculo parado na pista;1;3;;;;;1
18/10/2019;17:27:00;300;com vítima;201,732;BR-364/MT;Norte;Colisão Traseira;1;1;;1;1;;2
18/10/2019;17:53:00;306;sem vítima;664,45;BR-163/MT;Sul;Colisão Traseira;1;4;;;;;1
18/10/2019;21:16:00;356;com vítima;581,9;BR-364/MT;Sul;Colisão Lateral;1;1;1;1;;;2
19/10/2019;03:44:00;32;sem vítima;207,34;BR-364/MT;Sul;Colisão Traseira;1;2;;;;;1
19/10/2019;04:15:00;36;sem vítima;254,899;BR-364/MT;Norte;Tombamento;1;1;;;;;1
19/10/2019;21:00:00;273;sem vítima;278,185;BR-364/MT;Norte;Colisão Traseira;1;2;;;;;1
20/10/2019;12:33:00;130;com vítima;530,5;BR-163/MT;Norte;Choque - Poste;1;0;1;;;;1
21/10/2019;06:09:00;38;sem vítima;602,582;BR-163/MT;Sul;Choque - Outros;1;3;;;;;1
21/10/2019;13:36:00;169;sem vítima;713,714;BR-163/MT;Norte;Colisão Traseira;2;2;;;;;1
21/10/2019;15:44:00;210;com vítima;464;BR-364/MT;Norte;Saida de Pista;1;0;1;;;;1
21/10/2019;17:17:00;243;com vítima;397,009;BR-364/MT;Sul;Choque - Veiculo parado no acostamento;1;1;;;;1;3
21/10/2019;18:24:00;258;sem vítima;356,753;BR-364/MT;Sul;Saida de Pista;1;1;;;;;1
21/10/2019;21:38:00;302;sem vítima;458,952;BR-364/MT;Sul;Choque - Defensa, barreira ou "submarino";1;1;;;;;1
22/10/2019;04:36:00;20;sem vítima;583,023;BR-163/MT;Norte;Tombamento;1;1;;;;;1
22/10/2019;05:10:00;23;sem vítima;523,19;BR-070/MT;Sul;Atropelamento de Animal;1;1;;;;;1
22/10/2019;07:59:00;69;sem vítima;615,05;BR-163/MT;Sul;Tombamento;1;1;;;;;1
22/10/2019;11:50:00;180;sem vítima;537,15;BR-163/MT;Sul;Colisão Lateral;1;4;;;;;1
22/10/2019;16:42:00;257;sem vítima;342,15;BR-364/MT;Sul;Saida de Pista;1;1;;;;;1
22/10/2019;16:57:00;260;sem vítima;850,807;BR-163/MT;Sul;Saida de Pista;1;3;;;;;1
22/10/2019;16:57:00;273;sem vítima;850,807;BR-163/MT;Sul;Colisão Traseira;2;2;;;;;1
22/10/2019;19:12:00;292;com vítima;380,285;BR-364/MT;Norte;Tombamento;1;0;;1;;;2
23/10/2019;04:06:00;24;sem vítima;576,1;BR-163/MT;Sul;Saida de Pista;1;1;;;;;1
23/10/2019;04:45:00;28;sem vítima;570,656;BR-163/MT;Sul;Tombamento;1;1;;;;;1
23/10/2019;13:25:00;187;sem vítima;387,299;BR-364/MT;Norte;Saida de Pista;1;2;;;;;1
23/10/2019;14:22:00;208;sem vítima;829,196;BR-163/MT;Sul;Choque - Suporte de Sinalização;1;2;;;;;1
23/10/2019;17:00:00;262;sem vítima;263,995;BR-364/MT;Sul;Colisão Traseira;2;3;;;;;1
23/10/2019;21:48:00;327;com vítima;515,189;BR-070/MT;Sul;Colisão Lateral;1;1;;1;;;2
24/10/2019;07:34:00;79;sem vítima;203,469;BR-364/MT;Norte;Colisão Lateral;1;2;;;;;1
24/10/2019;14:25:00;201;sem vítima;511,299;BR-070/MT;Norte;Engavetamento;2;3;;;;;1
24/10/2019;23:47:00;306;com vítima;686,951;BR-163/MT;Norte;Colisão Traseira;1;2;1;;;;1
25/10/2019;17:55:00;271;sem vítima;830,447;BR-163/MT;Norte;Colisão Traseira;1;2;;;;;1
25/10/2019;23:05:00;340;sem vítima;515,203;BR-070/MT;Sul;Colisão Traseira;1;2;;;;;1
26/10/2019;07:31:00;65;com vítima;511,299;BR-070/MT;Norte;Engavetamento;4;3;1;;;;1
26/10/2019;08:46:00;91;com vítima;666,634;BR-163/MT;Sul;Outros;1;4;1;;1;1;3
26/10/2019;10:48:00;128;sem vítima;575,977;BR-163/MT;Sul;Colisão Lateral;1;4;;;;;1
26/10/2019;13:50:00;173;sem vítima;662,333;BR-163/MT;Norte;Saida de Pista;1;1;;;;;1
26/10/2019;14:10:00;184;com vítima;390,149;BR-364/MT;Norte;Engavetamento;2;4;1;;;;1
26/10/2019;15:05:00;203;sem vítima;617,148;BR-163/MT;Sul;Colisão Lateral;1;5;;;;;1
26/10/2019;16:40:00;238;sem vítima;391,358;BR-364/MT;Norte;Colisão Lateral;2;2;;;;;1
27/10/2019;02:40:00;21;com vítima;269,207;BR-364/MT;Norte;Colisão Frontal;2;2;;;;1;3
27/10/2019;10:06:00;111;sem vítima;502,019;BR-364/MT;Norte;Colisão Lateral;1;3;;;;;1
28/10/2019;07:04:00;62;sem vítima;514,06;BR-070/MT;Sul;Colisão Transversal;1;2;;;;;1
28/10/2019;07:41:00;77;sem vítima;236,558;BR-364/MT;Sul;Tombamento;1;1;;;;;1
28/10/2019;15:54:00;243;sem vítima;627,1;BR-163/MT;Sul;Colisão Lateral;1;4;;;;;1
28/10/2019;20:53:00;314;sem vítima;387,541;BR-364/MT;Norte;Choque - Suporte de Sinalização;1;1;;;;;1
29/10/2019;04:44:00;34;com vítima;382,84;BR-364/MT;Sul;Saida de Pista;1;0;1;;;;1
29/10/2019;08:11:00;77;sem vítima;827,123;BR-163/MT;Norte;Colisão Traseira;1;4;;;;;1
29/10/2019;08:29:00;83;sem vítima;608,5;BR-163/MT;Norte;Saida de Pista;1;1;;;;;1
29/10/2019;09:00:00;96;sem vítima;201,725;BR-364/MT;Sul;Colisão Lateral;1;2;;;;;1
29/10/2019;10:06:00;128;sem vítima;838,5;BR-163/MT;Sul;Tombamento;1;1;;;;;1
29/10/2019;15:01:00;218;sem vítima;442,644;BR-364/MT;Sul;Tombamento;1;1;;;;;1
29/10/2019;16:15:00;245;sem vítima;114,743;BR-163/MT;Norte;Colisão Traseira;2;2;;;;;1
29/10/2019;17:20:00;266;sem vítima;539,738;BR-163/MT;Sul;Colisão Traseira;2;2;;;;;1
29/10/2019;22:35:00;330;com vítima;373,194;BR-364/MT;Sul;Atropelamento - Andarilho;1;1;;;;1;3
29/10/2019;23:31:00;343;sem vítima;373,901;BR-364/MT;Norte;Colisão Lateral;1;2;;;;;1
30/10/2019;06:20:00;37;com vítima;516,343;BR-070/MT;Sul;Colisão Transversal;1;1;1;;;;1
30/10/2019;08:28:00;85;sem vítima;708,047;BR-163/MT;Norte;Colisão Traseira;1;4;;;;;1
30/10/2019;09:33:00;112;sem vítima;400,228;BR-364/MT;Sul;Colisão Transversal;1;2;;;;;1
30/10/2019;11:48:00;168;sem vítima;377,222;BR-364/MT;Norte;Saida de Pista;1;1;;;;;1
30/10/2019;17:23:00;271;sem vítima;271,358;BR-364/MT;Sul;Tombamento;1;1;;;;;1
30/10/2019;22:43:00;340;sem vítima;821,698;BR-163/MT;Sul;Saida de Pista;1;1;;;;;1
31/10/2019;00:54:00;5;com vítima;383,714;BR-364/MT;Norte;Tombamento;1;0;;1;;;2
31/10/2019;02:22:00;12;sem vítima;347,016;BR-364/MT;Norte;Tombamento;1;1;;;;;1
31/10/2019;05:51:00;44;sem vítima;335,784;BR-364/MT;Sul;Tombamento;1;1;;;;;1
31/10/2019;05:51:00;71;com vítima;335,784;BR-364/MT;Sul;Tombamento;1;0;1;;;;1
31/10/2019;09:45:00;106;sem vítima;514,14;BR-070/MT;Norte;Colisão Transversal;1;2;;;;;1
31/10/2019;12:38:00;160;sem vítima;442,553;BR-364/MT;Sul;Colisão Traseira;2;2;;;;;1
31/10/2019;13:14:00;164;sem vítima;397,286;BR-364/MT;Sul;Colisão Transversal;1;3;;;;;1
31/10/2019;18:42:00;261;sem vítima;254,982;BR-364/MT;Sul;Colisão Lateral;1;2;;;;;1
01/11/2019;08:50:00;82;com vítima;76,979;BR-163/MT;Sul;Choque - Veiculo parado no acostamento;2;7;1;;;;1
01/11/2019;15:12:00;209;sem vítima;269,466;BR-364/MT;Sul;Tombamento;1;1;;;;;1
01/11/2019;15:43:00;220;sem vítima;495,905;BR-070/MT;Sul;Colisão Transversal;1;2;;;;;1
02/11/2019;05:37:00;42;sem vítima;736,031;BR-163/MT;Sul;Colisão Lateral;1;2;;;;;1
02/11/2019;10:02:00;132;sem vítima;625,258;BR-163/MT;Sul;Saida de Pista;1;2;;;;;1
02/11/2019;11:20:00;159;sem vítima;511,884;BR-070/MT;Sul;Engavetamento;2;4;;;;;1
04/11/2019;04:40:00;42;sem vítima;346,147;BR-364/MT;Norte;Saida de Pista;1;1;;;;;1
04/11/2019;15:21:00;194;sem vítima;687,13;BR-163/MT;Sul;Colisão Lateral;1;3;;;;;1
04/11/2019;16:34:00;225;sem vítima;841,023;BR-163/MT;Sul;Colisão Lateral;1;4;;;;;1
04/11/2019;22:59:00;287;sem vítima;371,845;BR-364/MT;Norte;Saida de Pista;1;1;;;;;1