data;horario;n_da_ocorrencia;tipo_de_ocorrencia;km;trecho;sentido;tipo_de_acidente;caminhao;ilesos;levemente_feridos;moderadamente_feridos;gravemente_feridos;mortos;3
05/11/2019;12:06:00;138;sem vítima;354,156;BR-364/MT;Norte;Choque - Outros;1;1;;;;;1
05/11/2019;12:37:00;147;sem vítima;354,156;BR-364/MT;Norte;Saida de Pista;1;1;;;;;1
06/11/2019;10:39:00;131;sem vítima;479,801;BR-364/MT;Sul;Colisão Traseira;2;3;;;;;1
06/11/2019;10:48:00;136;sem vítima;629,5;BR-163/MT;Sul;Colisão Traseira;2;2;;;;;1
06/11/2019;13:36:00;177;sem vítima;510,997;BR-070/MT;Norte;Engavetamento;2;4;;;;;1
06/11/2019;14:41:00;193;sem vítima;516,54;BR-070/MT;Sul;Saida de Pista;1;2;;;;;1
06/11/2019;15:56:00;224;sem vítima;680,902;BR-163/MT;Sul;Choque - Veiculo parado na pista;2;2;;;;;1
06/11/2019;16:08:00;227;sem vítima;458,839;BR-364/MT;Sul;Saida de Pista;1;1;;;;;1
06/11/2019;20:36:00;300;sem vítima;582,441;BR-163/MT;Norte;Tombamento;1;2;;;;;1
07/11/2019;01:19:00;11;sem vítima;458,121;BR-364/MT;Norte;Tombamento;1;1;;;;;1
07/11/2019;06:53:00;51;sem vítima;382,804;BR-364/MT;Sul;Colisão Traseira;2;2;;;;;1
07/11/2019;07:41:00;71;sem vítima;119,605;BR-163/MT;Sul;Choque - Veiculo parado na pista;1;2;;;;;1
07/11/2019;07:50:00;79;sem vítima;544,138;BR-163/MT;Sul;Colisão Traseira;2;3;;;;;1
07/11/2019;11:19:00;162;com vítima;777,078;BR-163/MT;Sul;Choque - Veiculo parado na pista;2;1;;1;;;2
07/11/2019;11:34:00;167;sem vítima;385,016;BR-364/MT;Sul;Choque - Outros;1;3;;;;;1
07/11/2019;15:51:00;239;sem vítima;583,065;BR-364/MT;Norte;Colisão Lateral;1;2;;;;;1
08/11/2019;07:34:00;61;sem vítima;749,838;BR-163/MT;Norte;Colisão Traseira;1;3;;;;;1
08/11/2019;10:48:00;154;sem vítima;697,404;BR-163/MT;Norte;Engavetamento;3;3;;;;;1
08/11/2019;12:21:00;185;com vítima;462;BR-364/MT;Norte;Colisão Transversal;1;1;;1;;;2
08/11/2019;12:40:00;187;sem vítima;468,467;BR-364/MT;Sul;Saida de Pista;1;1;;;;;1
08/11/2019;16:29:00;250;sem vítima;723,862;BR-163/MT;Sul;Tombamento;1;1;;;;;1
09/11/2019;13:16:00;160;sem vítima;257,994;BR-364/MT;Norte;Colisão Transversal;1;2;;;;;1
09/11/2019;14:55:00;182;com vítima;800,324;BR-163/MT;Norte;Colisão Lateral;1;4;2;;;;1
09/11/2019;16:42:00;210;sem vítima;682,989;BR-163/MT;Sul;Colisão Lateral;1;2;;;;;1
10/11/2019;06:28:00;24;com vítima;274,433;BR-364/MT;Norte;Tombamento;1;0;1;;;;1
10/11/2019;07:21:00;46;com vítima;512,634;BR-070/MT;Sul;Colisão Transversal;1;1;1;;;1;3
10/11/2019;09:47:00;93;sem vítima;349,233;BR-364/MT;Norte;Tombamento;1;1;;;;;1
10/11/2019;12:41:00;134;sem vítima;665,709;BR-163/MT;Sul;Tombamento;1;1;;;;;1
10/11/2019;15:38:00;182;sem vítima;448,118;BR-364/MT;Sul;Tombamento;1;2;;;;;1
10/11/2019;16:36:00;192;sem vítima;463,828;BR-364/MT;Sul;Colisão Lateral;2;2;;;;;1
10/11/2019;17:17:00;205;com vítima;556,717;BR-163/MT;Norte;Capotamento;1;1;;1;;;2
10/11/2019;19:07:00;231;sem vítima;368,1;BR-364/MT;Norte;Colisão Lateral;1;5;;;;;1
11/11/2019;15:53:00;222;com vítima;753,939;BR-163/MT;Sul;Colisão Lateral;1;2;1;;;;1
11/11/2019;19:25:00;282;sem vítima;754,196;BR-163/MT;Sul;Colisão Lateral;1;2;;;;;1
12/11/2019;08:21:00;62;sem vítima;207,974;BR-364/MT;Sul;Tombamento;1;2;;;;;1
12/11/2019;13:21:00;144;sem vítima;521;BR-163/MT;Norte;Tombamento;1;1;;;;;1
12/11/2019;14:06:00;156;sem vítima;434,6;BR-364/MT;Norte;Colisão Traseira;1;4;;;;;1
12/11/2019;15:11:00;184;sem vítima;489,7;BR-364/MT;Norte;Saida de Pista;1;1;;;;;1
13/11/2019;10:02:00;109;com vítima;522,177;BR-070/MT;Norte;Engavetamento;2;3;1;;;;1
13/11/2019;10:23:00;119;sem vítima;586,9;BR-163/MT;Sul;Colisão Traseira;1;2;;;;;1
13/11/2019;12:29:00;155;sem vítima;508,015;BR-364/MT;Sul;Saida de Pista;1;3;;;;;1
13/11/2019;13:00:00;162;sem vítima;522,938;BR-364/MT;Sul;Tombamento;1;1;;;;;1
13/11/2019;18:03:00;257;sem vítima;844,599;BR-163/MT;Norte;Colisão Lateral;1;4;;;;;1
13/11/2019;20:36:00;293;sem vítima;505,137;BR-364/MT;Norte;Colisão Traseira;1;3;;;;;1
14/11/2019;06:35:00;44;com vítima;575,309;BR-163/MT;Sul;Tombamento;1;0;1;;;;1
14/11/2019;07:57:00;75;sem vítima;546,5;BR-163/MT;Sul;Colisão Traseira;2;2;;;;;1
14/11/2019;08:20:00;82;sem vítima;752,743;BR-163/MT;Sul;Colisão Transversal;1;2;;;;;1
14/11/2019;13:33:00;196;sem vítima;620,5;BR-163/MT;Norte;Saida de Pista;1;1;;;;;1
14/11/2019;17:55:00;276;sem vítima;497,317;BR-364/MT;Sul;Saida de Pista;1;1;;;;;1
14/11/2019;17:58:00;277;sem vítima;486,706;BR-364/MT;Sul;Saida de Pista;1;1;;;;;1
15/11/2019;16:30:00;259;sem vítima;439,631;BR-364/MT;Sul;Tombamento;1;1;;;;;1
15/11/2019;17:58:00;276;sem vítima;270,197;BR-364/MT;Sul;Tombamento;1;1;;;;;1
16/11/2019;06:56:00;44;sem vítima;458,35;BR-364/MT;Norte;Capotamento;1;1;;;;;1
16/11/2019;09:02:00;84;sem vítima;786,563;BR-163/MT;Sul;Tombamento;1;1;;;;;1
17/11/2019;06:42:00;36;com vítima;271,813;BR-364/MT;Sul;Colisão Traseira;1;1;1;;;;1
17/11/2019;08:02:00;59;com vítima;530,931;BR-163/MT;Norte;Colisão Frontal;1;1;1;;;;1
17/11/2019;17:07:00;193;sem vítima;346,512;BR-364/MT;Norte;Choque - Defensa, barreira ou "submarino";1;8;;;;;1
17/11/2019;19:02:00;226;sem vítima;117,156;BR-163/MT;Norte;Colisão Traseira;1;2;;;;;1
18/11/2019;09:22:00;140;sem vítima;348,7;BR-364/MT;Norte;Choque - Suporte de Sinalização;1;1;;;;;1
18/11/2019;12:09:00;197;com vítima;575,449;BR-364/MT;Norte;Colisão Traseira;2;1;;1;;;2
18/11/2019;13:52:00;219;sem vítima;619,5;BR-163/MT;Sul;Saida de Pista;1;3;;;;;1
18/11/2019;15:17:00;246;sem vítima;719,5;BR-163/MT;Sul;Saida de Pista;1;1;;;;;1
18/11/2019;16:37:00;272;com vítima;606,358;BR-163/MT;Norte;Colisão Frontal;1;1;2;1;;;2
18/11/2019;16:48:00;277;sem vítima;795,959;BR-163/MT;Norte;Colisão Lateral;1;2;;;;;1
18/11/2019;18:29:00;302;sem vítima;119,619;BR-163/MT;Sul;Colisão Traseira;2;2;;;;;1
19/11/2019;06:43:00;48;sem vítima;541,5;BR-163/MT;Sul;Saida de Pista;1;1;;;;;1
19/11/2019;20:05:00;301;sem vítima;495,9;BR-070/MT;Sul;Colisão Lateral;1;5;;;;;1
20/11/2019;07:14:00;56;sem vítima;444,624;BR-364/MT;Norte;Tombamento;1;1;;;;;1
20/11/2019;11:27:00;160;sem vítima;211,715;BR-364/MT;Sul;Colisão Traseira;1;2;;;;;1
20/11/2019;14:47:00;228;sem vítima;392,115;BR-364/MT;Norte;Colisão Traseira;2;2;;;;;1
21/11/2019;19:45:00;289;sem vítima;438,446;BR-364/MT;Norte;Saida de Pista;1;1;;;;;1
22/11/2019;06:30:00;40;com vítima;341,476;BR-364/MT;Sul;Tombamento;1;0;1;;;;1
22/11/2019;14:57:00;218;sem vítima;13,783;BR-163/MT;Sul;Saida de Pista;1;1;;;;;1
23/11/2019;04:35:00;36;com vítima;371,128;BR-364/MT;Norte;Colisão Traseira;3;2;1;1;;;2
23/11/2019;07:08:00;65;sem vítima;383,263;BR-364/MT;Norte;Colisão Traseira;2;2;;;;;1
23/11/2019;13:50:00;192;sem vítima;398,482;BR-364/MT;Sul;Colisão Traseira;2;2;;;;;1
23/11/2019;15:28:00;226;sem vítima;277,508;BR-364/MT;Sul;Tombamento;1;1;;;;;1
23/11/2019;15:40:00;229;sem vítima;216,736;BR-364/MT;Norte;Colisão Lateral;2;2;;;;;1
23/11/2019;18:27:00;260;sem vítima;258,461;BR-364/MT;Norte;Colisão Transversal;1;2;;;;;1
24/11/2019;07:20:00;73;sem vítima;396,364;BR-364/MT;Sul;Colisão Traseira;1;3;;;;;1
24/11/2019;21:06:00;291;sem vítima;718,418;BR-163/MT;Sul;Colisão Transversal;1;3;;;;;1
25/11/2019;10:05:00;119;sem vítima;268,083;BR-364/MT;Sul;Tombamento;1;1;;;;;1
25/11/2019;11:21:00;151;com vítima;604,755;BR-163/MT;Sul;Colisão Frontal;1;0;1;;1;;2
25/11/2019;15:22:00;227;com vítima;64,363;BR-163/MT;Sul;Tombamento;1;0;1;;;;1
25/11/2019;15:52:00;235;sem vítima;554,452;BR-163/MT;Sul;Tombamento;1;1;;;;;1
26/11/2019;04:59:00;38;com vítima;271,853;BR-364/MT;Sul;Tombamento;1;0;1;;;;1
26/11/2019;05:28:00;41;sem vítima;834,431;BR-163/MT;Sul;Tombamento;1;2;;;;;1
26/11/2019;06:36:00;45;sem vítima;600,3;BR-163/MT;Norte;Colisão Lateral;1;2;;;;;1
26/11/2019;14:51:00;219;sem vítima;497,958;BR-070/MT;Sul;Colisão Traseira;2;2;;;;;1
26/11/2019;14:56:00;222;sem vítima;532,128;BR-364/MT;Sul;Colisão Traseira;2;2;;;;;1
26/11/2019;19:59:00;306;sem vítima;254,956;BR-364/MT;Norte;Choque - Suporte de Sinalização;1;1;;;;;1
27/11/2019;04:29:00;37;com vítima;356,557;BR-364/MT;Sul;Tombamento;1;0;1;;;;1
27/11/2019;08:18:00;84;com vítima;686,2;BR-163/MT;Norte;Colisão Traseira;1;2;1;;;;1
27/11/2019;13:01:00;180;sem vítima;349,734;BR-364/MT;Norte;Saida de Pista;1;2;;;;;1
27/11/2019;15:43:00;232;sem vítima;608,891;BR-163/MT;Norte;Capotamento;1;1;;;;;1
27/11/2019;16:30:00;259;sem vítima;202,79;BR-364/MT;Sul;Colisão Traseira;2;2;;;;;1
27/11/2019;17:03:00;278;sem vítima;737,876;BR-163/MT;Sul;Saida de Pista;1;1;;;;;1
27/11/2019;17:19:00;288;com vítima;267,711;BR-364/MT;Sul;Engavetamento;2;3;2;;;;1
27/11/2019;20:39:00;345;com vítima;331,291;BR-364/MT;Norte;Choque - Suporte de Sinalização;1;0;;1;;;2
27/11/2019;20:44:00;348;com vítima;280,217;BR-364/MT;Sul;Colisão Transversal;2;1;;;;1;3
27/11/2019;20:58:00;350;sem vítima;442,64;BR-364/MT;Norte;Atropelamento de Animal;1;2;;;;;1
28/11/2019;11:50:00;166;sem vítima;749,661;BR-163/MT;Sul;Engavetamento;1;5;;;;;1
28/11/2019;16:20:00;248;sem vítima;829,175;BR-163/MT;Norte;Colisão Transversal;2;3;;;;;1
28/11/2019;17:13:00;265;sem vítima;90,633;BR-163/MT;Norte;Saida de Pista;1;1;;;;;1
28/11/2019;19:05:00;300;com vítima;681,685;BR-163/MT;Sul;Tombamento;1;0;1;;;;1
29/11/2019;00:32:00;5;sem vítima;333,358;BR-364/MT;Sul;Tombamento;1;1;;;;;1
29/11/2019;07:52:00;82;com vítima;748,779;BR-163/MT;Sul;Colisão Lateral;1;1;1;;;;1
29/11/2019;13:26:00;197;sem vítima;117,4;BR-163/MT;Norte;Colisão Lateral;1;3;;;;;1
29/11/2019;14:32:00;222;sem vítima;221,783;BR-364/MT;Norte;Saida de Pista;1;1;;;;;1
29/11/2019;14:45:00;227;sem vítima;729,9;BR-163/MT;Norte;Tombamento;1;1;;;;;1
29/11/2019;14:52:00;233;sem vítima;651,58;BR-163/MT;Sul;Colisão Traseira;2;2;;;;;1
29/11/2019;15:53:00;246;sem vítima;350,992;BR-364/MT;Norte;Choque - Talude;1;3;;;;;1
29/11/2019;17:40:00;274;sem vítima;742,411;BR-163/MT;Sul;Colisão Traseira;1;2;;;;;1
29/11/2019;18:00:00;282;sem vítima;523,923;BR-070/MT;Norte;Choque - Veiculo parado no acostamento;1;7;;;;;1
29/11/2019;18:44:00;296;sem vítima;523,963;BR-070/MT;Norte;Colisão Traseira;1;5;;;;;1
29/11/2019;18:58:00;302;sem vítima;345,994;BR-364/MT;Norte;Colisão Traseira;2;2;;;;;1
30/11/2019;05:05:00;33;sem vítima;634,812;BR-163/MT;Norte;Tombamento;1;1;;;;;1
30/11/2019;06:09:00;39;com vítima;277,501;BR-364/MT;Sul;Tombamento;1;0;;;;1;3
30/11/2019;06:49:00;47;com vítima;534,148;BR-163/MT;Sul;Colisão Lateral;2;1;2;4;;1;3
30/11/2019;07:02:00;51;sem vítima;277,419;BR-364/MT;Sul;Colisão Traseira;1;2;;;;;1
30/11/2019;07:36:00;65;sem vítima;534,148;BR-163/MT;Norte;Saida de Pista;1;1;;;;;1
30/11/2019;08:35:00;84;sem vítima;469,369;BR-364/MT;Norte;Tombamento;1;2;;;;;1
30/11/2019;11:20:00;128;sem vítima;201,707;BR-364/MT;Sul;Colisão Lateral;1;2;;;;;1
30/11/2019;15:50:00;192;sem vítima;637,154;BR-163/MT;Norte;Outros;1;2;;;;;1
30/11/2019;19:33:00;247;sem vítima;745,882;BR-163/MT;Norte;Colisão Lateral;1;4;;;;;1
01/12/2019;02:34:00;13;com vítima;440,211;BR-364/MT;Norte;Tombamento;1;1;;1;;;2
01/12/2019;11:41:00;120;com vítima;270,235;BR-364/MT;Sul;Tombamento;1;0;1;;;;1
01/12/2019;16:46:00;190;sem vítima;539,443;BR-163/MT;Sul;Saida de Pista;1;2;;;;;1
01/12/2019;18:20:00;216;com vítima;350,342;BR-364/MT;Norte;Saida de Pista;1;2;;1;;;2
01/12/2019;18:57:00;219;sem vítima;373,258;BR-364/MT;Norte;Choque - Veiculo parado na pista;1;3;;;;;1
01/12/2019;21:47:00;241;sem vítima;741,182;BR-163/MT;Sul;Capotamento;1;2;;;;;1
02/12/2019;16:06:00;252;sem vítima;397,417;BR-364/MT;Sul;Engavetamento;1;3;;;;;1
02/12/2019;17:27:00;268;sem vítima;843,553;BR-163/MT;Norte;Colisão Traseira;1;3;;;;;1
02/12/2019;18:59:00;301;com vítima;521,566;BR-070/MT;Norte;Colisão Transversal;1;1;;1;;;2
03/12/2019;12:50:00;152;sem vítima;356;BR-364/MT;Sul;Choque - Arvore;1;1;;;;;1
03/12/2019;12:59:00;155;com vítima;828,4;BR-163/MT;Sul;Colisão Frontal;1;1;2;;;;1
03/12/2019;14:50:00;173;com vítima;510,947;BR-070/MT;Sul;Tombamento;2;1;;1;;;2
03/12/2019;14:54:00;175;sem vítima;516,466;BR-364/MT;Norte;Tombamento;1;1;;;;;1
03/12/2019;16:12:00;199;sem vítima;350,198;BR-364/MT;Sul;Colisão Traseira;2;4;;;;;1
03/12/2019;23:54:00;303;sem vítima;381,146;BR-364/MT;Norte;Saida de Pista;1;1;;;;;1
04/12/2019;01:53:00;28;com vítima;507,267;BR-364/MT;Sul;Saida de Pista;1;0;1;;;;1
04/12/2019;06:15:00;47;com vítima;346,399;BR-364/MT;Sul;Tombamento;1;0;1;;;;1
04/12/2019;14:31:00;212;sem vítima;632,708;BR-163/MT;Sul;Tombamento;1;1;;;;;1
04/12/2019;22:15:00;332;com vítima;102,457;BR-163/MT;Norte;Colisão Traseira;2;1;1;;;;1
05/12/2019;01:32:00;14;sem vítima;718,708;BR-163/MT;Norte;Tombamento;1;1;;;;;1
05/12/2019;07:25:00;67;sem vítima;595,511;BR-163/MT;Norte;Colisão Lateral;1;4;;;;;1
05/12/2019;10:00:00;131;com vítima;503,665;BR-070/MT;Sul;Tombamento;1;0;1;;;;1
05/12/2019;16:16:00;235;sem vítima;96,13;BR-163/MT;Norte;Choque - Veiculo parado no acostamento;2;2;;;;;1
05/12/2019;17:18:00;255;com vítima;539,147;BR-163/MT;Sul;Saida de Pista;1;1;1;;;;1
05/12/2019;21:15:00;302;sem vítima;204,033;BR-364/MT;Sul;Colisão Traseira;2;2;;;;;1
06/12/2019;06:19:00;54;com vítima;676,879;BR-163/MT;Sul;Colisão Traseira;1;1;1;;;;1
06/12/2019;06:45:00;63;sem vítima;835,559;BR-163/MT;Norte;Choque - Veiculo parado no acostamento;1;2;;;;;1
06/12/2019;11:47:00;178;sem vítima;530,73;BR-364/MT;Sul;Colisão Traseira;2;3;;;;;1
06/12/2019;16:37:00;286;sem vítima;562,101;BR-163/MT;Norte;Colisão Traseira;1;3;;;;;1
06/12/2019;17:13:00;296;sem vítima;117,61;BR-163/MT;Sul;Choque - Veiculo parado na pista;1;2;;;;;1
06/12/2019;17:18:00;298;sem vítima;820,157;BR-163/MT;Sul;Colisão Transversal;1;3;;;;;1
07/12/2019;00:31:00;24;com vítima;277,432;BR-364/MT;Sul;Tombamento;1;1;;;;1;3
07/12/2019;16:14:00;239;sem vítima;536,865;BR-163/MT;Sul;Outros;1;1;;;;;1
07/12/2019;16:28:00;240;sem vítima;439,865;BR-364/MT;Norte;Tombamento;1;1;;;;;1
08/12/2019;06:47:00;47;sem vítima;503,801;BR-070/MT;Sul;Colisão Traseira;1;3;;;;;1
08/12/2019;14:24:00;139;sem vítima;557,317;BR-163/MT;Norte;Tombamento;1;1;;;;;1
08/12/2019;15:50:00;159;sem vítima;317,132;BR-364/MT;Sul;Saida de Pista;1;1;;;;;1
08/12/2019;21:52:00;254;com vítima;262,452;BR-364/MT;Sul;Colisão Transversal;1;2;1;;;;1
09/12/2019;00:38:00;4;sem vítima;361,876;BR-364/MT;Sul;Atropelamento de Animal;1;1;;;;;1
09/12/2019;09:26:00;117;sem vítima;511,727;BR-070/MT;Norte;Colisão Traseira;2;3;;;;;1
09/12/2019;11:22:00;170;com vítima;269,25;BR-364/MT;Sul;Colisão Lateral;1;2;1;;;;1
09/12/2019;17:27:00;272;sem vítima;474,452;BR-364/MT;Norte;Choque - Outros;1;1;;;;;1
09/12/2019;21:21:00;321;com vítima;75,583;BR-163/MT;Sul;Atropelamento - Usuário;1;2;;;1;;2
10/12/2019;04:18:00;21;sem vítima;538,05;BR-163/MT;Norte;Saida de Pista;1;2;;;;;1
10/12/2019;06:56:00;53;sem vítima;207,5;BR-364/MT;Sul;Colisão Traseira;2;2;;;;;1
10/12/2019;12:53:00;194;sem vítima;346,341;BR-364/MT;Norte;Choque - Outros;1;1;;;;;1
10/12/2019;13:03:00;201;sem vítima;766,7;BR-163/MT;Sul;Colisão Traseira;1;7;;;;;1
10/12/2019;16:15:00;283;sem vítima;458,717;BR-364/MT;Norte;Colisão Traseira;3;3;;;;;1
11/12/2019;06:28:00;50;sem vítima;355,347;BR-364/MT;Norte;Choque - Defensa, barreira ou "submarino";1;1;;;;;1
11/12/2019;08:19:00;106;sem vítima;651,6;BR-163/MT;Sul;Colisão Lateral;1;6;;;;;1
11/12/2019;08:59:00;125;sem vítima;651,612;BR-163/MT;Sul;Colisão Traseira;2;2;;;;;1
11/12/2019;09:51:00;141;com vítima;269,788;BR-364/MT;Norte;Colisão Transversal;1;2;1;;;;1
11/12/2019;10:23:00;155;sem vítima;448,217;BR-364/MT;Norte;Capotamento;1;4;;;;;1
11/12/2019;13:47:00;226;sem vítima;832,702;BR-163/MT;Sul;Colisão Traseira;1;2;;;;;1
11/12/2019;17:11:00;302;sem vítima;538,957;BR-163/MT;Sul;Colisão Lateral;1;3;;;;;1
11/12/2019;17:36:00;309;sem vítima;346,361;BR-364/MT;Sul;Tombamento;1;1;;;;;1
12/12/2019;10:39:00;144;sem vítima;345,87;BR-364/MT;Norte;Choque - Defensa, barreira ou "submarino";1;2;;;;;1
12/12/2019;13:02:00;191;sem vítima;278,218;BR-364/MT;Sul;Colisão Traseira;1;2;;;;;1
12/12/2019;14:28:00;210;sem vítima;346,924;BR-364/MT;Norte;Tombamento;1;2;;;;;1
12/12/2019;19:43:00;289;sem vítima;119,603;BR-163/MT;Norte;Colisão Lateral;1;2;;;;;1
12/12/2019;23:48:00;333;sem vítima;393,141;BR-364/MT;Sul;Atropelamento de Animal;1;1;;;;;1
13/12/2019;09:29:00;127;sem vítima;597,673;BR-163/MT;Sul;Colisão Traseira;1;5;;;;;1
13/12/2019;10:46:00;152;sem vítima;265,134;BR-364/MT;Sul;Tombamento;1;1;;;;;1
13/12/2019;11:34:00;168;sem vítima;529,5;BR-163/MT;Norte;Colisão Lateral;1;2;;;;;1
13/12/2019;11:43:00;172;sem vítima;549,658;BR-163/MT;Sul;Tombamento;1;1;;;;;1
13/12/2019;12:10:00;178;sem vítima;489,91;BR-364/MT;Sul;Saida de Pista;1;1;;;;;1
13/12/2019;12:37:00;184;sem vítima;443,829;BR-364/MT;Sul;Saida de Pista;1;1;;;;;1
14/12/2019;10:56:00;173;sem vítima;687,495;BR-163/MT;Sul;Colisão Transversal;1;2;;;;;1
14/12/2019;18:50:00;325;sem vítima;750,01;BR-163/MT;Norte;Colisão Traseira;1;2;;;;;1
15/12/2019;05:12:00;38;com vítima;264,96;BR-364/MT;Norte;Colisão Transversal;1;1;;1;1;;2
15/12/2019;16:28:00;204;com vítima;336,728;BR-364/MT;Norte;Colisão Traseira;2;2;;;;1;3
17/12/2019;11:37:00;163;com vítima;269,818;BR-364/MT;Norte;Colisão Transversal;1;3;2;;;;1
17/12/2019;17:12:00;252;sem vítima;752,883;BR-163/MT;Norte;Choque - Veiculo parado no acostamento;1;2;;;;;1
18/12/2019;05:17:00;30;sem vítima;369,893;BR-364/MT;Norte;Tombamento;1;1;;;;;1
18/12/2019;11:31:00;195;sem vítima;507,521;BR-070/MT;Norte;Saida de Pista;1;1;;;;;1
18/12/2019;15:26:00;250;sem vítima;505;BR-070/MT;Norte;Saida de Pista;1;1;;;;;1
18/12/2019;17:15:00;288;sem vítima;834,953;BR-163/MT;Sul;Colisão Transversal;1;2;;;;;1
18/12/2019;17:39:00;293;sem vítima;854,1;BR-163/MT;Norte;Colisão Transversal;1;4;;;;;1
19/12/2019;15:01:00;231;sem vítima;255,856;BR-364/MT;Norte;Colisão Frontal;1;4;;;;;1
19/12/2019;16:12:00;254;com vítima;269,324;BR-364/MT;Norte;Colisão Frontal;1;1;3;;;;1
19/12/2019;17:31:00;283;sem vítima;550,8;BR-163/MT;Sul;Saida de Pista;1;1;;;;;1
19/12/2019;18:51:00;301;sem vítima;271,321;BR-364/MT;Sul;Engavetamento;1;6;;;;;1
20/12/2019;06:49:00;52;sem vítima;772,755;BR-163/MT;Sul;Saida de Pista;1;3;;;;;1
20/12/2019;07:25:00;64;sem vítima;259,719;BR-364/MT;Sul;Saida de Pista;1;1;;;;;1
20/12/2019;15:10:00;218;com vítima;17,218;BR-163/MT;Sul;Tombamento;1;0;1;;;;1
20/12/2019;16:39:00;260;sem vítima;331,418;BR-364/MT;Norte;Choque - Elemento de Drenagem;1;1;;;;;1
20/12/2019;19:56:00;330;sem vítima;341,497;BR-364/MT;Sul;Tombamento;1;1;;;;;1
20/12/2019;20:59:00;349;com vítima;254,837;BR-364/MT;Sul;Colisão Lateral;1;1;;5;1;;2
21/12/2019;01:16:00;8;com vítima;526,864;BR-163/MT;Norte;Tombamento;1;0;;1;;;2
21/12/2019;14:14:00;236;sem vítima;582,33;BR-163/MT;Sul;Saida de Pista;1;1;;;;;1
21/12/2019;19:13:00;324;sem vítima;852,006;BR-163/MT;Norte;Colisão Lateral;1;2;;;;;1
21/12/2019;20:13:00;341;com vítima;117,867;BR-163/MT;Norte;Colisão Traseira;1;1;1;;;;1
21/12/2019;21:29:00;347;sem vítima;512,013;BR-364/MT;Norte;Colisão Lateral;1;3;;;;;1
22/12/2019;00:23:00;1;sem vítima;518,784;BR-070/MT;Norte;Colisão Lateral;1;4;;;;;1
22/12/2019;00:28:00;2;sem vítima;86,995;BR-163/MT;Sul;Saida de Pista;1;1;;;;;1
23/12/2019;11:54:00;155;sem vítima;573,95;BR-364/MT;Sul;Tombamento;1;1;;;;;1
23/12/2019;11:54:00;157;sem vítima;573,95;BR-364/MT;Sul;Tombamento;1;1;;;;;1
24/12/2019;02:08:00;25;sem vítima;378,337;BR-364/MT;Sul;Tombamento;1;1;;;;;1
24/12/2019;17:37:00;269;sem vítima;464,629;BR-364/MT;Norte;Saida de Pista;1;2;;;;;1
24/12/2019;17:58:00;274;sem vítima;474,828;BR-364/MT;Norte;Tombamento;1;2;;;;;1
25/12/2019;13:38:00;104;sem vítima;719,5;BR-163/MT;Sul;Saida de Pista;1;1;;;;;1
25/12/2019;16:07:00;140;sem vítima;214,704;BR-364/MT;Norte;Colisão Lateral;1;3;;;;;1
26/12/2019;10:02:00;127;sem vítima;854,123;BR-163/MT;Norte;Colisão Transversal;1;2;;;;;1
26/12/2019;12:23:00;168;sem vítima;552,281;BR-163/MT;Norte;Colisão Lateral;1;2;;;;;1
26/12/2019;14:01:00;195;sem vítima;583,54;BR-364/MT;Norte;Tombamento;1;1;;;;;1
26/12/2019;15:55:00;227;sem vítima;768,345;BR-163/MT;Sul;Saida de Pista;1;1;;;;;1
26/12/2019;16:30:00;237;sem vítima;838,746;BR-163/MT;Sul;Capotamento;1;1;;;;;1
26/12/2019;17:03:00;247;sem vítima;254,745;BR-364/MT;Norte;Tombamento;1;1;;;;;1
27/12/2019;18:39:00;301;sem vítima;563,699;BR-364/MT;Sul;Saida de Pista;1;1;;;;;1
27/12/2019;19:52:00;317;com vítima;254,751;BR-364/MT;Norte;Capotamento;1;0;1;;;;1
27/12/2019;22:10:00;341;sem vítima;458,717;BR-364/MT;Norte;Choque - Defensa, barreira ou "submarino";1;1;;;;;1
28/12/2019;07:30:00;76;sem vítima;819,019;BR-163/MT;Sul;Saida de Pista;1;1;;;;;1
28/12/2019;08:49:00;99;sem vítima;586,9;BR-163/MT;Norte;Colisão Traseira;2;2;;;;;1
28/12/2019;11:37:00;158;sem vítima;669,5;BR-163/MT;Norte;Saida de Pista;1;3;;;;;1
29/12/2019;13:19:00;147;sem vítima;600,33;BR-163/MT;Sul;Outros;1;1;;;;;1
29/12/2019;13:27:00;148;sem vítima;593,752;BR-163/MT;Norte;Saida de Pista;1;2;;;;;1
29/12/2019;15:20:00;174;sem vítima;346,993;BR-364/MT;Norte;Colisão Traseira;2;2;;;;;1
30/12/2019;10:16:00;83;sem vítima;491,276;BR-364/MT;Sul;Colisão Traseira;1;4;;;;;1
31/12/2019;11:51:00;85;com vítima;683,2;BR-163/MT;Sul;Colisão Traseira;1;1;1;;;;1