data;horario;n_da_ocorrencia;tipo_de_ocorrencia;km;trecho;sentido;tipo_de_acidente;caminhao;ilesos;levemente_feridos;moderadamente_feridos;gravemente_feridos;mortos;3
17/02/2020;16:40:00;254;sem vítima;277,321;BR-364/MT;Norte;Colisão Traseira;2;2;;;;;1
17/02/2020;17:50:00;277;com vítima;348,762;BR-364/MT;Norte;Colisão Traseira;2;2;1;;;;1
18/02/2020;06:14:00;45;com vítima;748,34;BR-163/MT;Norte;Tombamento;1;0;;1;;;2
18/02/2020;08:16:00;83;com vítima;844,878;BR-163/MT;Sul;Colisão Traseira;2;1;1;;;;1
18/02/2020;10:02:00;127;sem vítima;854,144;BR-163/MT;Sul;Colisão Transversal;1;3;;;;;1
18/02/2020;10:26:00;138;sem vítima;854,015;BR-163/MT;Sul;Colisão Transversal;1;3;;;;;1
18/02/2020;17:19:00;241;sem vítima;523,208;BR-070/MT;Sul;Colisão Transversal;1;3;;;;;1
18/02/2020;17:30:00;243;sem vítima;518,621;BR-364/MT;Sul;Tombamento;1;1;;;;;1
18/02/2020;19:27:00;271;com vítima;693,904;BR-163/MT;Sul;Capotamento;1;1;1;;1;;2
18/02/2020;21:53:00;306;sem vítima;275,903;BR-364/MT;Sul;Choque - Defensa, barreira ou "submarino";1;1;;;;;1
19/02/2020;10:43:00;161;sem vítima;834,438;BR-163/MT;Sul;Colisão Lateral;1;4;;;;;1
19/02/2020;11:11:00;179;sem vítima;770,464;BR-163/MT;Norte;Colisão Lateral;2;4;;;;;1
19/02/2020;14:14:00;230;sem vítima;702,166;BR-163/MT;Sul;Saida de Pista;1;1;;;;;1
19/02/2020;14:22:00;234;sem vítima;565,4;BR-163/MT;Sul;Tombamento;1;2;;;;;1
19/02/2020;16:06:00;264;sem vítima;736,25;BR-163/MT;Norte;Colisão Traseira;1;2;;;;;1
19/02/2020;16:47:00;281;com vítima;267,265;BR-364/MT;Norte;Tombamento;1;1;1;;;;1
19/02/2020;17:11:00;288;sem vítima;591,453;BR-163/MT;Sul;Choque - Defensa, barreira ou "submarino";1;1;;;;;1
20/02/2020;07:39:00;60;sem vítima;768,92;BR-163/MT;Norte;Colisão Transversal;1;2;;;;;1
20/02/2020;09:39:00;114;sem vítima;434,991;BR-364/MT;Norte;Colisão Lateral;2;2;;;;;1
20/02/2020;09:55:00;123;sem vítima;459,546;BR-364/MT;Sul;Tombamento;1;1;;;;;1
20/02/2020;10:29:00;138;sem vítima;510,348;BR-364/MT;Norte;Tombamento;1;1;;;;;1
20/02/2020;10:40:00;141;sem vítima;583,12;BR-163/MT;Sul;Colisão Lateral;2;2;;;;;1
20/02/2020;10:51:00;145;sem vítima;474,472;BR-364/MT;Sul;Tombamento;1;1;;;;;1
20/02/2020;10:59:00;148;sem vítima;474,541;BR-364/MT;Sul;Colisão Lateral;1;1;;;;;1
20/02/2020;11:05:00;152;sem vítima;258,25;BR-364/MT;Norte;Colisão Traseira;2;2;;;;;1
20/02/2020;11:59:00;165;sem vítima;526,046;BR-163/MT;Sul;Tombamento;1;1;;;;;1
20/02/2020;19:01:00;265;sem vítima;586,956;BR-163/MT;Norte;Colisão Traseira;1;3;;;;;1
21/02/2020;00:42:00;10;sem vítima;464,105;BR-364/MT;Norte;Saida de Pista;1;1;;;;;1
21/02/2020;02:22:00;17;sem vítima;469,061;BR-364/MT;Sul;Tombamento;1;1;;;;;1
21/02/2020;05:49:00;42;sem vítima;500,302;BR-070/MT;Sul;Colisão Traseira;1;3;;;;;1
21/02/2020;07:51:00;76;sem vítima;398,256;BR-364/MT;Sul;Colisão Lateral;1;2;;;;;1
21/02/2020;08:53:00;103;sem vítima;608,311;BR-163/MT;Norte;Tombamento;1;1;;;;;1
21/02/2020;15:00:00;227;com vítima;822,696;BR-163/MT;Sul;Choque - Veiculo parado no acostamento;1;1;1;;;;1
21/02/2020;16:17:00;246;sem vítima;736,296;BR-163/MT;Norte;Saida de Pista;1;1;;;;;1
21/02/2020;16:49:00;255;sem vítima;548,896;BR-163/MT;Norte;Colisão Lateral;1;23;;;;;1
21/02/2020;17:04:00;257;com vítima;118,266;BR-163/MT;Norte;Colisão Traseira;1;1;;1;;;2
21/02/2020;19:52:00;298;sem vítima;599,118;BR-163/MT;Sul;Colisão Frontal;1;2;;;;;1
21/02/2020;22:55:00;338;sem vítima;583,449;BR-163/MT;Sul;Tombamento;1;2;;;;;1
22/02/2020;04:48:00;34;sem vítima;513,964;BR-070/MT;Sul;Colisão Traseira;1;2;;;;;1
22/02/2020;07:32:00;61;com vítima;350,018;BR-364/MT;Norte;Tombamento;1;0;1;;;;1
22/02/2020;07:37:00;66;sem vítima;831,03;BR-163/MT;Norte;Choque - Veiculo parado no acostamento;1;2;;;;;1
22/02/2020;08:50:00;93;sem vítima;272,032;BR-364/MT;Sul;Colisão Transversal;1;3;;;;;1
22/02/2020;10:58:00;123;sem vítima;586,9;BR-163/MT;Norte;Colisão Traseira;1;6;;;;;1
22/02/2020;11:21:00;130;sem vítima;350,251;BR-364/MT;Norte;Colisão Lateral;1;3;;;;;1
22/02/2020;12:19:00;148;sem vítima;832,655;BR-163/MT;Sul;Colisão Lateral;1;3;;;;;1
22/02/2020;12:31:00;150;sem vítima;656,196;BR-163/MT;Norte;Capotamento;1;1;;;;;1
22/02/2020;13:58:00;170;sem vítima;827,254;BR-163/MT;Norte;Colisão Lateral;2;2;;;;;1
22/02/2020;14:14:00;178;sem vítima;597,286;BR-163/MT;Norte;Colisão Traseira;1;4;;;;;1
22/02/2020;14:28:00;182;com vítima;348,511;BR-364/MT;Norte;Capotamento;1;0;1;;;;1
22/02/2020;15:31:00;197;sem vítima;664,45;BR-163/MT;Sul;Colisão Traseira;1;2;;;;;1
22/02/2020;17:43:00;236;sem vítima;674,233;BR-163/MT;Norte;Colisão Lateral;1;3;;;;;1
22/02/2020;19:38:00;263;sem vítima;830,98;BR-163/MT;Sul;Colisão Traseira;1;4;;;;;1
22/02/2020;20:48:00;282;com vítima;434,6;BR-364/MT;Sul;Colisão Frontal;1;2;;;1;;2
23/02/2020;08:46:00;85;sem vítima;502,551;BR-070/MT;Sul;Colisão Traseira;2;2;;;;;1
23/02/2020;09:46:00;109;sem vítima;653,061;BR-163/MT;Norte;Tombamento;1;1;;;;;1
23/02/2020;13:52:00;151;sem vítima;827,636;BR-163/MT;Norte;Choque - Poste;1;1;;;;;1
23/02/2020;20:31:00;249;com vítima;516,473;BR-070/MT;Sul;Colisão Frontal;2;6;2;;;;1
24/02/2020;05:50:00;47;sem vítima;435,806;BR-364/MT;Sul;Colisão Transversal;1;4;;;;;1
24/02/2020;06:41:00;51;sem vítima;259,727;BR-364/MT;Sul;Tombamento;1;2;;;;;1
24/02/2020;07:17:00;59;sem vítima;350;BR-364/MT;Norte;Saida de Pista;1;1;;;;;1
24/02/2020;07:46:00;65;sem vítima;749,281;BR-163/MT;Sul;Choque - Objeto sobre a pista;1;2;;;;;1
24/02/2020;09:19:00;96;com vítima;761,219;BR-163/MT;Norte;Capotamento;1;1;1;;;;1
24/02/2020;23:04:00;303;sem vítima;502,427;BR-070/MT;Norte;Colisão Traseira;1;2;;;;;1
25/02/2020;09:36:00;107;sem vítima;546,701;BR-364/MT;Sul;Atropelamento de Animal;1;1;;;;;1
25/02/2020;15:23:00;196;sem vítima;629,057;BR-163/MT;Sul;Colisão Traseira;2;2;;;;;1
26/02/2020;05:28:00;28;com vítima;739,54;BR-163/MT;Norte;Colisão Lateral;2;1;1;;;;1
26/02/2020;08:12:00;64;sem vítima;839,28;BR-163/MT;Sul;Colisão Traseira;1;3;;;;;1
26/02/2020;14:10:00;138;sem vítima;832,634;BR-163/MT;Sul;Colisão Lateral;1;2;;;;;1
26/02/2020;14:38:00;148;sem vítima;203,784;BR-364/MT;Sul;Colisão Traseira;1;2;;;;;1
26/02/2020;16:54:00;183;com vítima;843,54;BR-163/MT;Sul;Colisão Traseira;1;2;2;;;;1
27/02/2020;05:30:00;24;sem vítima;664,633;BR-163/MT;Norte;Colisão Traseira;2;2;;;;;1
27/02/2020;09:30:00;112;sem vítima;519,012;BR-070/MT;Sul;Colisão Traseira;2;2;;;;;1
27/02/2020;19:42:00;279;com vítima;604,556;BR-163/MT;Sul;Tombamento;1;0;1;;;;1
27/02/2020;20:56:00;293;sem vítima;512;BR-364/MT;Norte;Saida de Pista;1;1;;;;;1
28/02/2020;07:43:00;59;com vítima;513,647;BR-070/MT;Sul;Colisão Lateral;3;3;1;;;;1
28/02/2020;08:03:00;69;sem vítima;567,255;BR-364/MT;Norte;Saida de Pista;1;1;;;;;1
28/02/2020;10:21:00;125;sem vítima;271,748;BR-364/MT;Sul;Colisão Lateral;2;3;;;;;1
28/02/2020;10:36:00;133;sem vítima;491,537;BR-364/MT;Norte;Saida de Pista;1;1;;;;;1
28/02/2020;13:35:00;182;sem vítima;673,829;BR-163/MT;Norte;Tombamento;1;1;;;;;1
28/02/2020;15:06:00;209;sem vítima;459,775;BR-364/MT;Norte;Colisão Lateral;2;3;;;;;1
29/02/2020;11:29:00;138;com vítima;841,969;BR-163/MT;Norte;Colisão Traseira;1;1;1;;;;1
29/02/2020;15:58:00;204;sem vítima;752,422;BR-163/MT;Sul;Colisão Transversal;1;6;;;;;1
01/03/2020;09:14:00;95;sem vítima;316,16;BR-364/MT;Norte;Colisão Traseira;1;2;;;;;1
01/03/2020;11:07:00;122;sem vítima;522,043;BR-364/MT;Sul;Colisão Traseira;2;2;;;;;1
01/03/2020;17:30:00;220;sem vítima;577,182;BR-364/MT;Sul;Choque - Talude;1;1;;;;;1
02/03/2020;10:11:00;143;com vítima;854,129;BR-163/MT;Sul;Colisão Transversal;2;1;2;;;;1
02/03/2020;15:34:00;241;com vítima;509,894;BR-070/MT;Sul;Colisão Traseira;2;1;1;;;;1
02/03/2020;17:02:00;260;sem vítima;841,395;BR-163/MT;Sul;Colisão Traseira;2;3;;;;;1
02/03/2020;19:38:00;303;sem vítima;401,439;BR-364/MT;Norte;Colisão Transversal;1;2;;;;;1
03/03/2020;00:54:00;7;sem vítima;507,081;BR-364/MT;Sul;Saida de Pista;1;2;;;;;1
03/03/2020;06:52:00;48;sem vítima;826,199;BR-163/MT;Norte;Colisão Transversal;1;2;;;;;1
03/03/2020;13:20:00;182;sem vítima;713,21;BR-163/MT;Sul;Colisão Lateral;1;2;;;;;1
03/03/2020;18:37:00;258;sem vítima;793,122;BR-163/MT;Sul;Saida de Pista;1;1;;;;;1
04/03/2020;00:39:00;12;sem vítima;502,045;BR-364/MT;Sul;Colisão Traseira;2;2;;;;;1
04/03/2020;09:07:00;98;sem vítima;513,06;BR-163/MT;Sul;Tombamento;1;1;;;;;1
04/03/2020;10:01:00;115;sem vítima;832,946;BR-163/MT;Norte;Colisão Lateral;1;2;;;;;1
04/03/2020;16:39:00;228;sem vítima;514;BR-070/MT;Norte;Colisão Traseira;2;4;;;;;1
04/03/2020;19:56:00;294;com vítima;503,646;BR-070/MT;Norte;Colisão Transversal;1;1;;;;1;3
05/03/2020;12:10:00;178;sem vítima;851,925;BR-163/MT;Sul;Choque - Defensa, barreira ou "submarino";1;1;;;;;1
05/03/2020;14:55:00;229;com vítima;260,996;BR-364/MT;Sul;Colisão Lateral;1;1;1;1;;;2
06/03/2020;13:51:00;169;sem vítima;775,562;BR-163/MT;Norte;Colisão Transversal;1;3;;;;;1
06/03/2020;17:48:00;257;com vítima;269,734;BR-364/MT;Norte;Colisão Transversal;1;3;2;;;;1
06/03/2020;21:27:00;315;sem vítima;88,103;BR-163/MT;Sul;Atropelamento de Animal;1;1;;;;;1
06/03/2020;22:04:00;323;sem vítima;329,306;BR-364/MT;Norte;Colisão Traseira;2;2;;;;;1
07/03/2020;02:28:00;16;sem vítima;812,968;BR-163/MT;Sul;Objeto lançado contra veículo;2;2;;;;;1
07/03/2020;07:33:00;53;sem vítima;119,825;BR-163/MT;Norte;Colisão Lateral;2;2;;;;;1
07/03/2020;09:01:00;84;sem vítima;662,5;BR-163/MT;Norte;Colisão Lateral;1;2;;;;;1
07/03/2020;16:40:00;216;sem vítima;573,764;BR-364/MT;Sul;Tombamento;1;1;;;;;1
08/03/2020;08:44:00;57;com vítima;785,797;BR-163/MT;Norte;Colisão Frontal;1;4;1;1;1;;2
08/03/2020;16:10:00;154;sem vítima;605,948;BR-163/MT;Norte;Tombamento;1;1;;;;;1
09/03/2020;14:34:00;195;com vítima;331,578;BR-364/MT;Sul;Saida de Pista;1;0;1;;;;1
09/03/2020;18:47:00;262;sem vítima;103,368;BR-163/MT;Norte;Saida de Pista;1;1;;;;;1
09/03/2020;20:18:00;277;sem vítima;796,614;BR-163/MT;Norte;Saida de Pista;1;1;;;;;1
10/03/2020;07:37:00;55;sem vítima;288,885;BR-364/MT;Norte;Colisão Lateral;1;2;;;;;1
10/03/2020;15:50:00;245;sem vítima;621,769;BR-163/MT;Sul;Engavetamento;1;4;;;;;1
10/03/2020;19:05:00;297;com vítima;348,906;BR-364/MT;Norte;Tombamento;1;0;;1;;;2
10/03/2020;21:37:00;325;sem vítima;836,327;BR-163/MT;Sul;Colisão Transversal;1;2;;;;;1
10/03/2020;23:54:00;341;sem vítima;478,983;BR-364/MT;Sul;Choque - Defensa, barreira ou "submarino";1;1;;;;;1
11/03/2020;08:32:00;86;com vítima;515,121;BR-070/MT;Sul;Colisão Transversal;1;1;1;;;;1
11/03/2020;09:25:00;108;com vítima;205,887;BR-364/MT;Norte;Colisão Lateral;1;3;;1;;;2
11/03/2020;12:13:00;157;sem vítima;478,423;BR-364/MT;Norte;Saida de Pista;1;1;;;;;1
11/03/2020;16:13:00;230;sem vítima;236,26;BR-364/MT;Norte;Colisão Traseira;2;3;;;;;1
11/03/2020;17:23:00;250;sem vítima;276,186;BR-364/MT;Sul;Colisão Traseira;2;2;;;;;1
11/03/2020;18:46:00;268;sem vítima;525,035;BR-163/MT;Norte;Saida de Pista;1;1;;;;;1
12/03/2020;15:46:00;229;sem vítima;398,274;BR-364/MT;Norte;Colisão Traseira;1;2;;;;;1
12/03/2020;16:25:00;241;sem vítima;67,799;BR-163/MT;Sul;Tombamento;1;1;;;;;1
12/03/2020;16:46:00;249;sem vítima;539,344;BR-163/MT;Norte;Colisão Lateral;2;3;;;;;1
12/03/2020;17:11:00;262;sem vítima;563,799;BR-163/MT;Sul;Colisão Lateral;2;2;;;;;1
12/03/2020;17:45:00;278;com vítima;523,081;BR-070/MT;Sul;Colisão Frontal;1;1;;1;;;2
12/03/2020;21:17:00;332;sem vítima;376,561;BR-364/MT;Sul;Tombamento;1;1;;;;;1
13/03/2020;00:07:00;1;sem vítima;119,79;BR-163/MT;Sul;Tombamento;1;1;;;;;1
13/03/2020;04:32:00;25;sem vítima;707,538;BR-163/MT;Norte;Saida de Pista;1;2;;;;;1
13/03/2020;15:52:00;233;com vítima;829,187;BR-163/MT;Sul;Colisão Traseira;1;2;2;;;;1
13/03/2020;19:15:00;300;sem vítima;502,225;BR-364/MT;Sul;Colisão Lateral;2;2;;;;;1
14/03/2020;07:50:00;55;sem vítima;763,654;BR-163/MT;Sul;Saida de Pista;1;6;;;;;1
14/03/2020;13:20:00;146;sem vítima;582,96;BR-163/MT;Norte;Colisão Transversal;1;2;;;;;1
14/03/2020;19:52:00;270;sem vítima;380,532;BR-364/MT;Sul;Tombamento;1;1;;;;;1
14/03/2020;22:35:00;293;sem vítima;442,237;BR-364/MT;Sul;Choque - Defensa, barreira ou "submarino";1;1;;;;;1
15/03/2020;08:49:00;75;com vítima;260,913;BR-364/MT;Norte;Colisão Lateral;1;2;2;;;;1
15/03/2020;09:11:00;82;sem vítima;327,481;BR-364/MT;Sul;Tombamento;1;1;;;;;1
15/03/2020;14:47:00;169;sem vítima;594,008;BR-163/MT;Norte;Capotamento;1;1;;;;;1
15/03/2020;16:00:00;190;sem vítima;115,015;BR-163/MT;Norte;Saida de Pista;1;1;;;;;1
15/03/2020;17:24:00;213;sem vítima;443,485;BR-364/MT;Sul;Colisão Frontal;1;2;;;;;1
15/03/2020;22:32:00;267;sem vítima;101,553;BR-163/MT;Norte;Tombamento;1;1;;;;;1
16/03/2020;08:18:00;84;sem vítima;521,521;BR-070/MT;Norte;Colisão Lateral;1;2;;;;;1
17/03/2020;10:12:00;117;sem vítima;533,273;BR-364/MT;Norte;Engavetamento;1;3;;;;;1
17/03/2020;11:15:00;144;sem vítima;523,958;BR-070/MT;Norte;Colisão Lateral;1;3;;;;;1
17/03/2020;17:45:00;270;com vítima;834,752;BR-163/MT;Sul;Colisão Lateral;1;1;1;;;;1
17/03/2020;22:29:00;310;sem vítima;348,28;BR-364/MT;Sul;Choque - Talude;1;2;;;;;1
18/03/2020;05:37:00;24;sem vítima;513,513;BR-364/MT;Norte;Tombamento;1;1;;;;;1
18/03/2020;17:01:00;252;sem vítima;731,932;BR-163/MT;Sul;Tombamento;1;1;;;;;1
18/03/2020;23:51:00;348;sem vítima;442,055;BR-364/MT;Norte;Colisão Lateral;2;2;;;;;1
19/03/2020;07:32:00;51;sem vítima;543,028;BR-364/MT;Sul;Colisão Lateral;1;2;;;;;1
19/03/2020;10:00:00;120;sem vítima;496;BR-070/MT;Sul;Colisão Traseira;1;2;;;;;1
19/03/2020;11:16:00;138;sem vítima;258,549;BR-364/MT;Sul;Colisão Transversal;2;2;;;;;1
19/03/2020;14:51:00;192;com vítima;474,845;BR-364/MT;Sul;Tombamento;1;0;;;;1;3
19/03/2020;15:55:00;207;sem vítima;277,746;BR-364/MT;Norte;Colisão Traseira;1;3;;;;;1
19/03/2020;16:44:00;223;sem vítima;346,791;BR-364/MT;Norte;Saida de Pista;1;1;;;;;1
19/03/2020;17:55:00;246;sem vítima;830,941;BR-163/MT;Norte;Colisão Transversal;2;3;;;;;1
20/03/2020;02:40:00;21;com vítima;285,267;BR-364/MT;Sul;Tombamento;1;0;1;;;;1
20/03/2020;09:19:00;102;com vítima;459,398;BR-364/MT;Norte;Capotamento;1;0;1;;;;1
20/03/2020;10:06:00;121;sem vítima;209,435;BR-364/MT;Sul;Tombamento;1;1;;;;;1
20/03/2020;10:46:00;134;sem vítima;476,1;BR-364/MT;Norte;Tombamento;1;1;;;;;1
20/03/2020;14:20:00;182;sem vítima;479,169;BR-364/MT;Sul;Colisão Lateral;2;2;;;;;1
20/03/2020;14:29:00;185;com vítima;761,677;BR-163/MT;Norte;Colisão Lateral;1;19;1;;1;;2
20/03/2020;16:09:00;208;sem vítima;347,234;BR-364/MT;Sul;Tombamento;1;1;;;;;1
20/03/2020;18:11:00;230;com vítima;435,466;BR-364/MT;Norte;Colisão Lateral;1;2;;2;;;2
20/03/2020;18:16:00;231;com vítima;583,17;BR-163/MT;Norte;Colisão Transversal;1;1;1;1;;;2
21/03/2020;11:39:00;127;sem vítima;474,971;BR-364/MT;Sul;Choque - Defensa, barreira ou "submarino";1;2;;;;;1
21/03/2020;14:34:00;184;sem vítima;332,645;BR-364/MT;Sul;Colisão Lateral;2;2;;;;;1
23/03/2020;07:17:00;29;sem vítima;523,952;BR-070/MT;Norte;Engavetamento;2;6;;;;;1
23/03/2020;16:08:00;202;sem vítima;768,5;BR-163/MT;Norte;Colisão Lateral;1;2;;;;;1
23/03/2020;17:21:00;219;com vítima;505,392;BR-364/MT;Norte;Tombamento;1;0;1;;;;1
24/03/2020;03:13:00;27;sem vítima;577,575;BR-364/MT;Norte;Colisão Traseira;1;2;;;;;1
24/03/2020;11:17:00;128;sem vítima;645,966;BR-163/MT;Norte;Saida de Pista;1;1;;;;;1
24/03/2020;15:52:00;188;sem vítima;464,054;BR-364/MT;Norte;Saida de Pista;1;3;;;;;1
24/03/2020;16:25:00;200;sem vítima;458,456;BR-364/MT;Norte;Saida de Pista;1;1;;;;;1
24/03/2020;16:39:00;203;sem vítima;458;BR-364/MT;Sul;Tombamento;1;1;;;;;1
24/03/2020;18:53:00;245;sem vítima;533,761;BR-364/MT;Norte;Choque - Defensa, barreira ou "submarino";1;1;;;;;1
24/03/2020;20:22:00;268;sem vítima;259,936;BR-364/MT;Sul;Tombamento;1;1;;;;;1
25/03/2020;13:30:00;173;sem vítima;556,756;BR-364/MT;Sul;Capotamento;1;1;;;;;1
25/03/2020;13:33:00;174;sem vítima;846,622;BR-163/MT;Norte;Tombamento;1;1;;;;;1
25/03/2020;14:01:00;185;com vítima;349,833;BR-364/MT;Norte;Tombamento;1;0;1;;;;1
25/03/2020;17:47:00;266;com vítima;349,829;BR-364/MT;Norte;Tombamento;1;0;1;;;;1
25/03/2020;18:34:00;280;sem vítima;549,266;BR-163/MT;Sul;Tombamento;1;1;;;;;1
26/03/2020;07:21:00;59;sem vítima;500,653;BR-070/MT;Sul;Colisão Transversal;2;2;;;;;1
26/03/2020;12:44:00;150;sem vítima;458,767;BR-364/MT;Norte;Tombamento;1;1;;;;;1
26/03/2020;13:53:00;159;sem vítima;570,878;BR-364/MT;Norte;Tombamento;1;1;;;;;1
26/03/2020;15:21:00;182;sem vítima;289,633;BR-364/MT;Sul;Colisão Transversal;1;2;;;;;1
26/03/2020;16:00:00;196;sem vítima;324,462;BR-364/MT;Sul;Tombamento;1;1;;;;;1
26/03/2020;18:56:00;236;sem vítima;379,312;BR-364/MT;Sul;Atropelamento de Animal;1;1;;;;;1
26/03/2020;21:10:00;262;sem vítima;494,292;BR-364/MT;Norte;Colisão Lateral;1;3;;;;;1
27/03/2020;13:42:00;177;com vítima;829,156;BR-163/MT;Sul;Colisão Transversal;1;1;1;;;;1
27/03/2020;16:32:00;226;sem vítima;363,122;BR-364/MT;Norte;Saida de Pista;1;1;;;;;1
27/03/2020;17:26:00;237;com vítima;624,243;BR-163/MT;Sul;Tombamento;1;0;1;;;;1
27/03/2020;18:31:00;251;com vítima;550,852;BR-163/MT;Sul;Colisão Frontal;1;3;1;;;;1
28/03/2020;22:53:00;207;sem vítima;352,374;BR-364/MT;Norte;Capotamento;1;1;;;;;1
29/03/2020;06:11:00;30;sem vítima;536,791;BR-364/MT;Sul;Tombamento;1;2;;;;;1
29/03/2020;17:07:00;162;sem vítima;583,516;BR-163/MT;Sul;Saida de Pista;1;1;;;;;1
30/03/2020;08:53:00;73;sem vítima;319,058;BR-364/MT;Sul;Tombamento;1;1;;;;;1
30/03/2020;13:24:00;156;com vítima;511,003;BR-070/MT;Sul;Colisão Frontal;3;1;1;1;;;2
30/03/2020;15:40:00;194;sem vítima;516,387;BR-070/MT;Norte;Colisão Lateral;2;2;;;;;1
31/03/2020;08:14:00;65;sem vítima;201,099;BR-364/MT;Sul;Colisão Lateral;1;3;;;;;1
31/03/2020;11:29:00;140;sem vítima;115,969;BR-163/MT;Norte;Colisão Lateral;1;2;;;;;1
31/03/2020;22:16:00;285;com vítima;97,36;BR-163/MT;Norte;Choque - Veiculo parado no acostamento;2;0;1;;1;;2
01/01/2020;15:10:00;98;com vítima;606,5;BR-163/MT;Sul;Tombamento;1;2;1;1;;;2
02/01/2020;15:43:00;207;sem vítima;740,452;BR-163/MT;Norte;Saida de Pista;1;1;;;;;1
03/01/2020;07:25:00;47;sem vítima;103,634;BR-163/MT;Norte;Colisão Lateral;1;3;;;;;1
03/01/2020;13:19:00;137;sem vítima;539,376;BR-163/MT;Sul;Saida de Pista;1;1;;;;;1
03/01/2020;15:41:00;165;sem vítima;481,326;BR-364/MT;Sul;Colisão Lateral;2;7;;;;;1
03/01/2020;17:06:00;180;com vítima;458,573;BR-364/MT;Norte;Choque - Defensa, barreira ou "submarino";1;0;1;;;;1
04/01/2020;10:03:00;105;sem vítima;654,742;BR-163/MT;Sul;Tombamento;1;1;;;;;1
05/01/2020;13:29:00;112;com vítima;349,564;BR-364/MT;Norte;Colisão Lateral;2;3;;1;;;2
05/01/2020;14:43:00;125;sem vítima;347,14;BR-364/MT;Norte;Saida de Pista;1;4;;;;;1
06/01/2020;16:23:00;192;com vítima;534,711;BR-163/MT;Sul;Colisão Transversal;1;2;2;2;;;2
06/01/2020;17:44:00;209;sem vítima;821,012;BR-163/MT;Sul;Engavetamento;1;3;;;;;1
07/01/2020;20:28:00;310;sem vítima;831,578;BR-163/MT;Sul;Colisão Lateral;1;2;;;;;1
08/01/2020;14:44:00;189;sem vítima;398;BR-364/MT;Sul;Colisão Transversal;2;2;;;;;1
08/01/2020;20:39:00;299;sem vítima;303,459;BR-364/MT;Sul;Colisão Lateral;2;2;;;;;1
08/01/2020;20:54:00;305;sem vítima;523,005;BR-070/MT;Sul;Colisão Traseira;1;2;;;;;1
09/01/2020;04:43:00;23;com vítima;347,841;BR-364/MT;Norte;Colisão Traseira;1;15;3;;;;1
09/01/2020;05:14:00;24;sem vítima;117,602;BR-163/MT;Norte;Colisão Lateral;1;42;;;;;1
09/01/2020;11:27:00;144;com vítima;264,159;BR-364/MT;Sul;Colisão Lateral;1;2;1;;;;1
10/01/2020;06:23:00;21;com vítima;202,292;BR-364/MT;Sul;Colisão Traseira;1;0;2;;;;1
10/01/2020;08:58:00;70;sem vítima;819,529;BR-163/MT;Norte;Colisão Traseira;2;2;;;;;1
10/01/2020;13:04:00;147;sem vítima;321,123;BR-364/MT;Norte;Colisão Lateral;1;2;;;;;1
10/01/2020;16:45:00;213;sem vítima;513,532;BR-163/MT;Sul;Tombamento;1;1;;;;;1
10/01/2020;19:09:00;249;com vítima;471,765;BR-364/MT;Sul;Tombamento;1;0;1;;;;1
10/01/2020;22:45:00;296;com vítima;496,021;BR-364/MT;Norte;Choque - Veiculo parado na pista;1;3;;;1;;2
11/01/2020;02:21:00;12;sem vítima;642,148;BR-163/MT;Norte;Saida de Pista;1;2;;;;;1
11/01/2020;05:21:00;31;sem vítima;592,326;BR-163/MT;Norte;Colisão Traseira;2;2;;;;;1
11/01/2020;16:51:00;216;sem vítima;207;BR-364/MT;Sul;Colisão Lateral;1;7;;;;;1
11/01/2020;19:25:00;259;sem vítima;348,534;BR-364/MT;Norte;Colisão Traseira;1;2;;;;;1
12/01/2020;08:47:00;80;sem vítima;356,988;BR-364/MT;Sul;Tombamento;1;1;;;;;1
12/01/2020;10:21:00;99;sem vítima;399;BR-364/MT;Sul;Choque - Veiculo parado no acostamento;1;5;;;;;1
12/01/2020;11:32:00;116;sem vítima;289;BR-364/MT;Sul;Tombamento;1;1;;;;;1
12/01/2020;13:25:00;137;com vítima;507,724;BR-070/MT;Sul;Colisão Frontal;1;0;2;;;;1
12/01/2020;15:29:00;175;com vítima;474,03;BR-364/MT;Sul;Colisão Frontal;1;2;1;;;;1
12/01/2020;16:19:00;185;sem vítima;669,3;BR-163/MT;Norte;Saida de Pista;1;1;;;;;1
12/01/2020;16:24:00;188;sem vítima;350,938;BR-364/MT;Norte;Tombamento;1;1;;;;;1
13/01/2020;00:37:00;12;sem vítima;347,137;BR-364/MT;Norte;Saida de Pista;1;1;;;;;1
13/01/2020;08:08:00;65;sem vítima;119,255;BR-163/MT;Norte;Colisão Transversal;1;43;;;;;1
13/01/2020;08:44:00;85;sem vítima;752,554;BR-163/MT;Sul;Colisão Transversal;1;2;;;;;1