data;horario;n_da_ocorrencia;tipo_de_ocorrencia;km;trecho;sentido;tipo_de_acidente;caminhao;ilesos;levemente_feridos;moderadamente_feridos;gravemente_feridos;mortos;3
13/01/2020;10:41:00;131;com vítima;507,735;BR-070/MT;Norte;Colisão Traseira;2;1;1;;;;1
13/01/2020;11:23:00;143;sem vítima;514,006;BR-070/MT;Norte;Colisão Transversal;1;4;;;;;1
13/01/2020;16:52:00;240;com vítima;759,192;BR-163/MT;Norte;Tombamento;1;0;1;;;;1
13/01/2020;18:14:00;262;sem vítima;831,697;BR-163/MT;Sul;Choque - Veiculo parado no acostamento;1;2;;;;;1
14/01/2020;00:36:00;3;sem vítima;532,306;BR-163/MT;Norte;Tombamento;1;1;;;;;1
14/01/2020;07:25:00;49;sem vítima;645,807;BR-163/MT;Sul;Saida de Pista;1;1;;;;;1
14/01/2020;07:40:00;54;sem vítima;602,628;BR-163/MT;Sul;Tombamento;1;1;;;;;1
14/01/2020;12:42:00;145;sem vítima;852,202;BR-163/MT;Norte;Colisão Traseira;1;5;;;;;1
14/01/2020;14:08:00;174;sem vítima;108,012;BR-163/MT;Sul;Colisão Traseira;2;3;;;;;1
14/01/2020;15:30:00;201;sem vítima;664,8;BR-163/MT;Sul;Colisão Traseira;2;2;;;;;1
14/01/2020;23:28:00;302;sem vítima;687,49;BR-163/MT;Norte;Colisão Lateral;1;4;;;;;1
15/01/2020;08:46:00;93;sem vítima;831,728;BR-163/MT;Norte;Tombamento;1;1;;;;;1
15/01/2020;11:50:00;169;sem vítima;16,757;BR-163/MT;Norte;Colisão Traseira;1;4;;;;;1
15/01/2020;14:21:00;221;sem vítima;590,2;BR-163/MT;Norte;Capotamento;1;2;;;;;1
15/01/2020;14:41:00;236;com vítima;620,122;BR-163/MT;Sul;Tombamento;1;1;1;;;;1
15/01/2020;15:46:00;260;sem vítima;507,993;BR-364/MT;Norte;Colisão Traseira;2;2;;;;;1
15/01/2020;16:40:00;285;sem vítima;752,5;BR-163/MT;Sul;Colisão Lateral;1;2;;;;;1
15/01/2020;18:49:00;322;sem vítima;503,682;BR-070/MT;Sul;Colisão Transversal;1;2;;;;;1
16/01/2020;11:48:00;151;sem vítima;332,971;BR-364/MT;Sul;Saida de Pista;1;1;;;;;1
16/01/2020;12:34:00;165;com vítima;347,027;BR-364/MT;Norte;Tombamento;1;0;1;;;;1
16/01/2020;13:50:00;179;com vítima;458,271;BR-364/MT;Sul;Saida de Pista;2;0;;1;;1;3
16/01/2020;13:55:00;180;sem vítima;458,504;BR-364/MT;Sul;Saida de Pista;1;1;;;;;1
16/01/2020;13:55:00;228;sem vítima;458,444;BR-364/MT;Sul;Saida de Pista;1;1;;;;;1
16/01/2020;15:36:00;230;sem vítima;346,932;BR-364/MT;Norte;Colisão Traseira;2;23;;;;;1
16/01/2020;15:50:00;238;sem vítima;349,383;BR-364/MT;Norte;Tombamento;1;6;;;;;1
16/01/2020;16:29:00;246;com vítima;519,501;BR-070/MT;Sul;Colisão Transversal;1;1;2;;;;1
17/01/2020;00:03:00;2;sem vítima;494,037;BR-364/MT;Sul;Colisão Traseira;1;2;;;;;1
17/01/2020;04:33:00;47;sem vítima;446,176;BR-364/MT;Sul;Tombamento;1;1;;;;;1
17/01/2020;09:42:00;132;sem vítima;118,057;BR-163/MT;Norte;Saida de Pista;1;1;;;;;1
17/01/2020;09:47:00;134;sem vítima;578,908;BR-163/MT;Norte;Colisão Transversal;1;3;;;;;1
17/01/2020;16:17:00;268;sem vítima;817;BR-163/MT;Sul;Colisão Traseira;2;3;;;;;1
18/01/2020;07:29:00;68;com vítima;595,705;BR-163/MT;Sul;Colisão Transversal;1;1;1;;;;1
18/01/2020;15:30:00;221;sem vítima;338,473;BR-364/MT;Sul;Saida de Pista;1;1;;;;;1
18/01/2020;16:27:00;250;sem vítima;351,084;BR-364/MT;Norte;Colisão Traseira;2;2;;;;;1
18/01/2020;17:23:00;262;sem vítima;119,765;BR-163/MT;Norte;Colisão Lateral;1;5;;;;;1
18/01/2020;17:53:00;269;com vítima;727,838;BR-163/MT;Norte;Colisão Traseira;1;3;;1;;;2
18/01/2020;18:58:00;286;com vítima;738,566;BR-163/MT;Norte;Colisão Frontal;1;4;;;;1;3
19/01/2020;15:21:00;224;com vítima;637,798;BR-163/MT;Sul;Colisão Lateral;3;2;1;;1;;2
19/01/2020;15:27:00;225;sem vítima;118;BR-163/MT;Sul;Colisão Transversal;1;2;;;;;1
19/01/2020;16:03:00;231;sem vítima;205;BR-364/MT;Norte;Colisão Traseira;1;2;;;;;1
20/01/2020;11:58:00;166;sem vítima;538,964;BR-163/MT;Norte;Colisão Lateral;2;2;;;;;1
20/01/2020;12:08:00;173;com vítima;522,254;BR-163/MT;Norte;Capotamento;1;0;1;;;;1
20/01/2020;14:37:00;214;sem vítima;687,123;BR-163/MT;Norte;Colisão Lateral;1;2;;;;;1
20/01/2020;14:52:00;224;sem vítima;521,577;BR-070/MT;Sul;Colisão Transversal;1;4;;;;;1
21/01/2020;03:16:00;30;sem vítima;293,237;BR-364/MT;Sul;Tombamento;1;1;;;;;1
21/01/2020;04:45:00;35;com vítima;749,969;BR-163/MT;Sul;Choque - Elemento de Drenagem;1;2;;;;1;3
21/01/2020;11:17:00;147;sem vítima;587,713;BR-364/MT;Norte;Colisão Traseira;1;3;;;;;1
21/01/2020;14:02:00;190;sem vítima;538,027;BR-163/MT;Norte;Tombamento;1;1;;;;;1
21/01/2020;18:02:00;274;sem vítima;750,098;BR-163/MT;Norte;Colisão Traseira;1;2;;;;;1
22/01/2020;06:15:00;39;sem vítima;325,897;BR-364/MT;Sul;Colisão Lateral;2;2;;;;;1
22/01/2020;07:31:00;57;com vítima;632,04;BR-163/MT;Norte;Engavetamento;2;5;4;;;;1
22/01/2020;08:35:00;83;com vítima;746,547;BR-163/MT;Sul;Atropelamento - Ciclista;1;1;1;;;;1
22/01/2020;13:30:00;171;sem vítima;666,814;BR-163/MT;Sul;Tombamento;1;1;;;;;1
22/01/2020;14:39:00;204;sem vítima;119,609;BR-163/MT;Sul;Colisão Traseira;2;2;;;;;1
22/01/2020;16:12:00;237;com vítima;662,873;BR-163/MT;Sul;Engavetamento;3;2;1;;;;1
22/01/2020;17:25:00;257;sem vítima;522,531;BR-070/MT;Sul;Colisão Traseira;2;3;;;;;1
22/01/2020;17:43:00;264;sem vítima;346,939;BR-364/MT;Norte;Saida de Pista;1;1;;;;;1
22/01/2020;19:59:00;295;sem vítima;382,1;BR-364/MT;Norte;Colisão Traseira;1;7;;;;;1
23/01/2020;12:33:00;188;sem vítima;762,122;BR-163/MT;Sul;Saida de Pista;1;1;;;;;1
23/01/2020;12:37:00;189;sem vítima;356,975;BR-364/MT;Sul;Capotamento;1;1;;;;;1
23/01/2020;13:07:00;200;com vítima;490,727;BR-364/MT;Norte;Colisão Traseira;2;1;;1;;;2
23/01/2020;13:55:00;210;sem vítima;209,698;BR-364/MT;Sul;Tombamento;1;1;;;;;1
23/01/2020;14:26:00;220;sem vítima;328;BR-364/MT;Norte;Colisão Traseira;2;3;;;;;1
23/01/2020;15:26:00;232;sem vítima;118,045;BR-163/MT;Norte;Tombamento;1;1;;;;;1
23/01/2020;16:29:00;256;sem vítima;461,067;BR-364/MT;Norte;Saida de Pista;1;1;;;;;1
23/01/2020;19:02:00;289;sem vítima;463,715;BR-364/MT;Sul;Engavetamento;3;3;;;;;1
23/01/2020;19:09:00;292;sem vítima;334,205;BR-364/MT;Sul;Saida de Pista;1;1;;;;;1
24/01/2020;11:57:00;172;sem vítima;516,285;BR-364/MT;Norte;Tombamento;1;1;;;;;1
24/01/2020;14:40:00;218;com vítima;758,179;BR-163/MT;Norte;Colisão Lateral;1;1;2;;;;1
24/01/2020;17:50:00;277;sem vítima;593,346;BR-163/MT;Sul;Tombamento;1;1;;;;;1
24/01/2020;21:57:00;340;com vítima;588,753;BR-163/MT;Sul;Tombamento;1;1;;;1;;2
25/01/2020;12:03:00;155;sem vítima;697,15;BR-163/MT;Sul;Saida de Pista;1;2;;;;;1
25/01/2020;13:28:00;178;sem vítima;380,612;BR-364/MT;Norte;Colisão Traseira;2;2;;;;;1
25/01/2020;14:34:00;199;com vítima;579,22;BR-364/MT;Sul;Choque - Veiculo parado na pista;1;2;;1;1;;2
25/01/2020;16:15:00;221;sem vítima;575,066;BR-364/MT;Sul;Choque - Talude;1;1;;;;;1
25/01/2020;16:22:00;224;sem vítima;520,433;BR-070/MT;Norte;Colisão Traseira;2;2;;;;;1
25/01/2020;18:02:00;248;sem vítima;523,628;BR-070/MT;Sul;Colisão Traseira;2;2;;;;;1
25/01/2020;19:09:00;269;sem vítima;496,1;BR-070/MT;Sul;Colisão Lateral;1;2;;;;;1
25/01/2020;19:58:00;283;sem vítima;106,702;BR-163/MT;Sul;Colisão Traseira;2;2;;;;;1
25/01/2020;20:26:00;290;com vítima;235,928;BR-364/MT;Norte;Colisão Traseira;1;1;1;;;;1
26/01/2020;15:17:00;202;sem vítima;653,488;BR-163/MT;Sul;Colisão Traseira;1;2;;;;;1
26/01/2020;16:25:00;222;sem vítima;227,791;BR-364/MT;Sul;Tombamento;1;1;;;;;1
26/01/2020;21:11:00;300;sem vítima;114,3;BR-163/MT;Norte;Saida de Pista;1;1;;;;;1
27/01/2020;03:17:00;16;com vítima;562,796;BR-364/MT;Sul;Tombamento;1;0;1;;;;1
27/01/2020;08:08:00;85;sem vítima;401,414;BR-364/MT;Norte;Colisão Traseira;1;5;;;;;1
27/01/2020;12:57:00;209;com vítima;113;BR-163/MT;Norte;Choque - Outros;1;1;;;1;;2
27/01/2020;18:03:00;331;sem vítima;394,687;BR-364/MT;Sul;Tombamento;1;1;;;;;1
27/01/2020;20:00:00;368;sem vítima;348,11;BR-364/MT;Norte;Saida de Pista;1;2;;;;;1
28/01/2020;07:03:00;44;sem vítima;517,341;BR-070/MT;Sul;Colisão Traseira;1;2;;;;;1
28/01/2020;12:59:00;158;com vítima;350,271;BR-364/MT;Norte;Saida de Pista;1;0;1;;;;1
28/01/2020;13:57:00;167;com vítima;639,5;BR-163/MT;Sul;Tombamento;1;0;1;;;;1
28/01/2020;14:00:00;168;sem vítima;575,035;BR-364/MT;Sul;Saida de Pista;1;1;;;;;1
28/01/2020;14:44:00;181;sem vítima;615,483;BR-163/MT;Norte;Colisão Traseira;2;2;;;;;1
28/01/2020;16:06:00;215;com vítima;348,029;BR-364/MT;Norte;Tombamento;1;0;1;;;;1
28/01/2020;16:30:00;223;com vítima;501,987;BR-070/MT;Sul;Colisão Frontal;3;3;1;2;;;2
28/01/2020;17:42:00;242;sem vítima;439,545;BR-364/MT;Sul;Colisão Lateral;1;2;;;;;1
28/01/2020;21:28:00;296;sem vítima;549,23;BR-163/MT;Sul;Tombamento;1;2;;;;;1
28/01/2020;22:26:00;307;com vítima;549,023;BR-163/MT;Norte;Colisão Traseira;1;2;3;;;;1
28/01/2020;22:37:00;309;sem vítima;517,522;BR-070/MT;Norte;Colisão Traseira;2;2;;;;;1
29/01/2020;10:17:00;121;sem vítima;579,024;BR-163/MT;Sul;Tombamento;1;1;;;;;1
29/01/2020;11:05:00;138;com vítima;711,155;BR-163/MT;Sul;Colisão Lateral;1;1;1;;;;1
29/01/2020;13:28:00;178;sem vítima;474,501;BR-364/MT;Sul;Capotamento;1;5;;;;;1
29/01/2020;13:41:00;182;sem vítima;102,354;BR-163/MT;Norte;Saida de Pista;1;1;;;;;1
29/01/2020;18:16:00;265;sem vítima;573,303;BR-163/MT;Sul;Saida de Pista;1;3;;;;;1
29/01/2020;22:49:00;330;sem vítima;852,796;BR-163/MT;Sul;Tombamento;1;1;;;;;1
30/01/2020;06:02:00;35;sem vítima;539,858;BR-163/MT;Norte;Choque - Defensa, barreira ou "submarino";1;1;;;;;1
30/01/2020;14:40:00;191;com vítima;798,515;BR-163/MT;Sul;Colisão Frontal;1;1;2;;1;1;3
30/01/2020;15:11:00;199;sem vítima;276,438;BR-364/MT;Sul;Capotamento;1;1;;;;;1
30/01/2020;20:46:00;288;sem vítima;540,857;BR-163/MT;Sul;Saida de Pista;1;1;;;;;1
30/01/2020;23:26:00;312;com vítima;440,64;BR-364/MT;Sul;Tombamento;1;1;;1;;;2
31/01/2020;09:54:00;130;sem vítima;511,582;BR-070/MT;Sul;Colisão Traseira;1;3;;;;;1
31/01/2020;12:18:00;196;com vítima;762,993;BR-163/MT;Sul;Colisão Frontal;1;1;;1;;;2
31/01/2020;15:55:00;274;com vítima;599,391;BR-163/MT;Norte;Capotamento;1;1;1;;;;1
31/01/2020;17:35:00;310;sem vítima;695,438;BR-163/MT;Sul;Capotamento;1;3;;;;;1
01/02/2020;01:00:00;14;sem vítima;342,338;BR-364/MT;Sul;Saida de Pista;1;2;;;;;1
01/02/2020;05:14:00;40;sem vítima;242,271;BR-364/MT;Sul;Colisão Traseira;1;2;;;;;1
01/02/2020;10:26:00;126;sem vítima;598,194;BR-163/MT;Norte;Colisão Transversal;2;2;;;;;1
01/02/2020;11:32:00;147;sem vítima;435,803;BR-364/MT;Norte;Colisão Transversal;2;2;;;;;1
02/02/2020;02:23:00;13;com vítima;278,906;BR-364/MT;Norte;Colisão Traseira;2;1;;1;;;2
02/02/2020;08:19:00;54;sem vítima;97,403;BR-163/MT;Norte;Saida de Pista;1;1;;;;;1
02/02/2020;08:49:00;60;sem vítima;271,406;BR-364/MT;Sul;Colisão Lateral;2;2;;;;;1
02/02/2020;20:23:00;246;com vítima;348,589;BR-364/MT;Norte;Tombamento;2;2;;1;;;2
03/02/2020;15:03:00;210;sem vítima;743,824;BR-163/MT;Norte;Tombamento;1;1;;;;;1
03/02/2020;16:54:00;255;sem vítima;752,903;BR-163/MT;Sul;Colisão Lateral;1;3;;;;;1
03/02/2020;17:56:00;265;com vítima;539,583;BR-163/MT;Sul;Colisão Frontal;2;0;2;;4;;2
03/02/2020;18:41:00;277;sem vítima;331,624;BR-364/MT;Sul;Colisão Traseira;1;2;;;;;1
04/02/2020;12:41:00;165;sem vítima;633,066;BR-163/MT;Sul;Saida de Pista;1;1;;;;;1
05/02/2020;09:40:00;93;com vítima;348,18;BR-364/MT;Norte;Colisão Traseira;2;1;;1;;;2
05/02/2020;10:24:00;116;sem vítima;539,375;BR-364/MT;Norte;Tombamento;1;1;;;;;1
05/02/2020;13:40:00;167;sem vítima;567,164;BR-364/MT;Norte;Tombamento;1;1;;;;;1
05/02/2020;15:55:00;219;sem vítima;45,363;BR-163/MT;Sul;Saida de Pista;1;1;;;;;1
06/02/2020;05:53:00;31;sem vítima;598,84;BR-163/MT;Sul;Tombamento;1;1;;;;;1
06/02/2020;09:20:00;110;com vítima;587,747;BR-364/MT;Norte;Colisão Traseira;1;1;3;2;;;2
06/02/2020;10:58:00;146;sem vítima;458,368;BR-364/MT;Norte;Choque - Defensa, barreira ou "submarino";1;1;;;;;1
06/02/2020;12:10:00;160;com vítima;277,784;BR-364/MT;Sul;Tombamento;1;1;2;;;;1
06/02/2020;19:21:00;257;sem vítima;347,29;BR-364/MT;Sul;Tombamento;1;1;;;;;1
07/02/2020;06:15:00;47;com vítima;521,522;BR-070/MT;Sul;Colisão Transversal;1;2;;1;;;2
07/02/2020;06:28:00;51;sem vítima;575,502;BR-364/MT;Sul;Saida de Pista;1;1;;;;;1
07/02/2020;13:12:00;185;sem vítima;351,167;BR-364/MT;Norte;Tombamento;1;1;;;;;1
07/02/2020;13:44:00;193;sem vítima;502,73;BR-364/MT;Sul;Saida de Pista;1;1;;;;;1
07/02/2020;18:34:00;303;sem vítima;346,6;BR-364/MT;Sul;Colisão Lateral;1;7;;;;;1
07/02/2020;20:05:00;329;com vítima;834,093;BR-163/MT;Norte;Choque - Veiculo parado na pista;1;2;1;;;;1
08/02/2020;04:23:00;22;sem vítima;346,492;BR-364/MT;Sul;Choque - Arvore;1;1;;;;;1
08/02/2020;05:32:00;38;sem vítima;485,566;BR-364/MT;Norte;Saida de Pista;1;1;;;;;1
08/02/2020;07:15:00;59;sem vítima;521,572;BR-364/MT;Norte;Choque - Veiculo parado na pista;1;2;;;;;1
08/02/2020;14:28:00;204;sem vítima;839,749;BR-163/MT;Sul;Tombamento;1;1;;;;;1
08/02/2020;21:18:00;296;sem vítima;106,201;BR-163/MT;Sul;Saida de Pista;1;2;;;;;1
08/02/2020;21:49:00;302;sem vítima;378,255;BR-364/MT;Sul;Saida de Pista;1;1;;;;;1
09/02/2020;05:08:00;30;sem vítima;73,058;BR-163/MT;Sul;Saida de Pista;1;2;;;;;1
09/02/2020;12:15:00;144;sem vítima;450,321;BR-364/MT;Norte;Saida de Pista;1;1;;;;;1
09/02/2020;15:15:00;194;sem vítima;339,551;BR-364/MT;Norte;Saida de Pista;1;1;;;;;1
10/02/2020;06:50:00;45;sem vítima;666,361;BR-163/MT;Sul;Tombamento;1;1;;;;;1
10/02/2020;07:57:00;73;sem vítima;522,018;BR-070/MT;Norte;Colisão Frontal;1;2;;;;;1
10/02/2020;16:44:00;228;sem vítima;748,196;BR-163/MT;Sul;Colisão Traseira;1;2;;;;;1
10/02/2020;17:45:00;246;sem vítima;664,647;BR-163/MT;Sul;Choque - Defensa, barreira ou "submarino";1;1;;;;;1
10/02/2020;18:29:00;253;com vítima;809,984;BR-163/MT;Norte;Capotamento;1;1;1;;;;1
11/02/2020;04:12:00;21;sem vítima;766,7;BR-163/MT;Norte;Choque - Defensa, barreira ou "submarino";1;2;;;;;1
11/02/2020;06:08:00;30;sem vítima;478,123;BR-364/MT;Sul;Tombamento;1;1;;;;;1
11/02/2020;06:56:00;37;sem vítima;518,788;BR-163/MT;Sul;Colisão Lateral;2;4;;;;;1
11/02/2020;09:13:00;102;sem vítima;356,551;BR-364/MT;Sul;Tombamento;1;1;;;;;1
11/02/2020;15:37:00;240;sem vítima;277,897;BR-364/MT;Sul;Saida de Pista;1;2;;;;;1
12/02/2020;08:54:00;84;com vítima;540,063;BR-163/MT;Norte;Saida de Pista;1;0;1;;;;1
12/02/2020;11:05:00;144;sem vítima;442,569;BR-364/MT;Norte;Colisão Traseira;2;2;;;;;1
12/02/2020;11:41:00;157;com vítima;540,034;BR-163/MT;Norte;Saida de Pista;1;0;1;;;;1
12/02/2020;14:48:00;208;sem vítima;838,063;BR-163/MT;Norte;Colisão Lateral;1;5;;;;;1
12/02/2020;18:14:00;267;sem vítima;267,626;BR-364/MT;Sul;Colisão Traseira;2;2;;;;;1
12/02/2020;20:29:00;307;sem vítima;603,491;BR-163/MT;Norte;Tombamento;1;1;;;;;1
13/02/2020;02:36:00;23;sem vítima;556,703;BR-163/MT;Norte;Saida de Pista;1;1;;;;;1
13/02/2020;10:11:00;127;sem vítima;117,791;BR-163/MT;Norte;Colisão Lateral;2;2;;;;;1
13/02/2020;11:38:00;166;sem vítima;510;BR-070/MT;Norte;Colisão Traseira;2;2;;;;;1
13/02/2020;15:22:00;234;sem vítima;607,787;BR-163/MT;Sul;Colisão Traseira;1;5;;;;;1
13/02/2020;15:39:00;240;sem vítima;607,12;BR-163/MT;Sul;Tombamento;1;1;;;;;1
13/02/2020;15:41:00;241;com vítima;835,194;BR-163/MT;Sul;Colisão Lateral;1;1;1;;;;1
13/02/2020;15:47:00;245;sem vítima;202,239;BR-364/MT;Norte;Colisão Traseira;1;2;;;;;1
13/02/2020;15:35:00;248;sem vítima;400,378;BR-364/MT;Sul;Colisão Traseira;2;2;;;;;1
13/02/2020;17:50:00;276;sem vítima;833,537;BR-163/MT;Norte;Colisão Transversal;1;4;;;;;1
14/02/2020;07:28:00;64;sem vítima;832,811;BR-163/MT;Sul;Colisão Traseira;1;2;;;;;1
14/02/2020;07:45:00;70;sem vítima;832,868;BR-163/MT;Sul;Colisão Lateral;1;2;;;;;1
14/02/2020;09:19:00;106;sem vítima;327,838;BR-364/MT;Sul;Tombamento;1;1;;;;;1
14/02/2020;10:54:00;147;sem vítima;289,715;BR-364/MT;Sul;Tombamento;1;4;;;;;1
14/02/2020;11:06:00;154;sem vítima;267,705;BR-364/MT;Sul;Colisão Lateral;2;3;;;;;1
14/02/2020;14:10:00;205;sem vítima;744,479;BR-163/MT;Norte;Saida de Pista;1;1;;;;;1
14/02/2020;16:04:00;237;sem vítima;511,754;BR-163/MT;Sul;Engavetamento;3;3;;;;;1
14/02/2020;16:30:00;249;sem vítima;676,012;BR-163/MT;Sul;Tombamento;1;1;;;;;1
14/02/2020;17:09:00;272;sem vítima;271,841;BR-364/MT;Norte;Colisão Traseira;1;2;;;;;1
14/02/2020;20:17:00;338;sem vítima;87,712;BR-163/MT;Norte;Colisão Traseira;2;2;;;;;1
14/02/2020;21:31:00;358;sem vítima;382,1;BR-364/MT;Sul;Colisão Lateral;1;2;;;;;1
14/02/2020;23:05:00;373;sem vítima;624,148;BR-163/MT;Sul;Saida de Pista;2;4;;;;;1
15/02/2020;03:55:00;34;sem vítima;254,834;BR-364/MT;Sul;Tombamento;1;1;;;;;1
15/02/2020;08:51:00;103;sem vítima;755,912;BR-163/MT;Sul;Capotamento;1;1;;;;;1
15/02/2020;09:18:00;118;sem vítima;516,179;BR-364/MT;Sul;Colisão Traseira;1;2;;;;;1
15/02/2020;12:06:00;178;sem vítima;275,619;BR-364/MT;Sul;Capotamento;1;1;;;;;1
15/02/2020;12:46:00;185;sem vítima;316,105;BR-364/MT;Sul;Colisão Traseira;1;39;;;;;1
15/02/2020;19:11:00;300;sem vítima;255,664;BR-364/MT;Norte;Saida de Pista;1;2;;;;;1
16/02/2020;02:28:00;16;sem vítima;275,614;BR-364/MT;Sul;Tombamento;1;1;;;;;1
16/02/2020;04:03:00;22;sem vítima;361,983;BR-364/MT;Sul;Saida de Pista;1;1;;;;;1
16/02/2020;14:41:00;157;sem vítima;550,97;BR-163/MT;Norte;Colisão Lateral;1;3;;;;;1
16/02/2020;17:25:00;209;sem vítima;223;BR-364/MT;Sul;Colisão Lateral;1;2;;;;;1
16/02/2020;20:20:00;258;com vítima;550,746;BR-364/MT;Norte;Colisão Traseira;1;1;1;1;;;2
16/02/2020;22:56:00;281;sem vítima;364,269;BR-364/MT;Norte;Tombamento;1;1;;;;;1
17/02/2020;14:45:00;213;sem vítima;505,039;BR-364/MT;Norte;Engavetamento;3;3;;;;;1
17/02/2020;14:59:00;215;sem vítima;505,039;BR-364/MT;Norte;Saida de Pista;1;1;;;;;1
17/02/2020;15:36:00;229;sem vítima;675,801;BR-163/MT;Sul;Colisão Lateral;1;4;;;;;1
17/02/2020;16:16:00;244;sem vítima;449,482;BR-364/MT;Norte;Tombamento;1;1;;;;;1
17/02/2020;16:40:00;254;sem vítima;277,321;BR-364/MT;Norte;Colisão Traseira;2;2;;;;;1
17/02/2020;17:50:00;277;com vítima;348,762;BR-364/MT;Norte;Colisão Traseira;2;2;1;;;;1
18/02/2020;06:14:00;45;com vítima;748,34;BR-163/MT;Norte;Tombamento;1;0;;1;;;2
18/02/2020;08:16:00;83;com vítima;844,878;BR-163/MT;Sul;Colisão Traseira;2;1;1;;;;1
18/02/2020;10:02:00;127;sem vítima;854,144;BR-163/MT;Sul;Colisão Transversal;1;3;;;;;1
18/02/2020;10:26:00;138;sem vítima;854,015;BR-163/MT;Sul;Colisão Transversal;1;3;;;;;1
18/02/2020;17:19:00;241;sem vítima;523,208;BR-070/MT;Sul;Colisão Transversal;1;3;;;;;1
18/02/2020;17:30:00;243;sem vítima;518,621;BR-364/MT;Sul;Tombamento;1;1;;;;;1
18/02/2020;19:27:00;271;com vítima;693,904;BR-163/MT;Sul;Capotamento;1;1;1;;1;;2
18/02/2020;21:53:00;306;sem vítima;275,903;BR-364/MT;Sul;Choque - Defensa, barreira ou "submarino";1;1;;;;;1
19/02/2020;10:43:00;161;sem vítima;834,438;BR-163/MT;Sul;Colisão Lateral;1;4;;;;;1
19/02/2020;11:11:00;179;sem vítima;770,464;BR-163/MT;Norte;Colisão Lateral;2;4;;;;;1
19/02/2020;14:14:00;230;sem vítima;702,166;BR-163/MT;Sul;Saida de Pista;1;1;;;;;1
19/02/2020;14:22:00;234;sem vítima;565,4;BR-163/MT;Sul;Tombamento;1;2;;;;;1
19/02/2020;16:06:00;264;sem vítima;736,25;BR-163/MT;Norte;Colisão Traseira;1;2;;;;;1
19/02/2020;16:47:00;281;com vítima;267,265;BR-364/MT;Norte;Tombamento;1;1;1;;;;1
19/02/2020;17:11:00;288;sem vítima;591,453;BR-163/MT;Sul;Choque - Defensa, barreira ou "submarino";1;1;;;;;1
20/02/2020;07:39:00;60;sem vítima;768,92;BR-163/MT;Norte;Colisão Transversal;1;2;;;;;1
20/02/2020;09:39:00;114;sem vítima;434,991;BR-364/MT;Norte;Colisão Lateral;2;2;;;;;1
20/02/2020;09:55:00;123;sem vítima;459,546;BR-364/MT;Sul;Tombamento;1;1;;;;;1
20/02/2020;10:29:00;138;sem vítima;510,348;BR-364/MT;Norte;Tombamento;1;1;;;;;1
20/02/2020;10:40:00;141;sem vítima;583,12;BR-163/MT;Sul;Colisão Lateral;2;2;;;;;1
20/02/2020;10:51:00;145;sem vítima;474,472;BR-364/MT;Sul;Tombamento;1;1;;;;;1
20/02/2020;10:59:00;148;sem vítima;474,541;BR-364/MT;Sul;Colisão Lateral;1;1;;;;;1
20/02/2020;11:05:00;152;sem vítima;258,25;BR-364/MT;Norte;Colisão Traseira;2;2;;;;;1
20/02/2020;11:59:00;165;sem vítima;526,046;BR-163/MT;Sul;Tombamento;1;1;;;;;1
20/02/2020;19:01:00;265;sem vítima;586,956;BR-163/MT;Norte;Colisão Traseira;1;3;;;;;1
21/02/2020;00:42:00;10;sem vítima;464,105;BR-364/MT;Norte;Saida de Pista;1;1;;;;;1
21/02/2020;02:22:00;17;sem vítima;469,061;BR-364/MT;Sul;Tombamento;1;1;;;;;1
21/02/2020;05:49:00;42;sem vítima;500,302;BR-070/MT;Sul;Colisão Traseira;1;3;;;;;1
21/02/2020;07:51:00;76;sem vítima;398,256;BR-364/MT;Sul;Colisão Lateral;1;2;;;;;1
21/02/2020;08:53:00;103;sem vítima;608,311;BR-163/MT;Norte;Tombamento;1;1;;;;;1
21/02/2020;15:00:00;227;com vítima;822,696;BR-163/MT;Sul;Choque - Veiculo parado no acostamento;1;1;1;;;;1
21/02/2020;16:17:00;246;sem vítima;736,296;BR-163/MT;Norte;Saida de Pista;1;1;;;;;1
21/02/2020;16:49:00;255;sem vítima;548,896;BR-163/MT;Norte;Colisão Lateral;1;23;;;;;1
21/02/2020;17:04:00;257;com vítima;118,266;BR-163/MT;Norte;Colisão Traseira;1;1;;1;;;2
21/02/2020;19:52:00;298;sem vítima;599,118;BR-163/MT;Sul;Colisão Frontal;1;2;;;;;1
21/02/2020;22:55:00;338;sem vítima;583,449;BR-163/MT;Sul;Tombamento;1;2;;;;;1
22/02/2020;04:48:00;34;sem vítima;513,964;BR-070/MT;Sul;Colisão Traseira;1;2;;;;;1
22/02/2020;07:32:00;61;com vítima;350,018;BR-364/MT;Norte;Tombamento;1;0;1;;;;1