data;horario;n_da_ocorrencia;tipo_de_ocorrencia;km;trecho;sentido;tipo_de_acidente;caminhao;ilesos;levemente_feridos;moderadamente_feridos;gravemente_feridos;mortos;3
22/02/2020;07:37:00;66;sem vítima;831,03;BR-163/MT;Norte;Choque - Veiculo parado no acostamento;1;2;;;;;1
22/02/2020;08:50:00;93;sem vítima;272,032;BR-364/MT;Sul;Colisão Transversal;1;3;;;;;1
22/02/2020;10:58:00;123;sem vítima;586,9;BR-163/MT;Norte;Colisão Traseira;1;6;;;;;1
22/02/2020;11:21:00;130;sem vítima;350,251;BR-364/MT;Norte;Colisão Lateral;1;3;;;;;1
22/02/2020;12:19:00;148;sem vítima;832,655;BR-163/MT;Sul;Colisão Lateral;1;3;;;;;1
22/02/2020;12:31:00;150;sem vítima;656,196;BR-163/MT;Norte;Capotamento;1;1;;;;;1
22/02/2020;13:58:00;170;sem vítima;827,254;BR-163/MT;Norte;Colisão Lateral;2;2;;;;;1
22/02/2020;14:14:00;178;sem vítima;597,286;BR-163/MT;Norte;Colisão Traseira;1;4;;;;;1
22/02/2020;14:28:00;182;com vítima;348,511;BR-364/MT;Norte;Capotamento;1;0;1;;;;1
22/02/2020;15:31:00;197;sem vítima;664,45;BR-163/MT;Sul;Colisão Traseira;1;2;;;;;1
22/02/2020;17:43:00;236;sem vítima;674,233;BR-163/MT;Norte;Colisão Lateral;1;3;;;;;1
22/02/2020;19:38:00;263;sem vítima;830,98;BR-163/MT;Sul;Colisão Traseira;1;4;;;;;1
22/02/2020;20:48:00;282;com vítima;434,6;BR-364/MT;Sul;Colisão Frontal;1;2;;;1;;2
23/02/2020;08:46:00;85;sem vítima;502,551;BR-070/MT;Sul;Colisão Traseira;2;2;;;;;1
23/02/2020;09:46:00;109;sem vítima;653,061;BR-163/MT;Norte;Tombamento;1;1;;;;;1
23/02/2020;13:52:00;151;sem vítima;827,636;BR-163/MT;Norte;Choque - Poste;1;1;;;;;1
23/02/2020;20:31:00;249;com vítima;516,473;BR-070/MT;Sul;Colisão Frontal;2;6;2;;;;1
24/02/2020;05:50:00;47;sem vítima;435,806;BR-364/MT;Sul;Colisão Transversal;1;4;;;;;1
24/02/2020;06:41:00;51;sem vítima;259,727;BR-364/MT;Sul;Tombamento;1;2;;;;;1
24/02/2020;07:17:00;59;sem vítima;350;BR-364/MT;Norte;Saida de Pista;1;1;;;;;1
24/02/2020;07:46:00;65;sem vítima;749,281;BR-163/MT;Sul;Choque - Objeto sobre a pista;1;2;;;;;1
24/02/2020;09:19:00;96;com vítima;761,219;BR-163/MT;Norte;Capotamento;1;1;1;;;;1
24/02/2020;23:04:00;303;sem vítima;502,427;BR-070/MT;Norte;Colisão Traseira;1;2;;;;;1
25/02/2020;09:36:00;107;sem vítima;546,701;BR-364/MT;Sul;Atropelamento de Animal;1;1;;;;;1
25/02/2020;15:23:00;196;sem vítima;629,057;BR-163/MT;Sul;Colisão Traseira;2;2;;;;;1
26/02/2020;05:28:00;28;com vítima;739,54;BR-163/MT;Norte;Colisão Lateral;2;1;1;;;;1
26/02/2020;08:12:00;64;sem vítima;839,28;BR-163/MT;Sul;Colisão Traseira;1;3;;;;;1
26/02/2020;14:10:00;138;sem vítima;832,634;BR-163/MT;Sul;Colisão Lateral;1;2;;;;;1
26/02/2020;14:38:00;148;sem vítima;203,784;BR-364/MT;Sul;Colisão Traseira;1;2;;;;;1
26/02/2020;16:54:00;183;com vítima;843,54;BR-163/MT;Sul;Colisão Traseira;1;2;2;;;;1
27/02/2020;05:30:00;24;sem vítima;664,633;BR-163/MT;Norte;Colisão Traseira;2;2;;;;;1
27/02/2020;09:30:00;112;sem vítima;519,012;BR-070/MT;Sul;Colisão Traseira;2;2;;;;;1
27/02/2020;19:42:00;279;com vítima;604,556;BR-163/MT;Sul;Tombamento;1;0;1;;;;1
27/02/2020;20:56:00;293;sem vítima;512;BR-364/MT;Norte;Saida de Pista;1;1;;;;;1
28/02/2020;07:43:00;59;com vítima;513,647;BR-070/MT;Sul;Colisão Lateral;3;3;1;;;;1
28/02/2020;08:03:00;69;sem vítima;567,255;BR-364/MT;Norte;Saida de Pista;1;1;;;;;1
28/02/2020;10:21:00;125;sem vítima;271,748;BR-364/MT;Sul;Colisão Lateral;2;3;;;;;1
28/02/2020;10:36:00;133;sem vítima;491,537;BR-364/MT;Norte;Saida de Pista;1;1;;;;;1
28/02/2020;13:35:00;182;sem vítima;673,829;BR-163/MT;Norte;Tombamento;1;1;;;;;1
28/02/2020;15:06:00;209;sem vítima;459,775;BR-364/MT;Norte;Colisão Lateral;2;3;;;;;1
29/02/2020;11:29:00;138;com vítima;841,969;BR-163/MT;Norte;Colisão Traseira;1;1;1;;;;1
29/02/2020;15:58:00;204;sem vítima;752,422;BR-163/MT;Sul;Colisão Transversal;1;6;;;;;1
01/04/2020;02:48:00;8;com vítima;667,747;BR-163/MT;Sul;Colisão Frontal;1;1;;;2;;2
01/04/2020;07:37:00;50;sem vítima;401,634;BR-364/MT;Norte;Colisão Lateral;1;2;;;;;1
01/04/2020;08:02:00;60;sem vítima;222,024;BR-364/MT;Norte;Capotamento;1;2;;;;;1
01/04/2020;12:56:00;172;com vítima;854,198;BR-163/MT;Norte;Colisão Lateral;1;2;1;;;;1
01/04/2020;13:54:00;182;sem vítima;493,486;BR-364/MT;Sul;Saida de Pista;1;2;;;;;1
01/04/2020;15:45:00;203;sem vítima;526;BR-163/MT;Sul;Tombamento;1;1;;;;;1
01/04/2020;16:17:00;214;sem vítima;521,927;BR-070/MT;Sul;Engavetamento;3;3;;;;;1
01/04/2020;18:18:00;234;com vítima;522,117;BR-070/MT;Sul;Colisão Transversal;1;2;1;;;;1
02/04/2020;13:59:00;150;sem vítima;442,115;BR-364/MT;Norte;Tombamento;1;1;;;;;1
02/04/2020;15:41:00;179;com vítima;342,327;BR-364/MT;Norte;Colisão Traseira;1;1;1;;;;1
02/04/2020;23:43:00;272;sem vítima;801,41;BR-163/MT;Norte;Tombamento;1;1;;;;;1
03/04/2020;05:49:00;27;com vítima;734,212;BR-163/MT;Norte;Tombamento;1;1;2;;;;1
03/04/2020;06:32:00;32;com vítima;660,373;BR-163/MT;Sul;Engavetamento;3;2;1;;;;1
03/04/2020;08:26:00;64;com vítima;299,546;BR-364/MT;Sul;Choque - Veiculo parado no acostamento;2;1;1;;;;1
03/04/2020;15:03:00;161;sem vítima;722,409;BR-163/MT;Sul;Colisão Traseira;1;2;;;;;1
03/04/2020;19:34:00;241;sem vítima;274,074;BR-364/MT;Sul;Colisão Lateral;1;4;;;;;1
04/04/2020;13:02:00;134;sem vítima;494,515;BR-364/MT;Norte;Colisão Traseira;2;2;;;;;1
04/04/2020;21:39:00;256;sem vítima;265,114;BR-364/MT;Norte;Colisão Frontal;1;4;;;;;1
05/04/2020;08:02:00;55;sem vítima;91,211;BR-163/MT;Sul;Saida de Pista;1;1;;;;;1
05/04/2020;08:40:00;65;sem vítima;829,153;BR-163/MT;Sul;Choque - Poste;1;1;;;;;1
05/04/2020;09:23:00;77;sem vítima;810,326;BR-163/MT;Sul;Saida de Pista;1;2;;;;;1
05/04/2020;13:24:00;127;sem vítima;520,691;BR-364/MT;Sul;Tombamento;1;1;;;;;1
05/04/2020;16:05:00;158;sem vítima;540,748;BR-163/MT;Norte;Saida de Pista;1;1;;;;;1
06/04/2020;18:13:00;246;sem vítima;506,853;BR-070/MT;Sul;Tombamento;1;1;;;;;1
08/04/2020;17:30:00;229;sem vítima;766,669;BR-163/MT;Norte;Colisão Traseira;1;6;;;;;1
08/04/2020;18:33:00;254;sem vítima;522,908;BR-070/MT;Sul;Engavetamento;2;5;;;;;1
09/04/2020;04:58:00;28;com vítima;767,133;BR-163/MT;Norte;Colisão Lateral;1;1;1;;;;1
09/04/2020;10:40:00;128;sem vítima;253,23;BR-364/MT;Norte;Colisão Lateral;1;2;;;;;1
10/04/2020;13:49:00;167;com vítima;770,621;BR-163/MT;Norte;Tombamento;1;0;1;;;;1
11/04/2020;01:37:00;3;sem vítima;323,747;BR-364/MT;Norte;Atropelamento de Animal;1;3;;;;;1
11/04/2020;12:10:00;99;sem vítima;833,672;BR-163/MT;Sul;Colisão Lateral;1;2;;;;;1
11/04/2020;16:58:00;159;sem vítima;851,264;BR-163/MT;Sul;Colisão Lateral;2;2;;;;;1
13/04/2020;10:51:00;118;sem vítima;506,918;BR-070/MT;Norte;Colisão Traseira;1;2;;;;;1
13/04/2020;11:35:00;134;sem vítima;579;BR-364/MT;Norte;Colisão Traseira;1;2;;;;;1
13/04/2020;18:24:00;221;sem vítima;279,874;BR-364/MT;Norte;Colisão Traseira;1;2;;;;;1
14/04/2020;03:28:00;23;sem vítima;350,645;BR-364/MT;Norte;Saida de Pista;1;1;;;;;1
14/04/2020;04:24:00;25;com vítima;115,224;BR-163/MT;Sul;Capotamento;1;0;2;;;;1
14/04/2020;10:18:00;109;sem vítima;346,421;BR-364/MT;Norte;Saida de Pista;1;2;;;;;1
14/04/2020;12:56:00;150;sem vítima;254,343;BR-364/MT;Norte;Saida de Pista;1;1;;;;;1
14/04/2020;13:06:00;152;sem vítima;477,646;BR-364/MT;Norte;Saida de Pista;1;1;;;;;1
14/04/2020;13:57:00;170;com vítima;464,075;BR-364/MT;Sul;Colisão Frontal;2;0;;2;;;2
14/04/2020;14:09:00;175;sem vítima;346,917;BR-364/MT;Norte;Saida de Pista;1;1;;;;;1
14/04/2020;14:23:00;177;sem vítima;458,5;BR-364/MT;Sul;Saida de Pista;1;1;;;;;1
14/04/2020;17:20:00;249;sem vítima;252,072;BR-364/MT;Norte;Colisão Transversal;1;2;;;;;1
14/04/2020;19:03:00;275;sem vítima;634,257;BR-163/MT;Norte;Tombamento;1;1;;;;;1
15/04/2020;07:54:00;61;com vítima;350,3;BR-364/MT;Norte;Tombamento;1;0;;1;;;2
15/04/2020;14:56:00;198;sem vítima;391,834;BR-364/MT;Sul;Tombamento;1;1;;;;;1
15/04/2020;16:11:00;222;com vítima;347,444;BR-364/MT;Norte;Saida de Pista;1;0;1;;;1;3
15/04/2020;18:45:00;257;com vítima;115,208;BR-163/MT;Norte;Tombamento;1;0;;1;;;2
16/04/2020;05:14:00;38;sem vítima;312,34;BR-364/MT;Norte;Saida de Pista;1;1;;;;;1
16/04/2020;19:03:00;204;com vítima;255,64;BR-364/MT;Sul;Saida de Pista;1;0;;1;;;2
17/04/2020;09:12:00;81;sem vítima;312,434;BR-364/MT;Sul;Tombamento;1;1;;;;;1
17/04/2020;14:50:00;155;sem vítima;761,933;BR-163/MT;Sul;Saida de Pista;1;1;;;;;1
17/04/2020;15:50:00;173;sem vítima;227,784;BR-364/MT;Sul;Tombamento;1;1;;;;;1
17/04/2020;16:43:00;182;com vítima;668,795;BR-163/MT;Sul;Colisão Frontal;1;1;;;1;;2
17/04/2020;21:35:00;239;com vítima;810,049;BR-163/MT;Sul;Colisão Lateral;1;1;;;;1;3
18/04/2020;09:48:00;91;com vítima;259,956;BR-364/MT;Norte;Colisão Transversal;1;1;2;;;;1
18/04/2020;11:04:00;111;com vítima;251,406;BR-364/MT;Norte;Tombamento;1;2;3;;;;1
18/04/2020;11:41:00;124;sem vítima;795,179;BR-163/MT;Norte;Colisão Traseira;1;2;;;;;1
18/04/2020;15:55:00;171;sem vítima;452,515;BR-364/MT;Sul;Engavetamento;5;8;;;;;1
18/04/2020;17:58:00;198;com vítima;487,91;BR-364/MT;Sul;Atropelamento - Andarilho;1;2;;;;1;3
18/04/2020;18:31:00;208;com vítima;498,911;BR-364/MT;Sul;Colisão Lateral;1;2;;;;1;3
18/04/2020;18:36:00;210;sem vítima;539,909;BR-163/MT;Norte;Choque - Defensa, barreira ou "submarino";1;2;;;;;1
19/04/2020;19:07:00;208;com vítima;509,808;BR-070/MT;Norte;Atropelamento - Andarilho;1;1;;;;1;3
20/04/2020;09:17:00;77;sem vítima;847,031;BR-163/MT;Sul;Colisão Traseira;1;2;;;;;1
20/04/2020;09:33:00;80;sem vítima;849,409;BR-163/MT;Norte;Colisão Traseira;2;2;;;;;1
20/04/2020;09:38:00;81;sem vítima;586;BR-364/MT;Norte;Colisão Lateral;2;3;;;;;1
20/04/2020;09:33:00;99;sem vítima;849,409;BR-163/MT;Sul;Saida de Pista;1;1;;;;;1
20/04/2020;11:25:00;114;com vítima;659,981;BR-163/MT;Norte;Saida de Pista;1;1;1;;;;1
20/04/2020;11:57:00;125;com vítima;521,751;BR-070/MT;Sul;Atropelamento - Usuário;1;3;;1;;;2
20/04/2020;13:15:00;139;sem vítima;435,8;BR-364/MT;Norte;Colisão Traseira;1;2;;;;;1
20/04/2020;13:59:00;142;com vítima;259,692;BR-364/MT;Sul;Colisão Transversal;1;4;1;;;;1
20/04/2020;16:15:00;163;sem vítima;336,548;BR-364/MT;Sul;Tombamento;1;1;;;;;1
21/04/2020;04:23:00;24;sem vítima;583,358;BR-163/MT;Norte;Tombamento;1;1;;;;;1
21/04/2020;13:34:00;122;sem vítima;844,026;BR-163/MT;Norte;Engavetamento;1;6;;;;;1
21/04/2020;15:21:00;147;sem vítima;574,981;BR-364/MT;Sul;Choque - Talude;1;1;;;;;1
21/04/2020;17:41:00;183;com vítima;605,372;BR-163/MT;Norte;Tombamento;1;1;1;;;;1
21/04/2020;19:25:00;203;com vítima;458,487;BR-364/MT;Sul;Saida de Pista;1;0;1;;;;1
22/04/2020;02:41:00;27;sem vítima;347,567;BR-364/MT;Norte;Tombamento;1;1;;;;;1
22/04/2020;14:44:00;177;com vítima;347,5;BR-364/MT;Norte;Colisão Lateral;1;1;1;;;;1
22/04/2020;17:33:00;225;sem vítima;606,833;BR-163/MT;Norte;Tombamento;1;1;;;;;1
23/04/2020;06:44:00;57;sem vítima;845,142;BR-163/MT;Norte;Tombamento;1;1;;;;;1
23/04/2020;12:46:00;153;sem vítima;347,927;BR-364/MT;Sul;Saida de Pista;1;2;;;;;1
23/04/2020;16:47:00;205;sem vítima;666,142;BR-163/MT;Norte;Saida de Pista;1;1;;;;;1
24/04/2020;09:13:00;84;sem vítima;511,125;BR-070/MT;Sul;Choque - Defensa, barreira ou "submarino";1;2;;;;;1
24/04/2020;09:46:00;94;sem vítima;454;BR-364/MT;Norte;Colisão Lateral;1;3;;;;;1
24/04/2020;10:46:00;119;sem vítima;347;BR-364/MT;Sul;Colisão Lateral;1;2;;;;;1
24/04/2020;15:02:00;189;sem vítima;401;BR-364/MT;Norte;Colisão Traseira;1;2;;;;;1
24/04/2020;18:01:00;234;sem vítima;804,559;BR-163/MT;Norte;Saida de Pista;1;1;;;;;1
25/04/2020;09:37:00;85;sem vítima;752,246;BR-163/MT;Norte;Colisão Traseira;1;3;;;;;1
25/04/2020;12:46:00;127;sem vítima;582,679;BR-163/MT;Sul;Saida de Pista;1;1;;;;;1
25/04/2020;13:37:00;131;sem vítima;728,881;BR-163/MT;Norte;Tombamento;1;1;;;;;1
25/04/2020;14:40:00;145;sem vítima;460,742;BR-364/MT;Sul;Tombamento;1;1;;;;;1
25/04/2020;15:38:00;166;com vítima;285,179;BR-364/MT;Sul;Tombamento;1;0;1;;;;1
26/04/2020;04:53:00;33;sem vítima;247,479;BR-364/MT;Sul;Tombamento;1;1;;;;;1
26/04/2020;18:02:00;197;sem vítima;519,839;BR-163/MT;Norte;Tombamento;1;1;;;;;1
26/04/2020;22:28:00;244;com vítima;500,378;BR-364/MT;Norte;Colisão Frontal;1;1;;;;2;3
27/04/2020;01:06:00;19;sem vítima;290,166;BR-364/MT;Norte;Atropelamento de Animal;1;1;;;;;1
27/04/2020;12:10:00;135;sem vítima;521,434;BR-070/MT;Sul;Colisão Traseira;1;3;;;;;1
27/04/2020;13:29:00;158;sem vítima;361,811;BR-364/MT;Norte;Tombamento;1;1;;;;;1
27/04/2020;13:43:00;162;sem vítima;579;BR-364/MT;Norte;Colisão Traseira;2;2;;;;;1
27/04/2020;16:19:00;214;sem vítima;642,616;BR-163/MT;Norte;Colisão Traseira;2;2;;;;;1
27/04/2020;19:13:00;254;sem vítima;794,61;BR-163/MT;Norte;Tombamento;1;1;;;;;1
28/04/2020;04:53:00;36;com vítima;462,256;BR-364/MT;Sul;Tombamento;1;0;1;;;;1
28/04/2020;14:31:00;199;sem vítima;350,174;BR-364/MT;Norte;Tombamento;1;1;;;;;1
28/04/2020;14:50:00;204;sem vítima;209,502;BR-364/MT;Sul;Tombamento;1;1;;;;;1
28/04/2020;18:08:00;246;sem vítima;749,054;BR-163/MT;Norte;Objeto lançado contra veículo;1;4;;;;;1
29/04/2020;03:22:00;36;com vítima;515,519;BR-364/MT;Sul;Tombamento;1;0;1;;;;1
29/04/2020;03:47:00;38;sem vítima;527,056;BR-163/MT;Norte;Tombamento;1;1;;;;;1
29/04/2020;07:52:00;66;sem vítima;586,9;BR-163/MT;Sul;Colisão Traseira;1;6;;;;;1
29/04/2020;09:57:00;105;sem vítima;802,421;BR-163/MT;Norte;Engavetamento;2;5;;;;;1
29/04/2020;15:08:00;183;sem vítima;640,726;BR-163/MT;Norte;Colisão Traseira;1;10;;;;;1
30/04/2020;16:03:00;204;sem vítima;96,422;BR-163/MT;Norte;Colisão Lateral;1;2;;;;;1
30/04/2020;16:07:00;206;com vítima;203,83;BR-364/MT;Norte;Colisão Lateral;1;1;1;;;;1
30/04/2020;22:41:00;294;sem vítima;546,935;BR-163/MT;Norte;Colisão Traseira;1;3;;;;;1
01/06/2020;08:44:00;84;sem vítima;517,717;BR-070/MT;Sul;Colisão Lateral;1;4;;;;;1
01/06/2020;22:27:00;317;sem vítima;574,354;BR-163/MT;Norte;Saida de Pista;1;1;;;;;1
02/06/2020;14:38:00;190;sem vítima;510,904;BR-163/MT;Norte;Colisão Traseira;2;3;;;;;1
02/06/2020;15:15:00;201;sem vítima;203,068;BR-364/MT;Sul;Colisão Traseira;2;2;;;;;1
02/06/2020;20:07:00;267;sem vítima;817,62;BR-163/MT;Norte;Colisão Lateral;2;2;;;;;1
03/06/2020;11:06:00;130;sem vítima;401,658;BR-364/MT;Norte;Colisão Lateral;1;2;;;;;1
03/06/2020;12:21:00;149;com vítima;349,727;BR-364/MT;Norte;Capotamento;1;0;1;;;;1
03/06/2020;12:59:00;157;sem vítima;568,668;BR-364/MT;Sul;Saida de Pista;1;3;;;;;1
03/06/2020;13:54:00;172;sem vítima;544,572;BR-364/MT;Norte;Colisão Frontal;1;2;;;;;1
04/06/2020;08:34:00;81;sem vítima;435;BR-364/MT;Sul;Colisão Transversal;1;2;;;;;1
04/06/2020;09:06:00;100;sem vítima;835,794;BR-163/MT;Sul;Colisão Lateral;1;2;;;;;1
04/06/2020;10:01:00;119;sem vítima;119,582;BR-163/MT;Norte;Colisão Lateral;1;2;;;;;1
04/06/2020;15:22:00;230;sem vítima;507,529;BR-364/MT;Norte;Colisão Lateral;1;2;;;;;1
04/06/2020;16:55:00;266;sem vítima;837,141;BR-163/MT;Sul;Colisão Transversal;1;2;;;;;1
04/06/2020;17:01:00;269;sem vítima;522;BR-364/MT;Sul;Colisão Transversal;1;2;;;;;1
05/06/2020;07:07:00;40;sem vítima;525,996;BR-364/MT;Sul;Colisão Traseira;1;2;;;;;1
05/06/2020;11:19:00;138;sem vítima;502,174;BR-364/MT;Sul;Colisão Lateral;2;3;;;;;1
05/06/2020;14:28:00;199;sem vítima;383,15;BR-364/MT;Norte;Colisão Traseira;2;2;;;;;1
06/06/2020;17:32:00;215;sem vítima;520,25;BR-070/MT;Norte;Colisão Traseira;1;4;;;;;1
06/06/2020;18:35:00;228;sem vítima;526,14;BR-364/MT;Norte;Tombamento;1;2;;;;;1
06/06/2020;19:10:00;238;sem vítima;322,357;BR-364/MT;Norte;Tombamento;1;1;;;;;1
07/06/2020;08:41:00;101;sem vítima;512,835;BR-364/MT;Sul;Colisão Lateral;2;2;;;;;1
07/06/2020;08:45:00;104;com vítima;579,293;BR-364/MT;Norte;Colisão Lateral;1;3;1;;;;1
07/06/2020;17:46:00;217;com vítima;590,458;BR-163/MT;Sul;Colisão Traseira;1;1;;;1;;2
08/06/2020;10:25:00;135;sem vítima;746,891;BR-163/MT;Sul;Colisão Lateral;1;2;;;;;1
08/06/2020;14:29:00;201;com vítima;39,065;BR-163/MT;Sul;Colisão Traseira;1;2;1;;;;1
08/06/2020;19:17:00;278;sem vítima;482,23;BR-364/MT;Sul;Colisão Transversal;1;5;;;;;1
08/06/2020;21:11:00;295;sem vítima;458,481;BR-364/MT;Sul;Colisão Traseira;1;3;;;;;1
08/06/2020;21:55:00;299;com vítima;829,955;BR-163/MT;Norte;Colisão Lateral;1;1;1;;;;1
09/06/2020;12:13:00;188;sem vítima;751,265;BR-163/MT;Sul;Saida de Pista;1;1;;;;;1
09/06/2020;14:11:00;224;sem vítima;201,496;BR-364/MT;Sul;Colisão Lateral;1;2;;;;;1
09/06/2020;16:23:00;272;sem vítima;272,424;BR-364/MT;Norte;Colisão Transversal;1;3;;;;;1
09/06/2020;17:10:00;289;sem vítima;435,7;BR-364/MT;Sul;Colisão Lateral;1;2;;;;;1
09/06/2020;19:02:00;312;sem vítima;731,387;BR-163/MT;Sul;Colisão Lateral;1;2;;;;;1
09/06/2020;19:24:00;316;sem vítima;434,6;BR-364/MT;Norte;Colisão Traseira;2;2;;;;;1
10/06/2020;21:27:00;347;sem vítima;831,536;BR-163/MT;Sul;Colisão Transversal;1;2;;;;;1
11/06/2020;12:22:00;189;com vítima;444,72;BR-364/MT;Sul;Colisão Traseira;2;1;;1;;;2
11/06/2020;15:57:00;261;com vítima;493,863;BR-364/MT;Sul;Colisão Lateral;3;2;1;;;;1
11/06/2020;17:22:00;286;sem vítima;307,082;BR-364/MT;Norte;Colisão Traseira;2;2;;;;;1
12/06/2020;09:13:00;91;sem vítima;119,15;BR-163/MT;Norte;Engavetamento;1;3;;;;;1
12/06/2020;10:29:00;105;com vítima;205,9;BR-364/MT;Sul;Colisão Lateral;1;1;;1;;;2
12/06/2020;14:57:00;155;sem vítima;447,276;BR-364/MT;Sul;Colisão Traseira;2;2;;;;;1
12/06/2020;15:40:00;169;sem vítima;449,518;BR-364/MT;Sul;Colisão Transversal;1;4;;;;;1
12/06/2020;17:33:00;200;sem vítima;690,683;BR-163/MT;Sul;Colisão Lateral;1;4;;;;;1
12/06/2020;18:37:00;217;sem vítima;264;BR-364/MT;Sul;Colisão Lateral;2;2;;;;;1
12/06/2020;23:03:00;268;com vítima;10,632;BR-163/MT;Sul;Tombamento;1;0;1;;;;1
13/06/2020;10:52:00;110;sem vítima;687,551;BR-163/MT;Norte;Colisão Lateral;1;2;;;;;1
13/06/2020;10:52:00;112;sem vítima;119,557;BR-163/MT;Norte;Colisão Traseira;1;5;;;;;1
13/06/2020;15:56:00;202;sem vítima;809,466;BR-163/MT;Sul;Tombamento;1;1;;;;;1
13/06/2020;18:35:00;248;sem vítima;343,855;BR-364/MT;Norte;Choque - Veiculo parado no acostamento;1;2;;;;;1
14/06/2020;06:43:00;41;sem vítima;459,772;BR-364/MT;Norte;Choque - Outros;1;1;;;;;1
14/06/2020;06:53:00;43;com vítima;486,615;BR-364/MT;Sul;Colisão Traseira;1;5;1;;;;1
14/06/2020;16:07:00;183;sem vítima;537,79;BR-364/MT;Sul;Colisão Lateral;1;2;;;;;1
15/06/2020;09:05:00;71;sem vítima;848,327;BR-163/MT;Sul;Colisão Lateral;2;5;;;;;1
15/06/2020;09:39:00;85;sem vítima;511,518;BR-163/MT;Norte;Colisão Traseira;2;2;;;;;1
15/06/2020;12:36:00;134;sem vítima;746,142;BR-163/MT;Sul;Choque - Veiculo parado no acostamento;2;2;;;;;1
15/06/2020;15:05:00;174;sem vítima;468,671;BR-364/MT;Sul;Tombamento;1;2;;;;;1
15/06/2020;15:05:00;177;sem vítima;468;BR-364/MT;Norte;Colisão Lateral;1;2;;;;;1
15/06/2020;18:56:00;227;sem vítima;543,108;BR-163/MT;Norte;Saida de Pista;1;1;;;;;1
16/06/2020;01:27:00;29;sem vítima;549,422;BR-163/MT;Norte;Saida de Pista;1;1;;;;;1
16/06/2020;07:51:00;71;com vítima;840,15;BR-163/MT;Norte;Colisão Transversal;1;1;;;;1;3
16/06/2020;09:55:00;115;com vítima;280,831;BR-364/MT;Sul;Engavetamento;3;3;2;2;;;2
16/06/2020;11:31:00;145;com vítima;591,679;BR-163/MT;Norte;Colisão Traseira;1;2;;1;;;2
16/06/2020;16:59:00;237;sem vítima;274,5;BR-364/MT;Norte;Colisão Traseira;2;2;;;;;1
16/06/2020;18:27:00;263;sem vítima;118,711;BR-163/MT;Sul;Colisão Traseira;1;2;;;;;1
16/06/2020;20:17:00;289;sem vítima;683,779;BR-163/MT;Norte;Colisão Traseira;1;2;;;;;1
17/06/2020;03:10:00;27;sem vítima;633,006;BR-163/MT;Norte;Tombamento;1;1;;;;;1
17/06/2020;04:34:00;34;sem vítima;642,628;BR-163/MT;Norte;Colisão Lateral;2;2;;;;;1
17/06/2020;10:00:00;115;sem vítima;508,798;BR-163/MT;Norte;Colisão Lateral;1;3;;;;;1
17/06/2020;14:15:00;191;sem vítima;637,554;BR-163/MT;Sul;Colisão Traseira;2;2;;;;;1
17/06/2020;15:34:00;219;sem vítima;568,308;BR-163/MT;Norte;Colisão Traseira;2;2;;;;;1
17/06/2020;17:38:00;249;sem vítima;119,575;BR-163/MT;Norte;Saida de Pista;1;2;;;;;1
17/06/2020;18:25:00;258;com vítima;650,632;BR-163/MT;Sul;Engavetamento;2;7;1;;;;1
17/06/2020;18:36:00;261;sem vítima;685;BR-163/MT;Sul;Choque - Outros;1;2;;;;;1
17/06/2020;18:53:00;267;com vítima;504,771;BR-070/MT;Sul;Colisão Traseira;1;1;;1;;;2
17/06/2020;21:07:00;293;sem vítima;239,457;BR-364/MT;Sul;Colisão Lateral;1;4;;;;;1
18/06/2020;06:59:00;64;sem vítima;587,518;BR-364/MT;Sul;Tombamento;1;1;;;;;1
18/06/2020;07:43:00;79;sem vítima;605,907;BR-163/MT;Sul;Objeto lançado contra veículo;2;2;;;;;1
18/06/2020;08:34:00;102;sem vítima;546,468;BR-163/MT;Sul;Tombamento;1;1;;;;;1
18/06/2020;10:07:00;147;sem vítima;621,109;BR-163/MT;Norte;Colisão Traseira;2;2;;;;;1
18/06/2020;10:55:00;170;com vítima;581,98;BR-163/MT;Sul;Atropelamento - Usuário;1;1;;1;;;2
18/06/2020;13:51:00;213;sem vítima;636,769;BR-163/MT;Norte;Colisão Traseira;2;2;;;;;1
18/06/2020;17:15:00;283;sem vítima;559,4;BR-364/MT;Sul;Colisão Lateral;2;2;;;;;1
18/06/2020;22:57:00;330;sem vítima;320,119;BR-364/MT;Sul;Colisão Traseira;1;2;;;;;1
19/06/2020;02:51:00;16;com vítima;519,644;BR-070/MT;Sul;Colisão Traseira;1;2;;;;1;3
19/06/2020;10:19:00;119;sem vítima;513;BR-070/MT;Norte;Colisão Transversal;1;4;;;;;1
19/06/2020;10:32:00;122;sem vítima;117,5;BR-163/MT;Norte;Colisão Traseira;1;2;;;;;1