data;horario;n_da_ocorrencia;tipo_de_ocorrencia;km;trecho;sentido;tipo_de_acidente;caminhao;ilesos;levemente_feridos;moderadamente_feridos;gravemente_feridos;mortos;3
19/06/2020;10:52:00;130;com vítima;696,14;BR-163/MT;Norte;Saida de Pista;1;0;1;;;;1
19/06/2020;15:17:00;201;sem vítima;102,109;BR-163/MT;Norte;Tombamento;1;1;;;;;1
19/06/2020;17:01:00;223;sem vítima;581;BR-364/MT;Norte;Colisão Traseira;2;2;;;;;1
19/06/2020;19:53:00;267;sem vítima;222,922;BR-364/MT;Sul;Colisão Traseira;1;2;;;;;1
19/06/2020;21:38:00;287;sem vítima;94,724;BR-163/MT;Norte;Colisão Traseira;1;2;;;;;1
20/06/2020;07:34:00;62;sem vítima;568,5;BR-163/MT;Sul;Saida de Pista;1;1;;;;;1
20/06/2020;13:35:00;158;sem vítima;561,073;BR-163/MT;Norte;Colisão Lateral;1;3;;;;;1
20/06/2020;14:04:00;164;sem vítima;541,258;BR-163/MT;Sul;Tombamento;1;1;;;;;1
20/06/2020;14:23:00;174;sem vítima;521,175;BR-163/MT;Norte;Colisão Traseira;1;6;;;;;1
21/06/2020;09:57:00;104;sem vítima;346,7;BR-364/MT;Norte;Saida de Pista;1;1;;;;;1
21/06/2020;11:17:00;130;sem vítima;827,287;BR-163/MT;Norte;Colisão Traseira;2;3;;;;;1
22/06/2020;06:57:00;20;sem vítima;311,628;BR-364/MT;Norte;Colisão Lateral;2;2;;;;;1
22/06/2020;09:59:00;104;sem vítima;510,514;BR-163/MT;Norte;Colisão Traseira;1;2;;;;;1
22/06/2020;14:05:00;181;sem vítima;508,551;BR-070/MT;Norte;Colisão Traseira;2;3;;;;;1
22/06/2020;14:15:00;185;sem vítima;511,04;BR-070/MT;Sul;Colisão Traseira;2;2;;;;;1
22/06/2020;15:55:00;225;sem vítima;825,798;BR-163/MT;Sul;Colisão Lateral;1;6;;;;;1
22/06/2020;16:34:00;238;sem vítima;509,668;BR-070/MT;Norte;Colisão Traseira;2;2;;;;;1
23/06/2020;08:06:00;86;sem vítima;506,483;BR-070/MT;Norte;Colisão Traseira;1;2;;;;;1
23/06/2020;08:21:00;94;com vítima;603,234;BR-163/MT;Sul;Choque - Veiculo parado na pista;1;1;1;;;;1
23/06/2020;11:12:00;162;sem vítima;202,202;BR-364/MT;Sul;Engavetamento;3;3;;;;;1
23/06/2020;11:36:00;167;sem vítima;579,279;BR-364/MT;Sul;Colisão Traseira;1;2;;;;;1
23/06/2020;20:16:00;327;com vítima;829,527;BR-163/MT;Norte;Colisão Traseira;1;2;1;;;;1
24/06/2020;07:56:00;74;com vítima;258,683;BR-364/MT;Norte;Colisão Transversal;1;1;1;;;;1
24/06/2020;10:05:00;137;sem vítima;316,546;BR-364/MT;Norte;Colisão Traseira;1;2;;;;;1
24/06/2020;11:42:00;183;sem vítima;763,199;BR-163/MT;Sul;Saida de Pista;1;1;;;;;1
24/06/2020;13:08:00;205;sem vítima;278,03;BR-364/MT;Sul;Colisão Traseira;2;2;;;;;1
24/06/2020;15:14:00;253;sem vítima;521;BR-070/MT;Sul;Colisão Transversal;1;4;;;;;1
24/06/2020;16:32:00;281;sem vítima;514;BR-070/MT;Norte;Colisão Traseira;2;2;;;;;1
24/06/2020;23:06:00;375;com vítima;649,245;BR-163/MT;Sul;Tombamento;1;0;1;;;;1
25/06/2020;20:51:00;350;sem vítima;288,88;BR-364/MT;Norte;Colisão Traseira;2;3;;;;;1
25/06/2020;23:20:00;365;sem vítima;441,305;BR-364/MT;Norte;Choque - Defensa, barreira ou "submarino";1;1;;;;;1
26/06/2020;05:21:00;28;sem vítima;518,105;BR-163/MT;Norte;Colisão Lateral;2;2;;;;;1
26/06/2020;09:30:00;115;sem vítima;835,387;BR-163/MT;Sul;Choque - Veiculo parado no acostamento;1;2;;;;;1
26/06/2020;09:48:00;124;com vítima;46,301;BR-163/MT;Norte;Colisão Traseira;2;1;1;;;;1
26/06/2020;11:04:00;147;sem vítima;575,525;BR-163/MT;Norte;Tombamento;1;1;;;;;1
26/06/2020;17:14:00;264;sem vítima;203,672;BR-364/MT;Sul;Colisão Traseira;2;2;;;;;1
26/06/2020;18:01:00;278;com vítima;539,776;BR-163/MT;Sul;Engavetamento;3;2;1;;;;1
26/06/2020;18:16:00;281;sem vítima;271;BR-364/MT;Sul;Colisão Traseira;1;5;;;;;1
27/06/2020;05:48:00;35;sem vítima;502,889;BR-364/MT;Norte;Colisão Lateral;2;2;;;;;1
27/06/2020;06:51:00;43;com vítima;499,514;BR-070/MT;Norte;Colisão Lateral;1;1;1;;;;1
27/06/2020;07:48:00;55;sem vítima;349,333;BR-364/MT;Norte;Choque - Talude;1;1;;;;;1
27/06/2020;11:54:00;120;com vítima;746,385;BR-163/MT;Norte;Colisão Lateral;1;1;;1;;;2
27/06/2020;18:16:00;208;sem vítima;333,479;BR-364/MT;Norte;Atropelamento de Animal;1;2;;;;;1
28/06/2020;07:40:00;48;sem vítima;230,638;BR-364/MT;Norte;Tombamento;1;1;;;;;1
28/06/2020;11:20:00;110;sem vítima;316,29;BR-364/MT;Norte;Colisão Traseira;1;2;;;;;1
28/06/2020;14:05:00;141;sem vítima;348,377;BR-364/MT;Norte;Tombamento;1;1;;;;;1
28/06/2020;15:22:00;156;com vítima;523,178;BR-070/MT;Sul;Colisão Frontal;1;3;1;;;;1
29/06/2020;08:46:00;88;sem vítima;516,45;BR-364/MT;Norte;Saida de Pista;1;1;;;;;1
29/06/2020;13:51:00;183;sem vítima;271,346;BR-364/MT;Sul;Colisão Lateral;1;2;;;;;1
29/06/2020;16:10:00;228;com vítima;502,316;BR-364/MT;Norte;Colisão Lateral;1;1;1;;;;1
29/06/2020;16:39:00;236;sem vítima;356,611;BR-364/MT;Sul;Tombamento;1;1;;;;;1
29/06/2020;16:50:00;247;sem vítima;579,179;BR-364/MT;Norte;Colisão Traseira;1;4;;;;;1
29/06/2020;17:44:00;271;sem vítima;618,567;BR-163/MT;Norte;Tombamento;1;1;;;;;1
30/06/2020;06:37:00;43;sem vítima;510,805;BR-364/MT;Sul;Choque - Veiculo parado na pista;1;2;;;;;1
30/06/2020;10:03:00;117;sem vítima;278,414;BR-364/MT;Sul;Choque - Defensa, barreira ou "submarino";1;1;;;;;1
30/06/2020;14:03:00;182;com vítima;292,04;BR-364/MT;Norte;Tombamento;1;0;;1;;;2
30/06/2020;15:28:00;202;sem vítima;513,318;BR-163/MT;Sul;Tombamento;1;1;;;;;1
30/06/2020;16:00:00;215;sem vítima;471,423;BR-364/MT;Norte;Engavetamento;3;3;;;;;1
30/06/2020;16:37:00;231;sem vítima;592,3;BR-163/MT;Norte;Colisão Traseira;2;2;;;;;1
30/06/2020;18:42:00;257;sem vítima;349,175;BR-364/MT;Norte;Choque - Talude;1;2;;;;;1
30/06/2020;22:43:00;301;sem vítima;526,869;BR-163/MT;Sul;Tombamento;1;1;;;;;1
30/06/2020;16:37:00;231;sem vítima;592,3;BR-163/MT;Norte;Colisão Traseira;2;2;;;;;1
30/06/2020;18:42:00;257;sem vítima;349,175;BR-364/MT;Norte;Choque - Talude;1;2;;;;;1
30/06/2020;22:43:00;301;sem vítima;526,869;BR-163/MT;Sul;Tombamento;1;1;;;;;1
01/07/2020;07:15:00;44;sem vítima;342,718;BR-364/MT;Norte;Colisão Traseira;2;2;;;;;1
01/07/2020;10:18:00;136;sem vítima;829,169;BR-163/MT;Sul;Colisão Traseira;1;3;;;;;1
01/07/2020;10:54:00;146;sem vítima;541,86;BR-364/MT;Norte;Colisão Lateral;2;3;;;;;1
01/07/2020;15:10:00;213;sem vítima;361,15;BR-364/MT;Sul;Colisão Lateral;1;2;;;;;1
02/07/2020;09:51:00;130;sem vítima;831,474;BR-163/MT;Sul;Colisão Traseira;2;2;;;;;1
02/07/2020;11:14:00;156;sem vítima;810,412;BR-163/MT;Norte;Engavetamento;3;5;;;;;1
02/07/2020;11:28:00;160;sem vítima;538,632;BR-364/MT;Sul;Colisão Lateral;2;2;;;;;1
02/07/2020;11:42:00;165;sem vítima;810,34;BR-163/MT;Sul;Colisão Traseira;1;8;;;;;1
02/07/2020;12:02:00;170;sem vítima;538,5;BR-364/MT;Norte;Saida de Pista;1;1;;;;;1
02/07/2020;14:24:00;204;sem vítima;576,591;BR-364/MT;Norte;Colisão Traseira;1;2;;;;;1
03/07/2020;04:43:00;36;sem vítima;204,733;BR-364/MT;Norte;Colisão Traseira;2;2;;;;;1
03/07/2020;10:18:00;145;sem vítima;509,938;BR-163/MT;Norte;Colisão Lateral;3;4;;;;;1
03/07/2020;13:42:00;208;sem vítima;688,245;BR-163/MT;Sul;Colisão Traseira;1;3;;;;;1
03/07/2020;15:20:00;241;com vítima;566,103;BR-163/MT;Sul;Colisão Lateral;1;3;1;;;;1
03/07/2020;15:40:00;249;sem vítima;523,8;BR-070/MT;Norte;Engavetamento;2;6;;;;;1
03/07/2020;17:49:00;299;sem vítima;622,764;BR-163/MT;Sul;Colisão Traseira;2;3;;;;;1
03/07/2020;22:51:00;353;com vítima;118,859;BR-163/MT;Norte;Colisão Traseira;1;1;;;1;;2
04/07/2020;05:19:00;31;com vítima;349,648;BR-364/MT;Norte;Tombamento;1;0;1;;;;1
04/07/2020;09:35:00;112;sem vítima;579,155;BR-364/MT;Norte;Colisão Traseira;2;2;;;;;1
04/07/2020;12:03:00;153;sem vítima;533,109;BR-364/MT;Norte;Saida de Pista;1;1;;;;;1
04/07/2020;17:47:00;263;com vítima;844,608;BR-163/MT;Norte;Colisão Lateral;1;1;;1;;;2
04/07/2020;18:11:00;267;com vítima;642,29;BR-163/MT;Norte;Atropelamento - Usuário;1;2;;;;1;3
04/07/2020;20:07:00;284;sem vítima;472,175;BR-364/MT;Sul;Tombamento;1;1;;;;;1
05/07/2020;00:20:00;3;sem vítima;342,193;BR-364/MT;Norte;Saida de Pista;1;1;;;;;1
05/07/2020;14:34:00;170;sem vítima;503,569;BR-070/MT;Sul;Tombamento;1;1;;;;;1
05/07/2020;15:40:00;191;sem vítima;276,242;BR-364/MT;Norte;Tombamento;1;1;;;;;1
05/07/2020;17:10:00;219;sem vítima;277,279;BR-364/MT;Norte;Choque - Defensa, barreira ou "submarino";1;1;;;;;1
05/07/2020;17:19:00;222;sem vítima;305,807;BR-364/MT;Sul;Colisão Lateral;1;2;;;;;1
06/07/2020;06:23:00;39;sem vítima;382,62;BR-364/MT;Norte;Atropelamento de Animal;1;1;;;;;1
06/07/2020;09:06:00;96;com vítima;679,672;BR-163/MT;Norte;Colisão Lateral;2;1;1;1;;;2
06/07/2020;09:27:00;103;sem vítima;383,227;BR-364/MT;Sul;Colisão Traseira;2;2;;;;;1
06/07/2020;18:31:00;273;com vítima;436,501;BR-364/MT;Sul;Colisão Lateral;1;1;1;;;;1
07/07/2020;07:08:00;67;sem vítima;119,639;BR-163/MT;Norte;Colisão Traseira;2;2;;;;;1
07/07/2020;10:01:00;141;sem vítima;614,652;BR-163/MT;Sul;Colisão Traseira;1;3;;;;;1
07/07/2020;11:09:00;174;com vítima;752,96;BR-163/MT;Norte;Atropelamento - Ciclista;1;1;;;;1;3
07/07/2020;11:11:00;175;sem vítima;788,537;BR-163/MT;Sul;Engavetamento;2;4;;;;;1
07/07/2020;11:55:00;187;sem vítima;478,45;BR-364/MT;Norte;Colisão Traseira;2;2;;;;;1
07/07/2020;13:13:00;208;sem vítima;820,45;BR-163/MT;Sul;Colisão Traseira;2;2;;;;;1
07/07/2020;16:04:00;277;com vítima;494,064;BR-364/MT;Sul;Atropelamento - Andarilho;1;1;1;;;;1
07/07/2020;18:16:00;315;sem vítima;437,963;BR-364/MT;Sul;Colisão Traseira;1;2;;;;;1
08/07/2020;00:01:00;1;sem vítima;360,168;BR-364/MT;Norte;Tombamento;1;1;;;;;1
08/07/2020;18:00:00;272;sem vítima;774,522;BR-163/MT;Norte;Choque - Objeto sobre a pista;2;2;;;;;1
08/07/2020;19:51:00;307;sem vítima;523,247;BR-070/MT;Sul;Colisão Transversal;1;2;;;;;1
08/07/2020;22:14:00;332;sem vítima;332;BR-364/MT;Sul;Colisão Traseira;1;2;;;;;1
09/07/2020;03:16:00;26;sem vítima;503,923;BR-364/MT;Sul;Colisão Lateral;2;3;;;;;1
09/07/2020;08:10:00;85;sem vítima;827,275;BR-163/MT;Norte;Colisão Transversal;2;2;;;;;1
10/07/2020;06:29:00;44;sem vítima;202,809;BR-364/MT;Norte;Colisão Traseira;1;4;;;;;1
10/07/2020;07:04:00;59;sem vítima;831,522;BR-163/MT;Norte;Choque - Poste;1;1;;;;;1
10/07/2020;07:39:00;72;com vítima;515,36;BR-364/MT;Sul;Colisão Traseira;2;2;1;;;;1
10/07/2020;07:51:00;79;sem vítima;4,509;BR-163/MT;Norte;Colisão Lateral;1;2;;;;;1
10/07/2020;08:10:00;86;com vítima;530,725;BR-163/MT;Norte;Engavetamento;3;9;2;;;;1
10/07/2020;11:09:00;148;com vítima;835,143;BR-163/MT;Norte;Colisão Transversal;1;1;;;;1;3
10/07/2020;12:55:00;169;com vítima;690,486;BR-163/MT;Norte;Colisão Transversal;1;1;1;;;;1
10/07/2020;14:14:00;193;sem vítima;539,5;BR-163/MT;Sul;Colisão Lateral;3;3;;;;;1
10/07/2020;16:59:00;255;sem vítima;245,404;BR-364/MT;Norte;Colisão Traseira;1;2;;;;;1
10/07/2020;18:59:00;293;sem vítima;211,772;BR-364/MT;Norte;Colisão Traseira;1;2;;;;;1
10/07/2020;20:08:00;308;sem vítima;594,934;BR-163/MT;Sul;Colisão Traseira;1;2;;;;;1
10/07/2020;21:19:00;328;sem vítima;592,957;BR-163/MT;Sul;Colisão Traseira;1;3;;;;;1
11/07/2020;07:32:00;55;sem vítima;514,093;BR-070/MT;Sul;Colisão Lateral;1;3;;;;;1
11/07/2020;08:21:00;76;sem vítima;748,532;BR-163/MT;Norte;Colisão Traseira;1;3;;;;;1
11/07/2020;08:45:00;85;sem vítima;264,528;BR-364/MT;Sul;Colisão Lateral;1;2;;;;;1
11/07/2020;11:38:00;151;sem vítima;516,193;BR-070/MT;Sul;Choque - Outros;2;4;;;;;1
11/07/2020;11:57:00;157;sem vítima;839,839;BR-163/MT;Sul;Colisão Transversal;1;2;;;;;1
11/07/2020;12:16:00;160;sem vítima;345,269;BR-364/MT;Sul;Colisão Traseira;2;2;;;;;1
11/07/2020;12:30:00;163;sem vítima;502,297;BR-364/MT;Sul;Colisão Traseira;1;5;;;;;1
11/07/2020;15:43:00;235;com vítima;61,948;BR-163/MT;Sul;Colisão Lateral;2;2;3;;;;1
12/07/2020;04:52:00;32;com vítima;350,6;BR-364/MT;Norte;Colisão Traseira;2;1;;1;;;2
12/07/2020;09:58:00;125;sem vítima;621,327;BR-163/MT;Sul;Engavetamento;2;4;;;;;1
12/07/2020;11:54:00;165;com vítima;384,927;BR-364/MT;Norte;Colisão Traseira;2;1;;1;;;2
12/07/2020;21:27:00;308;sem vítima;577,167;BR-364/MT;Norte;Colisão Traseira;2;2;;;;;1
13/07/2020;00:38:00;4;sem vítima;772,743;BR-163/MT;Norte;Saida de Pista;1;1;;;;;1
13/07/2020;10:28:00;166;sem vítima;202,974;BR-364/MT;Norte;Choque - Defensa, barreira ou "submarino";1;1;;;;;1
13/07/2020;11:43:00;196;sem vítima;854,193;BR-163/MT;Norte;Colisão Lateral;2;3;;;;;1
13/07/2020;11:44:00;197;sem vítima;707,369;BR-163/MT;Sul;Colisão Lateral;1;2;;;;;1
13/07/2020;16:04:00;278;sem vítima;518,266;BR-070/MT;Sul;Saida de Pista;1;1;;;;;1
13/07/2020;19:08:00;321;com vítima;114,4;BR-163/MT;Sul;Colisão Frontal;1;1;;;;1;3
14/07/2020;13:59:00;166;sem vítima;813,951;BR-163/MT;Norte;Tombamento;1;1;;;;;1
14/07/2020;14:16:00;173;sem vítima;788,474;BR-163/MT;Sul;Colisão Traseira;2;2;;;;;1
15/07/2020;02:21:00;31;sem vítima;348,17;BR-364/MT;Norte;Tombamento;1;1;;;;;1
15/07/2020;10:28:00;152;com vítima;750,244;BR-163/MT;Sul;Colisão Lateral;1;1;1;;;;1
15/07/2020;16:28:00;278;com vítima;398,22;BR-364/MT;Norte;Colisão Transversal;2;1;1;1;;;2
15/07/2020;23:54:00;365;sem vítima;346,719;BR-364/MT;Norte;Saida de Pista;1;2;;;;;1
16/07/2020;07:50:00;85;sem vítima;596,494;BR-163/MT;Sul;Colisão Lateral;2;2;;;;;1
16/07/2020;09:49:00;130;sem vítima;518,297;BR-070/MT;Sul;Colisão Traseira;2;2;;;;;1
16/07/2020;10:16:00;145;sem vítima;524,396;BR-163/MT;Norte;Colisão Traseira;2;2;;;;;1
16/07/2020;10:24:00;151;sem vítima;398,303;BR-364/MT;Sul;Colisão Traseira;1;2;;;;;1
16/07/2020;17:10:00;292;sem vítima;435,7;BR-364/MT;Sul;Choque - Veiculo parado na pista;2;3;;;;;1
17/07/2020;06:43:00;57;com vítima;276,431;BR-364/MT;Sul;Tombamento;1;1;2;;;;1
17/07/2020;11:48:00;181;sem vítima;852,671;BR-163/MT;Sul;Tombamento;1;1;;;;;1
17/07/2020;13:00:00;198;sem vítima;603,374;BR-163/MT;Sul;Engavetamento;1;10;;;;;1
17/07/2020;16:28:00;272;com vítima;398,276;BR-364/MT;Sul;Colisão Transversal;1;1;1;;;;1
17/07/2020;17:09:00;288;com vítima;501,053;BR-070/MT;Sul;Colisão Lateral;1;1;2;;;;1
17/07/2020;18:54:00;300;sem vítima;842,235;BR-163/MT;Sul;Tombamento;1;1;;;;;1
18/07/2020;05:58:00;47;sem vítima;550,56;BR-163/MT;Sul;Colisão Traseira;1;4;;;;;1
18/07/2020;08:23:00;81;sem vítima;442,671;BR-364/MT;Sul;Colisão Traseira;2;2;;;;;1
18/07/2020;09:12:00;91;sem vítima;482,229;BR-364/MT;Sul;Tombamento;1;1;;;;;1
18/07/2020;13:50:00;170;com vítima;519,332;BR-364/MT;Norte;Tombamento;1;1;1;;;;1
18/07/2020;15:37:00;204;sem vítima;399,273;BR-364/MT;Sul;Colisão Transversal;1;2;;;;;1
18/07/2020;16:07:00;213;sem vítima;349,108;BR-364/MT;Norte;Tombamento;1;1;;;;;1
19/07/2020;08:46:00;85;sem vítima;307,836;BR-364/MT;Sul;Colisão Traseira;1;3;;;;;1
19/07/2020;11:30:00;140;com vítima;398,279;BR-364/MT;Norte;Colisão Frontal;1;1;;1;;;2
19/07/2020;11:40:00;147;sem vítima;97,331;BR-163/MT;Sul;Tombamento;1;1;;;;;1
19/07/2020;16:47:00;236;sem vítima;114,215;BR-163/MT;Norte;Tombamento;2;2;;;;;1
20/07/2020;06:39:00;48;sem vítima;602,525;BR-163/MT;Norte;Colisão Lateral;1;3;;;;;1
20/07/2020;10:25:00;120;com vítima;274,368;BR-364/MT;Sul;Colisão Lateral;1;6;1;;;;1
20/07/2020;16:25:00;223;sem vítima;568,28;BR-163/MT;Norte;Engavetamento;4;4;;;;;1
20/07/2020;18:10:00;249;sem vítima;508,457;BR-070/MT;Norte;Choque - Veiculo parado na pista;1;5;;;;;1
21/07/2020;14:19:00;210;sem vítima;619,942;BR-163/MT;Sul;Colisão Traseira;1;4;;;;;1
21/07/2020;16:08:00;238;sem vítima;529,977;BR-163/MT;Norte;Colisão Traseira;2;2;;;;;1
21/07/2020;16:13:00;240;sem vítima;119,701;BR-163/MT;Norte;Colisão Lateral;1;2;;;;;1
22/07/2020;05:49:00;42;sem vítima;774,576;BR-163/MT;Sul;Saida de Pista;1;2;;;;;1
22/07/2020;09:31:00;110;sem vítima;525,525;BR-364/MT;Sul;Colisão Traseira;1;2;;;;;1
22/07/2020;15:50:00;206;sem vítima;828,186;BR-163/MT;Sul;Colisão Transversal;1;3;;;;;1
23/07/2020;07:24:00;56;sem vítima;844,443;BR-163/MT;Norte;Colisão Lateral;1;6;;;;;1
23/07/2020;13:08:00;180;sem vítima;624,266;BR-163/MT;Sul;Colisão Traseira;1;2;;;;;1
23/07/2020;15:34:00;231;sem vítima;512,047;BR-070/MT;Sul;Colisão Traseira;1;2;;;;;1
23/07/2020;18:43:00;292;sem vítima;114,38;BR-163/MT;Sul;Tombamento;1;1;;;;;1
23/07/2020;18:56:00;299;sem vítima;436,938;BR-364/MT;Sul;Choque - Veiculo parado na pista;1;2;;;;;1
24/07/2020;03:13:00;30;sem vítima;396,658;BR-364/MT;Sul;Tombamento;1;1;;;;;1
24/07/2020;06:22:00;51;com vítima;260,434;BR-364/MT;Norte;Tombamento;1;0;1;1;;;2
24/07/2020;08:56:00;98;sem vítima;511,247;BR-070/MT;Norte;Colisão Traseira;2;2;;;;;1
24/07/2020;10:31:00;137;com vítima;275,303;BR-364/MT;Sul;Colisão Lateral;1;2;4;;;;1
24/07/2020;13:43:00;200;sem vítima;636,301;BR-163/MT;Norte;Colisão Lateral;1;2;;;;;1
24/07/2020;15:18:00;228;sem vítima;348,132;BR-364/MT;Sul;Colisão Traseira;2;2;;;;;1
24/07/2020;15:22:00;230;sem vítima;270,324;BR-364/MT;Sul;Tombamento;1;1;;;;;1
24/07/2020;15:50:00;239;sem vítima;516,995;BR-364/MT;Norte;Choque - Veiculo parado na pista;1;3;;;;;1
24/07/2020;20:22:00;332;com vítima;504,682;BR-364/MT;Norte;Colisão Frontal;1;1;1;;;1;3
24/07/2020;21:04:00;342;com vítima;759,655;BR-163/MT;Sul;Colisão Frontal;1;1;;;;1;3
25/07/2020;12:01:00;172;com vítima;326,04;BR-364/MT;Norte;Tombamento;1;0;1;;;;1
25/07/2020;13:57:00;194;com vítima;520,486;BR-070/MT;Norte;Atropelamento - Ciclista;1;1;1;;;;1
25/07/2020;18:02:00;258;sem vítima;824,932;BR-163/MT;Norte;Colisão Lateral;1;3;;;;;1
26/07/2020;03:12:00;30;sem vítima;361,821;BR-364/MT;Norte;Saida de Pista;1;1;;;;;1
26/07/2020;05:53:00;36;com vítima;555,455;BR-163/MT;Sul;Colisão Frontal;1;1;;;;3;3
26/07/2020;08:07:00;63;sem vítima;312,401;BR-364/MT;Norte;Colisão Lateral;1;5;;;;;1
26/07/2020;09:50:00;83;sem vítima;586,9;BR-163/MT;Sul;Choque - Veiculo parado na pista;1;4;;;;;1
26/07/2020;13:47:00;124;sem vítima;841,102;BR-163/MT;Norte;Objeto lançado contra veículo;1;4;;;;;1
26/07/2020;15:00:00;143;sem vítima;516,361;BR-364/MT;Norte;Tombamento;1;1;;;;;1
26/07/2020;17:43:00;190;sem vítima;539,135;BR-163/MT;Norte;Tombamento;1;1;;;;;1
26/07/2020;19:38:00;220;com vítima;513,289;BR-070/MT;Norte;Colisão Transversal;1;2;;1;;2;3
26/07/2020;21:13:00;237;sem vítima;573,209;BR-163/MT;Sul;Objeto lançado contra veículo;1;4;;;;;1
27/07/2020;05:51:00;34;sem vítima;207,799;BR-364/MT;Norte;Colisão Traseira;2;2;;;;;1
27/07/2020;06:51:00;41;com vítima;820,466;BR-163/MT;Norte;Colisão Traseira;1;1;;1;;;2
27/07/2020;08:57:00;79;sem vítima;783,111;BR-163/MT;Norte;Choque - Poste;1;1;;;;;1
27/07/2020;08:59:00;80;sem vítima;645,083;BR-163/MT;Norte;Choque - Objeto sobre a pista;2;2;;;;;1
27/07/2020;11:34:00;134;sem vítima;823,951;BR-163/MT;Norte;Colisão Transversal;1;2;;;;;1
27/07/2020;18:14:00;277;sem vítima;522,129;BR-070/MT;Norte;Colisão Lateral;1;3;;;;;1
28/07/2020;08:33:00;92;com vítima;249,073;BR-364/MT;Norte;Colisão Lateral;1;1;1;;;;1
28/07/2020;13:17:00;193;sem vítima;552,981;BR-163/MT;Sul;Colisão Lateral;1;2;;;;;1
28/07/2020;19:41:00;318;sem vítima;320,117;BR-364/MT;Sul;Colisão Traseira;2;2;;;;;1
29/07/2020;01:46:00;14;sem vítima;214,028;BR-364/MT;Sul;Colisão Traseira;2;2;;;;;1
29/07/2020;07:08:00;56;sem vítima;202,653;BR-364/MT;Norte;Engavetamento;1;5;;;;;1
29/07/2020;16:02:00;226;sem vítima;209,598;BR-364/MT;Norte;Tombamento;1;1;;;;;1
30/07/2020;18:30:00;259;sem vítima;568,351;BR-364/MT;Sul;Tombamento;1;3;;;;;1
30/07/2020;20:57:00;295;sem vítima;350,002;BR-364/MT;Norte;Colisão Traseira;2;2;;;;;1
31/07/2020;08:23:00;87;sem vítima;398,275;BR-364/MT;Sul;Colisão Traseira;2;2;;;;;1
02/05/2020;04:40:00;26;AC03 - ACIDENTE SEM VÍTIMA;582,769;BR-163/MT;Sul;Tombamento;1;1;;;;;1
02/05/2020;05:48:00;29;AC03 - ACIDENTE SEM VÍTIMA;383,01;BR-364/MT;Norte;Colisão Traseira;2;3;;;;;1
02/05/2020;16:39:00;153;AC03 - ACIDENTE SEM VÍTIMA;349,699;BR-364/MT;Norte;Colisão Lateral;3;3;;;;;1
03/05/2020;04:28:00;36;AC03 - ACIDENTE SEM VÍTIMA;498,925;BR-070/MT;Sul;Saida de Pista;1;1;;;;;1
03/05/2020;09:18:00;70;AC01 - ACIDENTE COM VÍTIMA FATAL;349,689;BR-364/MT;Norte;Tombamento;1;0;;;;2;3
03/05/2020;17:02:00;145;AC03 - ACIDENTE SEM VÍTIMA;517,038;BR-070/MT;Sul;Colisão Lateral;2;6;;;;;1
04/05/2020;05:42:00;36;AC03 - ACIDENTE SEM VÍTIMA;577,864;BR-364/MT;Norte;Choque - Defensa, barreira ou "submarino";1;1;;;;;1
04/05/2020;06:34:00;42;AC02 - ACIDENTE COM VÍTIMA;687,681;BR-163/MT;Norte;Colisão Frontal;1;1;;1;;;2
04/05/2020;08:06:00;61;AC02 - ACIDENTE COM VÍTIMA;514,823;BR-070/MT;Norte;Colisão Lateral;1;1;;1;;;2
04/05/2020;08:40:00;71;AC03 - ACIDENTE SEM VÍTIMA;512,147;BR-070/MT;Sul;Saida de Pista;1;3;;;;;1
04/05/2020;16:44:00;204;AC03 - ACIDENTE SEM VÍTIMA;687,111;BR-163/MT;Sul;Colisão Transversal;1;2;;;;;1
04/05/2020;23:30:00;266;AC02 - ACIDENTE COM VÍTIMA;596,324;BR-163/MT;Sul;Colisão Frontal;1;1;1;;;;1
05/05/2020;09:45:00;74;AC03 - ACIDENTE SEM VÍTIMA;597,296;BR-163/MT;Sul;Colisão Lateral;2;2;;;;;1
05/05/2020;14:59:00;157;AC03 - ACIDENTE SEM VÍTIMA;533,677;BR-364/MT;Sul;Choque - Defensa, barreira ou "submarino";1;1;;;;;1
05/05/2020;15:51:00;169;AC03 - ACIDENTE SEM VÍTIMA;460,348;BR-364/MT;Sul;Colisão Traseira;2;2;;;;;1
05/05/2020;21:38:00;228;AC02 - ACIDENTE COM VÍTIMA;577,836;BR-163/MT;Sul;Tombamento;1;0;1;;;;1
06/05/2020;10:11:00;116;AC03 - ACIDENTE SEM VÍTIMA;747,447;BR-163/MT;Norte;Colisão Lateral;1;3;;;;;1
06/05/2020;10:48:00;124;AC02 - ACIDENTE COM VÍTIMA;284,821;BR-364/MT;Sul;Capotamento;1;0;;1;;;2