data;horario;n_da_ocorrencia;tipo_de_ocorrencia;km;trecho;sentido;tipo_de_acidente;caminhao;ilesos;levemente_feridos;moderadamente_feridos;gravemente_feridos;mortos;3
06/05/2020;12:51:00;159;AC02 - ACIDENTE COM VÍTIMA;521,469;BR-070/MT;Norte;Colisão Traseira;2;1;1;;;;1
06/05/2020;12:59:00;161;AC02 - ACIDENTE COM VÍTIMA;206,812;BR-364/MT;Sul;Colisão Traseira;1;1;;;1;;2
06/05/2020;13:54:00;174;AC03 - ACIDENTE SEM VÍTIMA;567,01;BR-364/MT;Norte;Tombamento;1;1;;;;;1
06/05/2020;13:57:00;176;AC03 - ACIDENTE SEM VÍTIMA;567,027;BR-364/MT;Norte;Choque - Defensa, barreira ou "submarino";1;1;;;;;1
06/05/2020;19:02:00;246;AC03 - ACIDENTE SEM VÍTIMA;619,732;BR-163/MT;Norte;Colisão Lateral;1;4;;;;;1
07/05/2020;14:51:00;163;AC02 - ACIDENTE COM VÍTIMA;821,247;BR-163/MT;Sul;Colisão Transversal;1;2;1;;;;1
07/05/2020;20:41:00;240;AC03 - ACIDENTE SEM VÍTIMA;275,369;BR-364/MT;Sul;Colisão Traseira;2;2;;;;;1
07/05/2020;22:27:00;252;AC03 - ACIDENTE SEM VÍTIMA;546,628;BR-163/MT;Norte;Colisão Lateral;2;2;;;;;1
08/05/2020;08:05:00;62;AC03 - ACIDENTE SEM VÍTIMA;516,947;BR-163/MT;Sul;Tombamento;1;1;;;;;1
08/05/2020;10:10:00;98;AC03 - ACIDENTE SEM VÍTIMA;398,263;BR-364/MT;Sul;Colisão Traseira;1;2;;;;;1
08/05/2020;13:18:00;145;AC03 - ACIDENTE SEM VÍTIMA;685,774;BR-163/MT;Sul;Tombamento;1;1;;;;;1
08/05/2020;14:27:00;159;AC03 - ACIDENTE SEM VÍTIMA;750,049;BR-163/MT;Norte;Colisão Lateral;2;3;;;;;1
08/05/2020;17:22:00;210;AC03 - ACIDENTE SEM VÍTIMA;513,505;BR-070/MT;Norte;Colisão Traseira;1;4;;;;;1
08/05/2020;17:37:00;215;AC03 - ACIDENTE SEM VÍTIMA;834,955;BR-163/MT;Sul;Engavetamento;1;4;;;;;1
08/05/2020;18:53:00;225;AC03 - ACIDENTE SEM VÍTIMA;254,78;BR-364/MT;Norte;Tombamento;1;1;;;;;1
09/05/2020;11:11:00;117;AC03 - ACIDENTE SEM VÍTIMA;561,777;BR-163/MT;Sul;Colisão Lateral;2;4;;;;;1
09/05/2020;15:14:00;163;AC03 - ACIDENTE SEM VÍTIMA;346,326;BR-364/MT;Sul;Colisão Traseira;2;5;;;;;1
10/05/2020;06:25:00;36;AC03 - ACIDENTE SEM VÍTIMA;559,404;BR-364/MT;Sul;Tombamento;1;1;;;;;1
10/05/2020;13:55:00;111;AC02 - ACIDENTE COM VÍTIMA;820,749;BR-163/MT;Sul;Colisão Frontal;1;1;;;1;;2
11/05/2020;05:06:00;35;AC03 - ACIDENTE SEM VÍTIMA;349,839;BR-364/MT;Norte;Saida de Pista;1;1;;;;;1
11/05/2020;08:07:00;58;AC03 - ACIDENTE SEM VÍTIMA;511,161;BR-070/MT;Norte;Colisão Traseira;1;2;;;;;1
11/05/2020;14:50:00;190;AC03 - ACIDENTE SEM VÍTIMA;117,1;BR-163/MT;Sul;Choque - Outros;1;2;;;;;1
11/05/2020;15:38:00;201;AC03 - ACIDENTE SEM VÍTIMA;582,585;BR-163/MT;Norte;Tombamento;1;1;;;;;1
12/05/2020;15:17:00;192;AC02 - ACIDENTE COM VÍTIMA;576,541;BR-364/MT;Norte;Choque - Defensa, barreira ou "submarino";1;0;;1;;;2
12/05/2020;18:23:00;234;AC03 - ACIDENTE SEM VÍTIMA;214,4;BR-364/MT;Sul;Colisão Traseira;1;2;;;;;1
12/05/2020;18:24:00;236;AC03 - ACIDENTE SEM VÍTIMA;201,609;BR-364/MT;Norte;Colisão Lateral;1;2;;;;;1
12/05/2020;19:14:00;244;AC03 - ACIDENTE SEM VÍTIMA;216,949;BR-364/MT;Sul;Colisão Traseira;1;3;;;;;1
12/05/2020;23:54:00;286;AC01 - ACIDENTE COM VÍTIMA FATAL;657,667;BR-163/MT;Norte;Colisão Traseira;1;1;;;;1;3
13/05/2020;09:29:00;94;AC03 - ACIDENTE SEM VÍTIMA;758,954;BR-163/MT;Norte;Choque - Poste;1;2;;;;;1
13/05/2020;11:08:00;126;AC02 - ACIDENTE COM VÍTIMA;688,715;BR-163/MT;Sul;Colisão Transversal;1;1;1;;;;1
13/05/2020;11:52:00;136;AC02 - ACIDENTE COM VÍTIMA;836,273;BR-163/MT;Norte;Colisão Lateral;1;1;1;;;;1
13/05/2020;16:33:00;200;AC03 - ACIDENTE SEM VÍTIMA;479,149;BR-364/MT;Sul;Colisão Traseira;1;6;;;;;1
13/05/2020;21:53:00;254;AC02 - ACIDENTE COM VÍTIMA;526,597;BR-163/MT;Norte;Tombamento;2;1;1;;;;1
13/05/2020;22:43:00;261;AC03 - ACIDENTE SEM VÍTIMA;260,166;BR-364/MT;Sul;Colisão Frontal;1;2;;;;;1
13/05/2020;23:06:00;264;AC03 - ACIDENTE SEM VÍTIMA;349,452;BR-364/MT;Sul;Colisão Traseira;1;2;;;;;1
14/05/2020;04:29:00;38;AC02 - ACIDENTE COM VÍTIMA;495,662;BR-364/MT;Norte;Colisão Lateral;2;1;1;;;;1
15/05/2020;06:38:00;45;AC03 - ACIDENTE SEM VÍTIMA;275,968;BR-364/MT;Sul;Tombamento;1;2;;;;;1
15/05/2020;08:00:00;73;AC03 - ACIDENTE SEM VÍTIMA;111,021;BR-163/MT;Norte;Colisão Lateral;1;6;;;;;1
15/05/2020;17:30:00;231;AC03 - ACIDENTE SEM VÍTIMA;712,309;BR-163/MT;Norte;Colisão Transversal;1;3;;;;;1
15/05/2020;19:52:00;256;AC03 - ACIDENTE SEM VÍTIMA;458,617;BR-364/MT;Norte;Choque - Defensa, barreira ou "submarino";1;1;;;;;1
15/05/2020;19:57:00;257;AC03 - ACIDENTE SEM VÍTIMA;458,583;BR-364/MT;Sul;Colisão Traseira;2;2;;;;;1
16/05/2020;00:48:00;4;AC03 - ACIDENTE SEM VÍTIMA;80,913;BR-163/MT;Norte;Atropelamento de Animal;1;1;;;;;1
16/05/2020;00:52:00;6;AC03 - ACIDENTE SEM VÍTIMA;513,498;BR-070/MT;Norte;Colisão Traseira;2;2;;;;;1
16/05/2020;10:53:00;140;AC02 - ACIDENTE COM VÍTIMA;840,179;BR-163/MT;Sul;Colisão Lateral;1;2;2;1;;;2
16/05/2020;12:06:00;158;AC03 - ACIDENTE SEM VÍTIMA;349,566;BR-364/MT;Norte;Tombamento;1;1;;;;;1
17/05/2020;05:45:00;38;AC03 - ACIDENTE SEM VÍTIMA;493,111;BR-364/MT;Norte;Atropelamento de Animal;1;2;;;;;1
17/05/2020;08:13:00;72;AC03 - ACIDENTE SEM VÍTIMA;559,013;BR-163/MT;Sul;Tombamento;1;1;;;;;1
17/05/2020;21:28:00;229;AC02 - ACIDENTE COM VÍTIMA;220,397;BR-364/MT;Sul;Colisão Lateral;2;2;;1;;;2
18/05/2020;10:21:00;118;AC02 - ACIDENTE COM VÍTIMA;448,942;BR-364/MT;Sul;Tombamento;1;5;1;;;;1
18/05/2020;14:12:00;174;AC02 - ACIDENTE COM VÍTIMA;270,235;BR-364/MT;Sul;Tombamento;1;0;1;;;;1
18/05/2020;14:41:00;182;AC03 - ACIDENTE SEM VÍTIMA;510,139;BR-163/MT;Norte;Saida de Pista;1;1;;;;;1
18/05/2020;15:22:00;193;AC02 - ACIDENTE COM VÍTIMA;608,738;BR-163/MT;Norte;Capotamento;1;0;1;;;;1
18/05/2020;16:57:00;216;AC02 - ACIDENTE COM VÍTIMA;236,073;BR-364/MT;Sul;Colisão Traseira;1;2;2;;;;1
18/05/2020;17:39:00;225;AC02 - ACIDENTE COM VÍTIMA;523,579;BR-070/MT;Norte;Atropelamento - Ciclista;1;1;1;;;;1
18/05/2020;18:44:00;244;AC01 - ACIDENTE COM VÍTIMA FATAL;276,446;BR-364/MT;Sul;Colisão Traseira;4;7;1;;;1;3
19/05/2020;13:53:00;188;AC03 - ACIDENTE SEM VÍTIMA;531,6;BR-163/MT;Norte;Colisão Traseira;2;4;;;;;1
19/05/2020;14:46:00;205;AC03 - ACIDENTE SEM VÍTIMA;646,015;BR-163/MT;Sul;Colisão Traseira;2;2;;;;;1
19/05/2020;18:46:00;271;AC03 - ACIDENTE SEM VÍTIMA;331,876;BR-364/MT;Sul;Tombamento;1;1;;;;;1
20/05/2020;05:56:00;48;AC03 - ACIDENTE SEM VÍTIMA;300,689;BR-364/MT;Norte;Colisão Traseira;2;2;;;;;1
20/05/2020;06:04:00;49;AC03 - ACIDENTE SEM VÍTIMA;795,265;BR-163/MT;Sul;Saida de Pista;1;1;;;;;1
20/05/2020;15:57:00;243;AC03 - ACIDENTE SEM VÍTIMA;533,382;BR-163/MT;Sul;Colisão Traseira;2;2;;;;;1
20/05/2020;19:07:00;283;AC03 - ACIDENTE SEM VÍTIMA;552,972;BR-163/MT;Sul;Saida de Pista;1;1;;;;;1
21/05/2020;09:32:00;102;AC02 - ACIDENTE COM VÍTIMA;202,694;BR-364/MT;Sul;Engavetamento;1;2;3;;;;1
21/05/2020;09:54:00;107;AC03 - ACIDENTE SEM VÍTIMA;265,793;BR-364/MT;Sul;Colisão Traseira;2;2;;;;;1
21/05/2020;09:58:00;108;AC03 - ACIDENTE SEM VÍTIMA;511,585;BR-070/MT;Norte;Colisão Traseira;2;2;;;;;1
21/05/2020;13:02:00;153;AC02 - ACIDENTE COM VÍTIMA;536,109;BR-364/MT;Sul;Tombamento;1;1;3;;;;1
21/05/2020;14:19:00;183;AC03 - ACIDENTE SEM VÍTIMA;844,046;BR-163/MT;Norte;Colisão Lateral;1;4;;;;;1
21/05/2020;17:11:00;230;AC03 - ACIDENTE SEM VÍTIMA;104,377;BR-163/MT;Sul;Colisão Lateral;2;2;;;;;1
22/05/2020;08:14:00;74;AC03 - ACIDENTE SEM VÍTIMA;496,6;BR-070/MT;Sul;Colisão Traseira;1;2;;;;;1
22/05/2020;10:51:00;125;AC03 - ACIDENTE SEM VÍTIMA;803,903;BR-163/MT;Norte;Colisão Lateral;1;2;;;;;1
22/05/2020;11:34:00;136;AC02 - ACIDENTE COM VÍTIMA;435,409;BR-364/MT;Sul;Colisão Traseira;1;1;1;;;;1
22/05/2020;11:35:00;137;AC03 - ACIDENTE SEM VÍTIMA;350,36;BR-364/MT;Norte;Choque - Defensa, barreira ou "submarino";1;1;;;;;1
22/05/2020;15:41:00;199;AC03 - ACIDENTE SEM VÍTIMA;817,532;BR-163/MT;Norte;Engavetamento;2;3;;;;;1
22/05/2020;17:14:00;225;AC03 - ACIDENTE SEM VÍTIMA;819,015;BR-163/MT;Sul;Saida de Pista;1;1;;;;;1
22/05/2020;17:27:00;229;AC03 - ACIDENTE SEM VÍTIMA;812,119;BR-163/MT;Norte;Engavetamento;1;3;;;;;1
22/05/2020;19:10:00;251;AC03 - ACIDENTE SEM VÍTIMA;751,801;BR-163/MT;Sul;Colisão Traseira;1;2;;;;;1
22/05/2020;19:28:00;253;AC03 - ACIDENTE SEM VÍTIMA;817,033;BR-163/MT;Norte;Colisão Traseira;1;3;;;;;1
23/05/2020;00:06:00;1;AC03 - ACIDENTE SEM VÍTIMA;440,503;BR-364/MT;Norte;Saida de Pista;1;1;;;;;1
23/05/2020;02:07:00;17;AC03 - ACIDENTE SEM VÍTIMA;515,243;BR-070/MT;Sul;Tombamento;1;1;;;;;1
23/05/2020;04:36:00;33;AC02 - ACIDENTE COM VÍTIMA;119,618;BR-163/MT;Sul;Tombamento;1;1;2;;;;1
23/05/2020;11:50:00;128;AC01 - ACIDENTE COM VÍTIMA FATAL;786,646;BR-163/MT;Norte;Colisão Transversal;1;1;;;;1;3
23/05/2020;18:01:00;195;AC03 - ACIDENTE SEM VÍTIMA;203,931;BR-364/MT;Norte;Colisão Lateral;1;2;;;;;1
24/05/2020;00:02:00;1;AC02 - ACIDENTE COM VÍTIMA;832,015;BR-163/MT;Norte;Choque - Veiculo parado no acostamento;1;1;1;;;;1
24/05/2020;00:22:00;3;AC03 - ACIDENTE SEM VÍTIMA;512,974;BR-163/MT;Sul;Tombamento;1;1;;;;;1
24/05/2020;00:32:00;4;AC03 - ACIDENTE SEM VÍTIMA;333,843;BR-364/MT;Sul;Colisão Traseira;2;2;;;;;1
24/05/2020;11:11:00;110;AC03 - ACIDENTE SEM VÍTIMA;332,621;BR-364/MT;Norte;Saida de Pista;1;2;;;;;1
24/05/2020;18:50:00;201;AC03 - ACIDENTE SEM VÍTIMA;345,819;BR-364/MT;Norte;Tombamento;1;1;;;;;1
24/05/2020;19:49:00;210;AC03 - ACIDENTE SEM VÍTIMA;374,903;BR-364/MT;Sul;Tombamento;1;1;;;;;1
24/05/2020;22:42:00;222;AC02 - ACIDENTE COM VÍTIMA;831,86;BR-163/MT;Norte;Choque - Veiculo parado no acostamento;1;1;1;;;;1
25/05/2020;02:20:00;15;AC03 - ACIDENTE SEM VÍTIMA;20,468;BR-163/MT;Norte;Tombamento;1;1;;;;;1
25/05/2020;16:51:00;217;AC03 - ACIDENTE SEM VÍTIMA;523,22;BR-070/MT;Sul;Engavetamento;1;4;;;;;1
25/05/2020;17:05:00;221;AC03 - ACIDENTE SEM VÍTIMA;350,189;BR-364/MT;Norte;Saida de Pista;1;2;;;;;1
26/05/2020;08:32:00;78;AC03 - ACIDENTE SEM VÍTIMA;117,837;BR-163/MT;Norte;Colisão Traseira;2;2;;;;;1
26/05/2020;12:07:00;141;AC03 - ACIDENTE SEM VÍTIMA;522;BR-070/MT;Sul;Colisão Traseira;1;3;;;;;1
26/05/2020;15:43:00;196;AC03 - ACIDENTE SEM VÍTIMA;621,131;BR-163/MT;Sul;Colisão Traseira;2;2;;;;;1
26/05/2020;16:07:00;201;AC03 - ACIDENTE SEM VÍTIMA;345,56;BR-364/MT;Sul;Tombamento;1;1;;;;;1
27/05/2020;07:50:00;70;AC02 - ACIDENTE COM VÍTIMA;511,994;BR-070/MT;Sul;Engavetamento;3;6;1;;;;1
27/05/2020;08:51:00;88;AC03 - ACIDENTE SEM VÍTIMA;621,475;BR-163/MT;Sul;Colisão Traseira;2;2;;;;;1
27/05/2020;11:36:00;135;AC03 - ACIDENTE SEM VÍTIMA;503;BR-070/MT;Norte;Colisão Traseira;1;2;;;;;1
27/05/2020;14:44:00;191;AC03 - ACIDENTE SEM VÍTIMA;600;BR-163/MT;Sul;Colisão Traseira;1;2;;;;;1
27/05/2020;21:26:00;288;AC01 - ACIDENTE COM VÍTIMA FATAL;605,205;BR-163/MT;Norte;Colisão Frontal;1;1;;;;1;3
28/05/2020;06:45:00;38;AC03 - ACIDENTE SEM VÍTIMA;348,759;BR-364/MT;Norte;Tombamento;1;1;;;;;1
28/05/2020;12:12:00;167;AC03 - ACIDENTE SEM VÍTIMA;398,347;BR-364/MT;Sul;Tombamento;1;1;;;;;1
28/05/2020;16:50:00;250;AC03 - ACIDENTE SEM VÍTIMA;208,242;BR-364/MT;Sul;Colisão Lateral;1;2;;;;;1
29/05/2020;07:17:00;50;AC03 - ACIDENTE SEM VÍTIMA;266,345;BR-364/MT;Norte;Colisão Traseira;2;3;;;;;1
29/05/2020;11:21:00;159;AC03 - ACIDENTE SEM VÍTIMA;352,512;BR-364/MT;Norte;Colisão Lateral;1;3;;;;;1
29/05/2020;13:43:00;206;AC02 - ACIDENTE COM VÍTIMA;522,575;BR-070/MT;Sul;Colisão Traseira;2;1;1;;;;1
29/05/2020;14:50:00;225;AC02 - ACIDENTE COM VÍTIMA;270,811;BR-364/MT;Sul;Colisão Lateral;1;1;1;;;;1
29/05/2020;15:58:00;246;AC02 - ACIDENTE COM VÍTIMA;571,438;BR-364/MT;Sul;Colisão Traseira;3;2;1;;1;;2
30/05/2020;04:06:00;23;AC01 - ACIDENTE COM VÍTIMA FATAL;816,98;BR-163/MT;Norte;Colisão Frontal;1;1;;;;1;3
30/05/2020;12:40:00;131;AC03 - ACIDENTE SEM VÍTIMA;751,157;BR-163/MT;Sul;Colisão Traseira;2;2;;;;;1
30/05/2020;13:30:00;145;AC03 - ACIDENTE SEM VÍTIMA;435,055;BR-364/MT;Norte;Colisão Lateral;1;5;;;;;1
30/05/2020;19:41:00;241;AC03 - ACIDENTE SEM VÍTIMA;361,396;BR-364/MT;Norte;Colisão Lateral;2;2;;;;;1
31/05/2020;10:03:00;104;AC02 - ACIDENTE COM VÍTIMA;48;BR-163/MT;Sul;Colisão Frontal;1;1;1;;;;1
31/05/2020;11:00:00;120;AC03 - ACIDENTE SEM VÍTIMA;512;BR-070/MT;Norte;Colisão Traseira;2;2;;;;;1
01/08/2020;06:01:00;50;AC03 - ACIDENTE SEM VÍTIMA;97,809;BR-163/MT;Sul;Tombamento;1;2;;;;;1
01/08/2020;10:02:00;123;AC03 - ACIDENTE SEM VÍTIMA;202,548;BR-364/MT;Norte;Colisão Traseira;1;2;;;;;1
01/08/2020;15:26:00;215;AC03 - ACIDENTE SEM VÍTIMA;537,766;BR-364/MT;Sul;Colisão Lateral;2;2;;;;;1
02/08/2020;15:29:00;176;AC03 - ACIDENTE SEM VÍTIMA;567,089;BR-364/MT;Sul;Tombamento;1;1;;;;;1
02/08/2020;16:00:00;185;AC02 - ACIDENTE COM VÍTIMA;522,541;BR-070/MT;Norte;Colisão Transversal;1;1;2;;;;1
02/08/2020;17:19:00;208;AC01 - ACIDENTE COM VÍTIMA FATAL;20,474;BR-163/MT;Sul;Choque - Veiculo parado na pista;1;1;;;;1;3
02/08/2020;18:38:00;228;AC02 - ACIDENTE COM VÍTIMA;522,711;BR-070/MT;Sul;Colisão Lateral;1;1;1;;;;1
02/08/2020;21:07:00;255;AC03 - ACIDENTE SEM VÍTIMA;517,573;BR-070/MT;Sul;Colisão Transversal;2;2;;;;;1
04/08/2020;06:39:00;35;AC03 - ACIDENTE SEM VÍTIMA;788,356;BR-163/MT;Sul;Atropelamento de Animal;1;1;;;;;1
04/08/2020;20:14:00;278;AC01 - ACIDENTE COM VÍTIMA FATAL;816,588;BR-163/MT;Norte;Colisão Transversal;1;1;;;1;1;3
05/08/2020;08:08:00;66;AC03 - ACIDENTE SEM VÍTIMA;525,953;BR-364/MT;Sul;Engavetamento;3;4;;;;;1
06/08/2020;06:44:00;43;AC02 - ACIDENTE COM VÍTIMA;730,88;BR-163/MT;Sul;Engavetamento;2;3;2;;;;1
06/08/2020;07:10:00;64;AC03 - ACIDENTE SEM VÍTIMA;262,214;BR-364/MT;Sul;Colisão Transversal;1;2;;;;;1
06/08/2020;15:20:00;186;AC03 - ACIDENTE SEM VÍTIMA;630,2;BR-163/MT;Sul;Tombamento;1;2;;;;;1
06/08/2020;17:17:00;235;AC03 - ACIDENTE SEM VÍTIMA;511,948;BR-163/MT;Sul;Colisão Traseira;1;2;;;;;1
06/08/2020;18:39:00;256;AC03 - ACIDENTE SEM VÍTIMA;514,024;BR-070/MT;Norte;Colisão Transversal;1;2;;;;;1
07/08/2020;12:24:00;144;AC03 - ACIDENTE SEM VÍTIMA;398,325;BR-364/MT;Sul;Colisão Lateral;1;10;;;;;1
07/08/2020;16:03:00;199;AC03 - ACIDENTE SEM VÍTIMA;744,736;BR-163/MT;Norte;Colisão Traseira;1;3;;;;;1
07/08/2020;16:56:00;212;AC02 - ACIDENTE COM VÍTIMA;523,962;BR-070/MT;Sul;Colisão Transversal;1;1;2;;;;1
07/08/2020;18:09:00;238;AC03 - ACIDENTE SEM VÍTIMA;838,197;BR-163/MT;Sul;Colisão Lateral;1;2;;;;;1
08/08/2020;00:48:00;7;AC03 - ACIDENTE SEM VÍTIMA;436,262;BR-364/MT;Sul;Atropelamento de Animal;1;2;;;;;1
08/08/2020;13:16:00;187;AC03 - ACIDENTE SEM VÍTIMA;588,17;BR-364/MT;Norte;Colisão Lateral;1;2;;;;;1
08/08/2020;14:27:00;210;AC03 - ACIDENTE SEM VÍTIMA;349,703;BR-364/MT;Norte;Colisão Traseira;2;2;;;;;1
08/08/2020;16:12:00;251;AC02 - ACIDENTE COM VÍTIMA;854,1;BR-163/MT;Norte;Colisão Transversal;1;1;1;;1;;2
08/08/2020;16:53:00;268;AC03 - ACIDENTE SEM VÍTIMA;568,771;BR-163/MT;Norte;Colisão Lateral;1;2;;;;;1
08/08/2020;17:36:00;281;AC02 - ACIDENTE COM VÍTIMA;559,1;BR-163/MT;Sul;Tombamento;1;0;;1;;;2
09/08/2020;15:36:00;145;AC02 - ACIDENTE COM VÍTIMA;829,267;BR-163/MT;Sul;Colisão Traseira;1;3;;1;;;2
09/08/2020;16:00:00;149;AC02 - ACIDENTE COM VÍTIMA;829,267;BR-163/MT;Sul;Colisão Lateral;1;3;1;;;;1
09/08/2020;20:22:00;203;AC03 - ACIDENTE SEM VÍTIMA;270,345;BR-364/MT;Sul;Tombamento;1;1;;;;;1
10/08/2020;07:28:00;71;AC03 - ACIDENTE SEM VÍTIMA;621,252;BR-163/MT;Sul;Colisão Traseira;2;2;;;;;1
10/08/2020;13:00:00;193;AC03 - ACIDENTE SEM VÍTIMA;831,565;BR-163/MT;Sul;Colisão Lateral;2;2;;;;;1
10/08/2020;18:24:00;285;AC02 - ACIDENTE COM VÍTIMA;204,825;BR-364/MT;Norte;Colisão Traseira;1;2;1;;;;1
11/08/2020;06:17:00;46;AC03 - ACIDENTE SEM VÍTIMA;648;BR-163/MT;Sul;Saida de Pista;1;1;;;;;1
11/08/2020;08:19:00;85;AC03 - ACIDENTE SEM VÍTIMA;579,229;BR-364/MT;Sul;Colisão Traseira;2;2;;;;;1
11/08/2020;10:22:00;130;AC02 - ACIDENTE COM VÍTIMA;827,171;BR-163/MT;Norte;Colisão Transversal;1;1;1;;;;1
11/08/2020;16:21:00;241;AC02 - ACIDENTE COM VÍTIMA;348,674;BR-364/MT;Norte;Tombamento;1;0;1;;;;1
12/08/2020;13:42:00;196;AC03 - ACIDENTE SEM VÍTIMA;548,948;BR-163/MT;Norte;Engavetamento;3;3;;;;;1
13/08/2020;16:45:00;258;AC01 - ACIDENTE COM VÍTIMA FATAL;544,944;BR-163/MT;Norte;Colisão Lateral;5;5;;2;;1;3
13/08/2020;17:35:00;271;AC03 - ACIDENTE SEM VÍTIMA;397,032;BR-364/MT;Norte;Colisão Traseira;2;2;;;;;1
13/08/2020;22:40:00;325;AC03 - ACIDENTE SEM VÍTIMA;347,744;BR-364/MT;Norte;Colisão Traseira;2;2;;;;;1
14/08/2020;09:49:00;141;AC03 - ACIDENTE SEM VÍTIMA;574,196;BR-364/MT;Sul;Colisão Traseira;1;2;;;;;1
14/08/2020;11:37:00;175;AC03 - ACIDENTE SEM VÍTIMA;365,21;BR-364/MT;Sul;Saida de Pista;1;1;;;;;1
14/08/2020;12:51:00;198;AC03 - ACIDENTE SEM VÍTIMA;518,388;BR-070/MT;Sul;Engavetamento;2;3;;;;;1
14/08/2020;14:02:00;216;AC03 - ACIDENTE SEM VÍTIMA;579,063;BR-364/MT;Sul;Colisão Traseira;1;2;;;;;1
14/08/2020;16:22:00;257;AC02 - ACIDENTE COM VÍTIMA;519,529;BR-070/MT;Norte;Colisão Transversal;1;1;1;;;;1
14/08/2020;16:54:00;265;AC02 - ACIDENTE COM VÍTIMA;843,744;BR-163/MT;Norte;Colisão Traseira;1;1;1;;;;1
14/08/2020;19:41:00;329;AC03 - ACIDENTE SEM VÍTIMA;438,141;BR-364/MT;Sul;Colisão Transversal;1;2;;;;;1
14/08/2020;21:07:00;348;AC03 - ACIDENTE SEM VÍTIMA;508,578;BR-070/MT;Sul;Colisão Traseira;2;2;;;;;1
15/08/2020;02:24:00;25;AC03 - ACIDENTE SEM VÍTIMA;455,858;BR-364/MT;Norte;Tombamento;1;1;;;;;1
15/08/2020;06:12:00;40;AC02 - ACIDENTE COM VÍTIMA;615,711;BR-163/MT;Sul;Colisão Lateral;1;1;;1;;;2
15/08/2020;09:54:00;119;AC02 - ACIDENTE COM VÍTIMA;534;BR-364/MT;Norte;Colisão Lateral;2;1;1;;;;1
15/08/2020;12:01:00;149;AC03 - ACIDENTE SEM VÍTIMA;632,926;BR-163/MT;Sul;Colisão Lateral;1;2;;;;;1
15/08/2020;13:15:00;175;AC03 - ACIDENTE SEM VÍTIMA;854,127;BR-163/MT;Norte;Colisão Transversal;1;6;;;;;1
16/08/2020;18:18:00;236;AC01 - ACIDENTE COM VÍTIMA FATAL;683,661;BR-163/MT;Sul;Colisão Frontal;1;1;;;;1;3
16/08/2020;18:40:00;243;AC03 - ACIDENTE SEM VÍTIMA;500,745;BR-070/MT;Sul;Colisão Lateral;1;3;;;;;1
17/08/2020;05:49:00;38;AC03 - ACIDENTE SEM VÍTIMA;521,419;BR-070/MT;Norte;Colisão Traseira;1;2;;;;;1
17/08/2020;07:17:00;78;AC03 - ACIDENTE SEM VÍTIMA;843,635;BR-163/MT;Sul;Colisão Traseira;1;3;;;;;1
17/08/2020;08:12:00;94;AC02 - ACIDENTE COM VÍTIMA;276,17;BR-364/MT;Sul;Tombamento;1;0;1;;;;1
17/08/2020;10:46:00;158;AC03 - ACIDENTE SEM VÍTIMA;832,871;BR-163/MT;Sul;Colisão Traseira;1;3;;;;;1
17/08/2020;15:10:00;237;AC03 - ACIDENTE SEM VÍTIMA;564,479;BR-163/MT;Sul;Colisão Traseira;2;2;;;;;1
17/08/2020;19:17:00;309;AC03 - ACIDENTE SEM VÍTIMA;713,391;BR-163/MT;Sul;Saida de Pista;1;1;;;;;1
18/08/2020;06:56:00;69;AC03 - ACIDENTE SEM VÍTIMA;832,6;BR-163/MT;Sul;Colisão Lateral;1;2;;;;;1
18/08/2020;11:33:00;192;AC02 - ACIDENTE COM VÍTIMA;836,5;BR-163/MT;Norte;Colisão Transversal;1;1;;1;;;2
18/08/2020;11:34:00;193;AC03 - ACIDENTE SEM VÍTIMA;561,07;BR-163/MT;Sul;Colisão Lateral;2;2;;;;;1
18/08/2020;13:12:00;213;AC03 - ACIDENTE SEM VÍTIMA;530,7;BR-163/MT;Norte;Choque - Veiculo parado no acostamento;2;2;;;;;1
18/08/2020;15:47:00;276;AC03 - ACIDENTE SEM VÍTIMA;516;BR-070/MT;Sul;Choque - Veiculo parado no acostamento;2;2;;;;;1
18/08/2020;16:49:00;295;AC03 - ACIDENTE SEM VÍTIMA;203,73;BR-364/MT;Sul;Colisão Traseira;2;2;;;;;1
18/08/2020;18:48:00;334;AC03 - ACIDENTE SEM VÍTIMA;516,383;BR-070/MT;Sul;Colisão Traseira;1;3;;;;;1
19/08/2020;07:53:00;81;AC02 - ACIDENTE COM VÍTIMA;350,207;BR-364/MT;Norte;Tombamento;1;0;1;;;;1
19/08/2020;08:35:00;100;AC03 - ACIDENTE SEM VÍTIMA;614,912;BR-163/MT;Norte;Colisão Traseira;2;3;;;;;1
19/08/2020;09:42:00;127;AC03 - ACIDENTE SEM VÍTIMA;695,5;BR-163/MT;Sul;Tombamento;1;1;;;;;1
19/08/2020;11:42:00;168;AC03 - ACIDENTE SEM VÍTIMA;603,518;BR-163/MT;Norte;Colisão Traseira;2;2;;;;;1
19/08/2020;11:43:00;170;AC03 - ACIDENTE SEM VÍTIMA;692;BR-163/MT;Sul;Colisão Transversal;1;2;;;;;1
19/08/2020;13:26:00;199;AC03 - ACIDENTE SEM VÍTIMA;831,852;BR-163/MT;Norte;Choque - Veiculo parado no acostamento;1;3;;;;;1
19/08/2020;13:27:00;200;AC03 - ACIDENTE SEM VÍTIMA;202,455;BR-364/MT;Sul;Colisão Lateral;1;2;;;;;1
19/08/2020;14:43:00;226;AC03 - ACIDENTE SEM VÍTIMA;509,103;BR-070/MT;Norte;Colisão Traseira;1;3;;;;;1
19/08/2020;14:57:00;234;AC02 - ACIDENTE COM VÍTIMA;377,312;BR-364/MT;Norte;Tombamento;1;0;;1;;;2
19/08/2020;16:16:00;257;AC03 - ACIDENTE SEM VÍTIMA;566,5;BR-163/MT;Norte;Saida de Pista;1;1;;;;;1
20/08/2020;01:47:00;28;AC03 - ACIDENTE SEM VÍTIMA;105,834;BR-163/MT;Sul;Choque - Defensa, barreira ou "submarino";1;1;;;;;1
20/08/2020;09:45:00;110;AC03 - ACIDENTE SEM VÍTIMA;514,001;BR-070/MT;Norte;Colisão Lateral;1;2;;;;;1
20/08/2020;10:38:00;127;AC03 - ACIDENTE SEM VÍTIMA;627,5;BR-163/MT;Norte;Colisão Traseira;2;3;;;;;1
20/08/2020;11:43:00;146;AC03 - ACIDENTE SEM VÍTIMA;787,95;BR-163/MT;Norte;Colisão Traseira;2;3;;;;;1
20/08/2020;16:35:00;228;AC03 - ACIDENTE SEM VÍTIMA;345,885;BR-364/MT;Norte;Tombamento;1;1;;;;;1
20/08/2020;17:35:00;252;AC03 - ACIDENTE SEM VÍTIMA;512,5;BR-163/MT;Norte;Engavetamento;1;9;;;;;1
20/08/2020;19:07:00;278;AC03 - ACIDENTE SEM VÍTIMA;478,1;BR-364/MT;Norte;Colisão Lateral;1;1;;;;;1
21/08/2020;04:31:00;42;AC03 - ACIDENTE SEM VÍTIMA;442,12;BR-364/MT;Norte;Tombamento;1;1;;;;;1
21/08/2020;05:00:00;43;AC03 - ACIDENTE SEM VÍTIMA;209,716;BR-364/MT;Sul;Choque - Defensa, barreira ou "submarino";1;1;;;;;1