data;horario;n_da_ocorrencia;tipo_de_ocorrencia;km;trecho;sentido;tipo_de_acidente;caminhao;ilesos;levemente_feridos;moderadamente_feridos;gravemente_feridos;mortos;3
21/08/2020;06:11:00;49;AC03 - ACIDENTE SEM VÍTIMA;519,925;BR-070/MT;Sul;Colisão Transversal;1;2;;;;;1
21/08/2020;09:22:00;121;AC03 - ACIDENTE SEM VÍTIMA;395,641;BR-364/MT;Sul;Saida de Pista;1;2;;;;;1
21/08/2020;16:46:00;251;AC03 - ACIDENTE SEM VÍTIMA;490,017;BR-364/MT;Norte;Colisão Traseira;1;2;;;;;1
22/08/2020;14:55:00;226;AC03 - ACIDENTE SEM VÍTIMA;766,7;BR-163/MT;Sul;Colisão Lateral;2;2;;;;;1
22/08/2020;16:52:00;256;AC03 - ACIDENTE SEM VÍTIMA;807;BR-163/MT;Norte;Colisão Lateral;1;4;;;;;1
23/08/2020;10:33:00;108;AC03 - ACIDENTE SEM VÍTIMA;827,554;BR-163/MT;Sul;Colisão Traseira;1;2;;;;;1
23/08/2020;11:10:00;119;AC02 - ACIDENTE COM VÍTIMA;531,791;BR-364/MT;Sul;Tombamento;1;0;1;;;;1
23/08/2020;15:01:00;177;AC03 - ACIDENTE SEM VÍTIMA;521,221;BR-070/MT;Norte;Colisão Traseira;1;4;;;;;1
23/08/2020;16:18:00;197;AC02 - ACIDENTE COM VÍTIMA;209,501;BR-364/MT;Sul;Tombamento;1;0;1;;;;1
24/08/2020;11:21:00;139;AC03 - ACIDENTE SEM VÍTIMA;383,086;BR-364/MT;Norte;Choque - Veiculo parado na pista;2;2;;;;;1
24/08/2020;13:13:00;166;AC02 - ACIDENTE COM VÍTIMA;601,438;BR-163/MT;Norte;Colisão Transversal;1;4;1;;;;1
24/08/2020;15:52:00;218;AC02 - ACIDENTE COM VÍTIMA;596,187;BR-163/MT;Norte;Colisão Lateral;2;2;1;;;;1
24/08/2020;16:13:00;226;AC01 - ACIDENTE COM VÍTIMA FATAL;770,909;BR-163/MT;Sul;Colisão Frontal;1;2;;;;1;3
25/08/2020;04:24:00;35;AC03 - ACIDENTE SEM VÍTIMA;787,096;BR-163/MT;Norte;Saida de Pista;1;1;;;;;1
25/08/2020;05:30:00;40;AC03 - ACIDENTE SEM VÍTIMA;518,849;BR-163/MT;Norte;Saida de Pista;1;2;;;;;1
25/08/2020;12:26:00;157;AC03 - ACIDENTE SEM VÍTIMA;633,694;BR-163/MT;Norte;Colisão Traseira;2;2;;;;;1
25/08/2020;15:47:00;215;AC03 - ACIDENTE SEM VÍTIMA;316,55;BR-364/MT;Norte;Colisão Traseira;1;3;;;;;1
25/08/2020;16:47:00;246;AC03 - ACIDENTE SEM VÍTIMA;435,199;BR-364/MT;Norte;Tombamento;1;1;;;;;1
25/08/2020;17:37:00;267;AC02 - ACIDENTE COM VÍTIMA;400,94;BR-364/MT;Sul;Atropelamento - Andarilho;1;1;;;1;;2
26/08/2020;04:38:00;34;AC03 - ACIDENTE SEM VÍTIMA;546,842;BR-163/MT;Sul;Tombamento;1;1;;;;;1
26/08/2020;07:34:00;73;AC03 - ACIDENTE SEM VÍTIMA;502,145;BR-070/MT;Sul;Colisão Frontal;1;2;;;;;1
26/08/2020;08:01:00;88;AC03 - ACIDENTE SEM VÍTIMA;327,353;BR-364/MT;Sul;Tombamento;1;1;;;;;1
26/08/2020;09:02:00;105;AC03 - ACIDENTE SEM VÍTIMA;692,254;BR-163/MT;Sul;Colisão Lateral;1;2;;;;;1
26/08/2020;14:41:00;206;AC02 - ACIDENTE COM VÍTIMA;119,694;BR-163/MT;Norte;Colisão Lateral;1;1;;1;;;2
27/08/2020;09:58:00;128;AC03 - ACIDENTE SEM VÍTIMA;530,004;BR-364/MT;Sul;Colisão Lateral;2;2;;;;;1
27/08/2020;11:37:00;163;AC03 - ACIDENTE SEM VÍTIMA;620,4;BR-163/MT;Norte;Colisão Traseira;2;2;;;;;1
27/08/2020;11:50:00;170;AC03 - ACIDENTE SEM VÍTIMA;620,1;BR-163/MT;Sul;Colisão Lateral;2;3;;;;;1
27/08/2020;12:12:00;174;AC03 - ACIDENTE SEM VÍTIMA;206,199;BR-364/MT;Norte;Colisão Lateral;2;2;;;;;1
27/08/2020;12:37:00;182;AC03 - ACIDENTE SEM VÍTIMA;398,037;BR-364/MT;Sul;Colisão Lateral;2;2;;;;;1
27/08/2020;16:40:00;258;AC02 - ACIDENTE COM VÍTIMA;823,794;BR-163/MT;Sul;Colisão Traseira;1;2;3;;;;1
28/08/2020;16:29:00;257;AC03 - ACIDENTE SEM VÍTIMA;816,581;BR-163/MT;Sul;Colisão Transversal;1;4;;;;;1
28/08/2020;17:09:00;265;AC02 - ACIDENTE COM VÍTIMA;503,671;BR-364/MT;Norte;Tombamento;1;0;1;;;;1
28/08/2020;17:33:00;275;AC02 - ACIDENTE COM VÍTIMA;523,5;BR-070/MT;Norte;Atropelamento - Ciclista;1;1;1;;;;1
29/08/2020;05:01:00;60;AC03 - ACIDENTE SEM VÍTIMA;831,297;BR-163/MT;Sul;Colisão Lateral;1;2;;;;;1
29/08/2020;06:55:00;83;AC03 - ACIDENTE SEM VÍTIMA;250,254;BR-364/MT;Norte;Colisão Traseira;1;2;;;;;1
29/08/2020;11:11:00;163;AC03 - ACIDENTE SEM VÍTIMA;434,6;BR-364/MT;Norte;Colisão Lateral;1;5;;;;;1
29/08/2020;12:59:00;194;AC03 - ACIDENTE SEM VÍTIMA;786,5;BR-163/MT;Norte;Colisão Traseira;1;2;;;;;1
30/08/2020;08:11:00;83;AC03 - ACIDENTE SEM VÍTIMA;734,781;BR-163/MT;Sul;Colisão Lateral;1;4;;;;;1
30/08/2020;10:01:00;124;AC02 - ACIDENTE COM VÍTIMA;729,216;BR-163/MT;Sul;Colisão Lateral;1;1;1;;;;1
30/08/2020;15:51:00;214;AC03 - ACIDENTE SEM VÍTIMA;349,767;BR-364/MT;Norte;Tombamento;1;1;;;;;1
30/08/2020;17:44:00;253;AC02 - ACIDENTE COM VÍTIMA;736,318;BR-163/MT;Norte;Colisão Transversal;1;2;1;;;;1
30/08/2020;18:23:00;267;AC02 - ACIDENTE COM VÍTIMA;523,007;BR-070/MT;Norte;Colisão Traseira;2;1;1;;;;1
30/08/2020;22:05:00;310;AC03 - ACIDENTE SEM VÍTIMA;327,287;BR-364/MT;Sul;Colisão Traseira;1;6;;;;;1
31/08/2020;08:31:00;85;AC03 - ACIDENTE SEM VÍTIMA;119,686;BR-163/MT;Sul;Colisão Lateral;1;2;;;;;1
31/08/2020;10:25:00;121;AC03 - ACIDENTE SEM VÍTIMA;202,964;BR-364/MT;Norte;Colisão Lateral;1;2;;;;;1
31/08/2020;10:42:00;132;AC03 - ACIDENTE SEM VÍTIMA;297,064;BR-364/MT;Norte;Engavetamento;2;4;;;;;1
31/08/2020;11:09:00;142;AC03 - ACIDENTE SEM VÍTIMA;297,024;BR-364/MT;Norte;Colisão Traseira;1;2;;;;;1
31/08/2020;13:13:00;173;AC03 - ACIDENTE SEM VÍTIMA;292,546;BR-364/MT;Norte;Colisão Traseira;1;5;;;;;1
31/08/2020;14:32:00;193;AC03 - ACIDENTE SEM VÍTIMA;204,629;BR-364/MT;Norte;Colisão Lateral;1;3;;;;;1
31/08/2020;19:48:00;301;AC03 - ACIDENTE SEM VÍTIMA;398,307;BR-364/MT;Sul;Colisão Traseira;1;3;;;;;1
31/08/2020;19:50:00;302;AC03 - ACIDENTE SEM VÍTIMA;474,819;BR-364/MT;Sul;Tombamento;1;1;;;;;1
31/08/2020;14:32:00;193;AC03 - ACIDENTE SEM VÍTIMA;204,629;BR-364/MT;Norte;Colisão Lateral;1;3;;;;;1
31/08/2020;19:48:00;301;AC03 - ACIDENTE SEM VÍTIMA;398,307;BR-364/MT;Sul;Colisão Traseira;1;3;;;;;1
31/08/2020;19:50:00;302;AC03 - ACIDENTE SEM VÍTIMA;474,819;BR-364/MT;Sul;Tombamento;1;1;;;;;1
01/09/2020;08:42:00;103;AC03 - ACIDENTE SEM VÍTIMA;343,015;BR-364/MT;Norte;Colisão Lateral;2;23;;;;;1
01/09/2020;12:29:00;179;AC03 - ACIDENTE SEM VÍTIMA;522,953;BR-070/MT;Sul;Colisão Transversal;1;2;;;;;1
01/09/2020;12:34:00;180;AC03 - ACIDENTE SEM VÍTIMA;117,192;BR-163/MT;Norte;Colisão Traseira;1;2;;;;;1
01/09/2020;19:26:00;276;AC02 - ACIDENTE COM VÍTIMA;573,165;BR-163/MT;Norte;Saida de Pista;1;1;1;;;;1
02/09/2020;07:25:00;78;AC02 - ACIDENTE COM VÍTIMA;829,199;BR-163/MT;Sul;Colisão Lateral;1;1;1;;;;1
02/09/2020;18:14:00;273;AC03 - ACIDENTE SEM VÍTIMA;119,507;BR-163/MT;Norte;Colisão Lateral;1;4;;;;;1
02/09/2020;19:49:00;299;AC03 - ACIDENTE SEM VÍTIMA;287,955;BR-364/MT;Sul;Colisão Lateral;2;2;;;;;1
03/09/2020;03:55:00;43;AC03 - ACIDENTE SEM VÍTIMA;396,299;BR-364/MT;Norte;Capotamento;1;3;;;;;1
03/09/2020;07:07:00;80;AC03 - ACIDENTE SEM VÍTIMA;621,589;BR-163/MT;Sul;Colisão Lateral;2;2;;;;;1
03/09/2020;09:47:00;155;AC03 - ACIDENTE SEM VÍTIMA;476,467;BR-364/MT;Norte;Colisão Traseira;2;2;;;;;1
03/09/2020;12:17:00;209;AC03 - ACIDENTE SEM VÍTIMA;347,938;BR-364/MT;Sul;Colisão Lateral;1;2;;;;;1
04/09/2020;11:16:00;162;AC03 - ACIDENTE SEM VÍTIMA;581,905;BR-364/MT;Sul;Tombamento;1;1;;;;;1
04/09/2020;12:48:00;182;AC03 - ACIDENTE SEM VÍTIMA;766,7;BR-163/MT;Norte;Colisão Traseira;1;3;;;;;1
04/09/2020;15:42:00;243;AC03 - ACIDENTE SEM VÍTIMA;522,885;BR-070/MT;Sul;Colisão Traseira;1;5;;;;;1
04/09/2020;17:54:00;294;AC02 - ACIDENTE COM VÍTIMA;830,158;BR-163/MT;Sul;Engavetamento;1;2;1;;;;1
04/09/2020;18:37:00;308;AC03 - ACIDENTE SEM VÍTIMA;386,108;BR-364/MT;Norte;Choque - Arvore;1;1;;;;;1
04/09/2020;22:13:00;364;AC02 - ACIDENTE COM VÍTIMA;98,865;BR-163/MT;Norte;Queda de Moto;1;1;;1;;;2
04/09/2020;22:36:00;368;AC03 - ACIDENTE SEM VÍTIMA;440,35;BR-364/MT;Sul;Choque - Defensa, barreira ou "submarino";1;1;;;;;1
04/09/2020;23:13:00;375;AC01 - ACIDENTE COM VÍTIMA FATAL;396,075;BR-364/MT;Norte;Choque - Veiculo parado na pista;1;0;1;;;1;3
05/09/2020;00:47:00;14;AC03 - ACIDENTE SEM VÍTIMA;512,898;BR-070/MT;Norte;Colisão Traseira;1;2;;;;;1
05/09/2020;11:01:00;152;AC02 - ACIDENTE COM VÍTIMA;517,796;BR-163/MT;Sul;Choque - Arvore;1;0;;1;;;2
05/09/2020;14:29:00;217;AC03 - ACIDENTE SEM VÍTIMA;507,284;BR-364/MT;Norte;Engavetamento;2;3;;;;;1
05/09/2020;14:33:00;219;AC03 - ACIDENTE SEM VÍTIMA;279,742;BR-364/MT;Sul;Tombamento;2;2;;;;;1
06/09/2020;05:13:00;51;AC03 - ACIDENTE SEM VÍTIMA;271,998;BR-364/MT;Norte;Colisão Lateral;1;2;;;;;1
06/09/2020;08:37:00;109;AC03 - ACIDENTE SEM VÍTIMA;684,527;BR-163/MT;Sul;Saida de Pista;1;2;;;;;1
06/09/2020;13:29:00;194;AC03 - ACIDENTE SEM VÍTIMA;587,134;BR-163/MT;Sul;Colisão Lateral;2;2;;;;;1
07/09/2020;10:45:00;127;AC03 - ACIDENTE SEM VÍTIMA;595,84;BR-163/MT;Norte;Colisão Lateral;1;7;;;;;1
07/09/2020;13:57:00;189;AC03 - ACIDENTE SEM VÍTIMA;348,592;BR-364/MT;Norte;Saida de Pista;1;1;;;;;1
07/09/2020;16:02:00;232;AC03 - ACIDENTE SEM VÍTIMA;512,925;BR-070/MT;Sul;Colisão Transversal;1;2;;;;;1
08/09/2020;07:22:00;61;AC03 - ACIDENTE SEM VÍTIMA;834,312;BR-163/MT;Norte;Colisão Traseira;1;3;;;;;1
08/09/2020;09:38:00;117;AC03 - ACIDENTE SEM VÍTIMA;782,145;BR-163/MT;Sul;Colisão Lateral;2;2;;;;;1
08/09/2020;12:40:00;181;AC03 - ACIDENTE SEM VÍTIMA;270,38;BR-364/MT;Norte;Saida de Pista;1;1;;;;;1
08/09/2020;12:53:00;185;AC03 - ACIDENTE SEM VÍTIMA;798,588;BR-163/MT;Norte;Engavetamento;2;5;;;;;1
09/09/2020;17:15:00;257;AC03 - ACIDENTE SEM VÍTIMA;31,889;BR-163/MT;Norte;Saida de Pista;1;1;;;;;1
09/09/2020;21:33:00;314;AC02 - ACIDENTE COM VÍTIMA;266,451;BR-364/MT;Norte;Colisão Frontal;2;2;1;;;;1
10/09/2020;09:41:00;129;AC02 - ACIDENTE COM VÍTIMA;712,305;BR-163/MT;Norte;Colisão Lateral;1;1;4;1;1;;2
10/09/2020;10:06:00;136;AC02 - ACIDENTE COM VÍTIMA;329,287;BR-364/MT;Sul;Colisão Traseira;1;5;1;;;;1
10/09/2020;15:34:00;247;AC02 - ACIDENTE COM VÍTIMA;835,947;BR-163/MT;Sul;Colisão Lateral;1;1;1;;;;1
10/09/2020;18:21:00;303;AC03 - ACIDENTE SEM VÍTIMA;280,142;BR-364/MT;Sul;Colisão Lateral;2;2;;;;;1
10/09/2020;22:23:00;343;AC03 - ACIDENTE SEM VÍTIMA;724,43;BR-163/MT;Norte;Colisão Lateral;1;2;;;;;1
11/09/2020;04:57:00;45;AC03 - ACIDENTE SEM VÍTIMA;684,413;BR-163/MT;Norte;Colisão Transversal;1;2;;;;;1
11/09/2020;05:17:00;46;AC03 - ACIDENTE SEM VÍTIMA;515,002;BR-070/MT;Norte;Colisão Traseira;2;3;;;;;1
11/09/2020;09:57:00;125;AC03 - ACIDENTE SEM VÍTIMA;837,867;BR-163/MT;Sul;Colisão Lateral;1;3;;;;;1
11/09/2020;16:38:00;255;AC03 - ACIDENTE SEM VÍTIMA;664,45;BR-163/MT;Norte;Colisão Traseira;2;2;;;;;1
11/09/2020;17:55:00;275;AC03 - ACIDENTE SEM VÍTIMA;743,544;BR-163/MT;Norte;Colisão Traseira;1;2;;;;;1
11/09/2020;18:16:00;279;AC03 - ACIDENTE SEM VÍTIMA;486,8;BR-364/MT;Sul;Saida de Pista;1;2;;;;;1
11/09/2020;20:55:00;317;AC02 - ACIDENTE COM VÍTIMA;540,614;BR-364/MT;Sul;Colisão Frontal;1;1;1;;;;1
11/09/2020;21:58:00;329;AC01 - ACIDENTE COM VÍTIMA FATAL;276,78;BR-364/MT;Sul;Colisão Frontal;4;2;1;;1;1;3
12/09/2020;07:30:00;65;AC03 - ACIDENTE SEM VÍTIMA;645,5;BR-163/MT;Norte;Colisão Traseira;1;2;;;;;1
12/09/2020;14:10:00;151;AC03 - ACIDENTE SEM VÍTIMA;829,273;BR-163/MT;Norte;Colisão Transversal;1;2;;;;;1
12/09/2020;16:58:00;205;AC03 - ACIDENTE SEM VÍTIMA;835,106;BR-163/MT;Norte;Colisão Lateral;1;2;;;;;1
12/09/2020;19:52:00;251;AC03 - ACIDENTE SEM VÍTIMA;401,5;BR-364/MT;Norte;Colisão Traseira;1;3;;;;;1
13/09/2020;00:41:00;25;AC03 - ACIDENTE SEM VÍTIMA;333,85;BR-364/MT;Norte;Tombamento;1;1;;;;;1
13/09/2020;15:05:00;206;AC02 - ACIDENTE COM VÍTIMA;821,909;BR-163/MT;Sul;Colisão Lateral;1;1;;1;;;2
14/09/2020;04:40:00;44;AC03 - ACIDENTE SEM VÍTIMA;103,796;BR-163/MT;Norte;Tombamento;1;1;;;;;1
14/09/2020;07:33:00;74;AC03 - ACIDENTE SEM VÍTIMA;609,1;BR-163/MT;Sul;Colisão Traseira;1;2;;;;;1
14/09/2020;12:52:00;191;AC03 - ACIDENTE SEM VÍTIMA;685,45;BR-163/MT;Norte;Colisão Lateral;1;4;;;;;1
14/09/2020;14:40:00;221;AC01 - ACIDENTE COM VÍTIMA FATAL;509,768;BR-070/MT;Sul;Colisão Frontal;1;1;;;;1;3
14/09/2020;17:11:00;275;AC01 - ACIDENTE COM VÍTIMA FATAL;849,711;BR-163/MT;Norte;Colisão Frontal;1;2;1;1;;1;3
15/09/2020;11:37:00;171;AC03 - ACIDENTE SEM VÍTIMA;469,555;BR-364/MT;Norte;Colisão Traseira;1;2;;;;;1
15/09/2020;17:33:00;268;AC02 - ACIDENTE COM VÍTIMA;831,726;BR-163/MT;Sul;Colisão Traseira;1;1;1;;;;1
16/09/2020;07:30:00;58;AC03 - ACIDENTE SEM VÍTIMA;832,6;BR-163/MT;Sul;Colisão Lateral;1;4;;;;;1
16/09/2020;10:06:00;113;AC03 - ACIDENTE SEM VÍTIMA;356,196;BR-364/MT;Norte;Saida de Pista;1;1;;;;;1
16/09/2020;14:13:00;182;AC03 - ACIDENTE SEM VÍTIMA;537,528;BR-364/MT;Norte;Tombamento;1;1;;;;;1
16/09/2020;17:13:00;244;AC03 - ACIDENTE SEM VÍTIMA;815,23;BR-163/MT;Norte;Colisão Traseira;1;2;;;;;1
16/09/2020;18:28:00;274;AC02 - ACIDENTE COM VÍTIMA;620,155;BR-163/MT;Sul;Colisão Lateral;2;3;1;;;;1
16/09/2020;19:35:00;291;AC03 - ACIDENTE SEM VÍTIMA;526,975;BR-364/MT;Norte;Choque - Suporte de Sinalização;1;1;;;;;1
17/09/2020;07:29:00;70;AC03 - ACIDENTE SEM VÍTIMA;504,154;BR-070/MT;Sul;Colisão Lateral;1;2;;;;;1
17/09/2020;09:25:00;119;AC03 - ACIDENTE SEM VÍTIMA;835,284;BR-163/MT;Norte;Colisão Traseira;2;3;;;;;1
17/09/2020;13:23:00;198;AC03 - ACIDENTE SEM VÍTIMA;757,349;BR-163/MT;Norte;Colisão Transversal;1;2;;;;;1
17/09/2020;17:19:00;268;AC03 - ACIDENTE SEM VÍTIMA;751,913;BR-163/MT;Norte;Colisão Lateral;1;4;;;;;1
17/09/2020;22:14:00;326;AC02 - ACIDENTE COM VÍTIMA;535,339;BR-163/MT;Norte;Colisão Lateral;1;1;1;;;;1
17/09/2020;22:34:00;331;AC03 - ACIDENTE SEM VÍTIMA;833,148;BR-163/MT;Norte;Choque - Arvore;1;2;;;;;1
17/09/2020;23:05:00;333;AC02 - ACIDENTE COM VÍTIMA;337,822;BR-364/MT;Sul;Colisão Traseira;2;3;1;;;;1
18/09/2020;08:18:00;95;AC03 - ACIDENTE SEM VÍTIMA;616,591;BR-163/MT;Norte;Colisão Lateral;2;2;;;;;1
18/09/2020;10:24:00;144;AC03 - ACIDENTE SEM VÍTIMA;602,33;BR-163/MT;Norte;Colisão Traseira;2;2;;;;;1
18/09/2020;11:04:00;159;AC03 - ACIDENTE SEM VÍTIMA;559,15;BR-163/MT;Sul;Saida de Pista;1;1;;;;;1
18/09/2020;11:12:00;162;AC03 - ACIDENTE SEM VÍTIMA;834,15;BR-163/MT;Sul;Colisão Traseira;1;3;;;;;1
18/09/2020;13:58:00;206;AC03 - ACIDENTE SEM VÍTIMA;542,197;BR-364/MT;Norte;Colisão Lateral;1;2;;;;;1
18/09/2020;15:25:00;231;AC03 - ACIDENTE SEM VÍTIMA;114,446;BR-163/MT;Norte;Colisão Lateral;1;3;;;;;1
18/09/2020;17:21:00;270;AC03 - ACIDENTE SEM VÍTIMA;435,837;BR-364/MT;Sul;Colisão Lateral;1;2;;;;;1
18/09/2020;22:40:00;349;AC03 - ACIDENTE SEM VÍTIMA;283,09;BR-364/MT;Sul;Saida de Pista;1;1;;;;;1
19/09/2020;00:44:00;20;AC03 - ACIDENTE SEM VÍTIMA;348,386;BR-364/MT;Sul;Colisão Traseira;1;2;;;;;1
20/09/2020;03:37:00;30;AC02 - ACIDENTE COM VÍTIMA;808,199;BR-163/MT;Norte;Capotamento;1;0;2;;;;1
20/09/2020;05:59:00;33;AC03 - ACIDENTE SEM VÍTIMA;464,233;BR-364/MT;Norte;Choque - Defensa, barreira ou "submarino";1;1;;;;;1
20/09/2020;07:03:00;45;AC03 - ACIDENTE SEM VÍTIMA;545,37;BR-364/MT;Norte;Colisão Traseira;1;4;;;;;1
20/09/2020;10:44:00;91;AC01 - ACIDENTE COM VÍTIMA FATAL;573,406;BR-364/MT;Sul;Capotamento;1;0;;;;1;3
20/09/2020;11:00:00;93;AC01 - ACIDENTE COM VÍTIMA FATAL;435,655;BR-364/MT;Norte;Colisão Transversal;3;4;;;;1;3
20/09/2020;14:59:00;156;AC02 - ACIDENTE COM VÍTIMA;350,729;BR-364/MT;Norte;Colisão Traseira;2;3;2;;;;1
20/09/2020;19:15:00;214;AC03 - ACIDENTE SEM VÍTIMA;346,52;BR-364/MT;Sul;Saida de Pista;1;1;;;;;1
21/09/2020;10:36:00;127;AC03 - ACIDENTE SEM VÍTIMA;831,572;BR-163/MT;Norte;Choque - Poste;1;1;;;;;1
21/09/2020;10:44:00;130;AC03 - ACIDENTE SEM VÍTIMA;817,834;BR-163/MT;Sul;Tombamento;1;1;;;;;1
21/09/2020;13:53:00;173;AC02 - ACIDENTE COM VÍTIMA;589,955;BR-163/MT;Sul;Tombamento;1;0;1;;;;1
21/09/2020;17:02:00;227;AC03 - ACIDENTE SEM VÍTIMA;656,35;BR-163/MT;Norte;Colisão Lateral;1;7;;;;;1
22/09/2020;07:00:00;71;AC02 - ACIDENTE COM VÍTIMA;584,88;BR-163/MT;Norte;Tombamento;1;0;1;;;;1
22/09/2020;09:06:00;110;AC03 - ACIDENTE SEM VÍTIMA;398,302;BR-364/MT;Sul;Colisão Traseira;1;5;;;;;1
22/09/2020;10:34:00;153;AC03 - ACIDENTE SEM VÍTIMA;770,494;BR-163/MT;Sul;Engavetamento;3;5;;;;;1
22/09/2020;11:40:00;165;AC03 - ACIDENTE SEM VÍTIMA;834,891;BR-163/MT;Sul;Choque - Veiculo parado no acostamento;1;5;;;;;1
22/09/2020;13:16:00;180;AC02 - ACIDENTE COM VÍTIMA;772,463;BR-163/MT;Norte;Colisão Traseira;2;1;1;;;;1
22/09/2020;21:29:00;293;AC03 - ACIDENTE SEM VÍTIMA;585,8;BR-163/MT;Sul;Saida de Pista;1;1;;;;;1
23/09/2020;06:40:00;56;AC02 - ACIDENTE COM VÍTIMA;610,2;BR-163/MT;Sul;Colisão Lateral;2;0;;1;1;;2
23/09/2020;06:52:00;63;AC03 - ACIDENTE SEM VÍTIMA;607,3;BR-163/MT;Norte;Colisão Transversal;1;3;;;;;1
23/09/2020;07:00:00;70;AC03 - ACIDENTE SEM VÍTIMA;481,321;BR-364/MT;Sul;Choque - Defensa, barreira ou "submarino";1;1;;;;;1
23/09/2020;09:55:00;120;AC03 - ACIDENTE SEM VÍTIMA;814,525;BR-163/MT;Sul;Colisão Lateral;1;2;;;;;1
23/09/2020;12:05:00;158;AC03 - ACIDENTE SEM VÍTIMA;521,355;BR-070/MT;Norte;Colisão Traseira;2;2;;;;;1
23/09/2020;13:54:00;189;AC03 - ACIDENTE SEM VÍTIMA;102,07;BR-163/MT;Sul;Tombamento;1;1;;;;;1
23/09/2020;15:07:00;215;AC03 - ACIDENTE SEM VÍTIMA;773,802;BR-163/MT;Sul;Colisão Traseira;2;4;;;;;1
24/09/2020;03:57:00;43;AC03 - ACIDENTE SEM VÍTIMA;203,368;BR-364/MT;Sul;Colisão Lateral;1;2;;;;;1
24/09/2020;07:49:00;88;AC03 - ACIDENTE SEM VÍTIMA;515,076;BR-163/MT;Norte;Tombamento;1;1;;;;;1
24/09/2020;11:50:00;188;AC02 - ACIDENTE COM VÍTIMA;842,4;BR-163/MT;Sul;Colisão Transversal;1;4;3;;;;1
24/09/2020;15:29:00;252;AC03 - ACIDENTE SEM VÍTIMA;346,532;BR-364/MT;Sul;Saida de Pista;1;1;;;;;1
24/09/2020;17:43:00;292;AC03 - ACIDENTE SEM VÍTIMA;688;BR-163/MT;Sul;Choque - Veiculo parado no acostamento;2;2;;;;;1
24/09/2020;19:16:00;311;AC03 - ACIDENTE SEM VÍTIMA;346,636;BR-364/MT;Norte;Saida de Pista;1;1;;;;;1
25/09/2020;15:20:00;255;AC03 - ACIDENTE SEM VÍTIMA;305;BR-364/MT;Norte;Colisão Transversal;1;4;;;;;1
25/09/2020;19:17:00;334;AC03 - ACIDENTE SEM VÍTIMA;749,51;BR-163/MT;Norte;Colisão Traseira;2;2;;;;;1
26/09/2020;03:18:00;25;AC03 - ACIDENTE SEM VÍTIMA;812,811;BR-163/MT;Norte;Atropelamento de Animal;1;2;;;;;1
26/09/2020;05:44:00;57;AC03 - ACIDENTE SEM VÍTIMA;98,418;BR-163/MT;Sul;Tombamento;1;1;;;;;1
26/09/2020;13:59:00;215;AC03 - ACIDENTE SEM VÍTIMA;539,5;BR-163/MT;Norte;Choque - Defensa, barreira ou "submarino";1;1;;;;;1
26/09/2020;18:19:00;301;AC03 - ACIDENTE SEM VÍTIMA;844,565;BR-163/MT;Norte;Colisão Transversal;1;2;;;;;1
27/09/2020;03:01:00;48;AC03 - ACIDENTE SEM VÍTIMA;94,298;BR-163/MT;Sul;Colisão Traseira;2;4;;;;;1
28/09/2020;12:33:00;159;AC03 - ACIDENTE SEM VÍTIMA;363,001;BR-364/MT;Norte;Tombamento;1;1;;;;;1
28/09/2020;13:43:00;180;AC02 - ACIDENTE COM VÍTIMA;616,421;BR-163/MT;Norte;Engavetamento;2;3;1;;;;1
28/09/2020;23:08:00;296;AC02 - ACIDENTE COM VÍTIMA;287,979;BR-364/MT;Norte;Colisão Traseira;1;1;1;;;;1
29/09/2020;06:25:00;49;AC03 - ACIDENTE SEM VÍTIMA;513,914;BR-163/MT;Sul;Tombamento;1;1;;;;;1
29/09/2020;12:06:00;171;AC03 - ACIDENTE SEM VÍTIMA;843,596;BR-163/MT;Norte;Colisão Traseira;2;2;;;;;1
29/09/2020;15:56:00;247;AC02 - ACIDENTE COM VÍTIMA;662,8;BR-163/MT;Norte;Engavetamento;2;3;;1;;;2
29/09/2020;21:08:00;334;AC03 - ACIDENTE SEM VÍTIMA;440,649;BR-364/MT;Norte;Choque - Defensa, barreira ou "submarino";1;1;;;;;1
30/09/2020;06:25:00;49;AC03 - ACIDENTE SEM VÍTIMA;505,019;BR-070/MT;Sul;Engavetamento;2;3;;;;;1
30/09/2020;12:23:00;169;AC03 - ACIDENTE SEM VÍTIMA;395,048;BR-364/MT;Norte;Colisão Traseira;2;2;;;;;1
30/09/2020;12:46:00;174;AC02 - ACIDENTE COM VÍTIMA;583,806;BR-163/MT;Sul;Tombamento;1;0;1;;;;1
30/09/2020;13:20:00;184;AC02 - ACIDENTE COM VÍTIMA;397,976;BR-364/MT;Norte;Colisão Traseira;1;1;;;1;;2
30/09/2020;18:37:00;285;AC03 - ACIDENTE SEM VÍTIMA;270,907;BR-364/MT;Sul;Colisão Traseira;1;2;;;;;1
28/09/2020;12:33:00;159;AC03 - ACIDENTE SEM VÍTIMA;363,001;BR-364/MT;Norte;Tombamento;1;1;;;;;1
28/09/2020;13:43:00;180;AC02 - ACIDENTE COM VÍTIMA;616,421;BR-163/MT;Norte;Engavetamento;2;3;1;;;;1
28/09/2020;23:08:00;296;AC02 - ACIDENTE COM VÍTIMA;287,979;BR-364/MT;Norte;Colisão Traseira;1;1;1;;;;1
29/09/2020;06:25:00;49;AC03 - ACIDENTE SEM VÍTIMA;513,914;BR-163/MT;Sul;Tombamento;1;1;;;;;1
29/09/2020;12:06:00;171;AC03 - ACIDENTE SEM VÍTIMA;843,596;BR-163/MT;Norte;Colisão Traseira;2;2;;;;;1
29/09/2020;15:56:00;247;AC02 - ACIDENTE COM VÍTIMA;662,8;BR-163/MT;Norte;Engavetamento;2;3;;1;;;2
29/09/2020;21:08:00;334;AC03 - ACIDENTE SEM VÍTIMA;440,649;BR-364/MT;Norte;Choque - Defensa, barreira ou "submarino";1;1;;;;;1
30/09/2020;06:25:00;49;AC03 - ACIDENTE SEM VÍTIMA;505,019;BR-070/MT;Sul;Engavetamento;2;3;;;;;1
30/09/2020;12:23:00;169;AC03 - ACIDENTE SEM VÍTIMA;395,048;BR-364/MT;Norte;Colisão Traseira;2;2;;;;;1
30/09/2020;12:46:00;174;AC02 - ACIDENTE COM VÍTIMA;583,806;BR-163/MT;Sul;Tombamento;1;0;1;;;;1
30/09/2020;13:20:00;184;AC02 - ACIDENTE COM VÍTIMA;397,976;BR-364/MT;Norte;Colisão Traseira;1;1;;;1;;2
30/09/2020;18:37:00;285;AC03 - ACIDENTE SEM VÍTIMA;270,907;BR-364/MT;Sul;Colisão Traseira;1;2;;;;;1
01/10/2020;05:19:00;60;AC03 - ACIDENTE SEM VÍTIMA;834,356;BR-163/MT;Sul;Colisão Lateral;1;2;;;;;1
01/10/2020;10:12:00;164;AC03 - ACIDENTE SEM VÍTIMA;526,228;BR-364/MT;Sul;Colisão Traseira;2;2;;;;;1
01/10/2020;15:15:00;255;AC03 - ACIDENTE SEM VÍTIMA;667,287;BR-163/MT;Norte;Tombamento;1;2;;;;;1
01/10/2020;17:28:00;297;AC03 - ACIDENTE SEM VÍTIMA;520,073;BR-070/MT;Norte;Colisão Transversal;1;2;;;;;1
01/10/2020;18:01:00;305;AC03 - ACIDENTE SEM VÍTIMA;348,041;BR-364/MT;Norte;Colisão Traseira;2;2;;;;;1