data;horario;n_da_ocorrencia;tipo_de_ocorrencia;km;trecho;sentido;tipo_de_acidente;caminhao;ilesos;levemente_feridos;moderadamente_feridos;gravemente_feridos;mortos;3
01/10/2020;19:06:00;319;AC01 - ACIDENTE COM VÍTIMA FATAL;493,6;BR-364/MT;Norte;Atropelamento - Andarilho;1;2;;;;1;3
02/10/2020;05:11:00;51;AC03 - ACIDENTE SEM VÍTIMA;611,01;BR-163/MT;Sul;Colisão Lateral;2;2;;;;;1
02/10/2020;08:32:00;101;AC02 - ACIDENTE COM VÍTIMA;402,056;BR-364/MT;Norte;Outros;1;0;2;;;;1
02/10/2020;09:44:00;127;AC03 - ACIDENTE SEM VÍTIMA;578,127;BR-364/MT;Norte;Colisão Traseira;1;2;;;;;1
02/10/2020;10:06:00;134;AC02 - ACIDENTE COM VÍTIMA;498,05;BR-070/MT;Norte;Colisão Frontal;2;1;;;1;;2
02/10/2020;12:35:00;174;AC02 - ACIDENTE COM VÍTIMA;828,057;BR-163/MT;Sul;Choque - Veiculo parado na pista;1;1;1;;;;1
02/10/2020;13:48:00;184;AC03 - ACIDENTE SEM VÍTIMA;844,549;BR-163/MT;Norte;Colisão Transversal;1;2;;;;;1
02/10/2020;16:05:00;220;AC03 - ACIDENTE SEM VÍTIMA;608,916;BR-163/MT;Norte;Colisão Traseira;1;5;;;;;1
02/10/2020;16:36:00;236;AC03 - ACIDENTE SEM VÍTIMA;817,6;BR-163/MT;Norte;Colisão Transversal;1;2;;;;;1
02/10/2020;18:12:00;266;AC03 - ACIDENTE SEM VÍTIMA;439,902;BR-364/MT;Sul;Tombamento;1;1;;;;;1
03/10/2020;06:41:00;68;AC02 - ACIDENTE COM VÍTIMA;630,729;BR-163/MT;Norte;Colisão Frontal;2;5;1;;;;1
03/10/2020;08:20:00;101;AC02 - ACIDENTE COM VÍTIMA;834,96;BR-163/MT;Norte;Colisão Frontal;1;1;1;;;;1
03/10/2020;11:22:00;174;AC03 - ACIDENTE SEM VÍTIMA;836,416;BR-163/MT;Norte;Colisão Traseira;1;2;;;;;1
03/10/2020;12:18:00;191;AC03 - ACIDENTE SEM VÍTIMA;583,832;BR-163/MT;Norte;Colisão Lateral;2;2;;;;;1
03/10/2020;14:54:00;239;AC01 - ACIDENTE COM VÍTIMA FATAL;356,867;BR-364/MT;Sul;Atropelamento - Usuário;1;1;;;;2;3
03/10/2020;18:05:00;284;AC03 - ACIDENTE SEM VÍTIMA;831,552;BR-163/MT;Sul;Colisão Lateral;1;7;;;;;1
04/10/2020;04:58:00;49;AC02 - ACIDENTE COM VÍTIMA;525,865;BR-163/MT;Sul;Colisão Lateral;1;1;1;;;;1
04/10/2020;06:33:00;63;AC03 - ACIDENTE SEM VÍTIMA;214,356;BR-364/MT;Norte;Colisão Traseira;2;2;;;;;1
04/10/2020;13:32:00;171;AC03 - ACIDENTE SEM VÍTIMA;383,1;BR-364/MT;Norte;Colisão Traseira;2;2;;;;;1
04/10/2020;14:57:00;195;AC03 - ACIDENTE SEM VÍTIMA;109,08;BR-163/MT;Sul;Tombamento;1;1;;;;;1
04/10/2020;20:18:00;283;AC01 - ACIDENTE COM VÍTIMA FATAL;201,293;BR-364/MT;Norte;Colisão Frontal;1;1;;;;1;3
04/10/2020;21:30:00;293;AC03 - ACIDENTE SEM VÍTIMA;201,127;BR-364/MT;Sul;Outros;1;2;;;;;1
05/10/2020;06:29:00;60;AC03 - ACIDENTE SEM VÍTIMA;562,718;BR-364/MT;Sul;Tombamento;1;1;;;;;1
05/10/2020;09:55:00;125;AC03 - ACIDENTE SEM VÍTIMA;835,013;BR-163/MT;Sul;Colisão Lateral;1;2;;;;;1
05/10/2020;10:59:00;143;AC03 - ACIDENTE SEM VÍTIMA;350,458;BR-364/MT;Norte;Saida de Pista;1;2;;;;;1
05/10/2020;18:08:00;264;AC03 - ACIDENTE SEM VÍTIMA;753,453;BR-163/MT;Sul;Colisão Lateral;1;2;;;;;1
05/10/2020;19:11:00;282;AC03 - ACIDENTE SEM VÍTIMA;688,087;BR-163/MT;Sul;Colisão Frontal;1;3;;;;;1
06/10/2020;12:02:00;125;AC03 - ACIDENTE SEM VÍTIMA;601,203;BR-163/MT;Sul;Choque - Poste;1;1;;;;;1
06/10/2020;17:01:00;214;AC03 - ACIDENTE SEM VÍTIMA;621,5;BR-163/MT;Norte;Objeto lançado contra veículo;2;2;;;;;1
07/10/2020;09:33:00;102;AC02 - ACIDENTE COM VÍTIMA;357,969;BR-364/MT;Sul;Tombamento;1;0;;;1;;2
07/10/2020;17:49:00;227;AC03 - ACIDENTE SEM VÍTIMA;523,666;BR-070/MT;Sul;Colisão Lateral;2;2;;;;;1
07/10/2020;18:39:00;239;AC03 - ACIDENTE SEM VÍTIMA;458,809;BR-364/MT;Norte;Colisão Traseira;3;5;;;;;1
08/10/2020;14:26:00;198;AC03 - ACIDENTE SEM VÍTIMA;642,5;BR-163/MT;Sul;Colisão Lateral;2;2;;;;;1
09/10/2020;07:31:00;75;AC03 - ACIDENTE SEM VÍTIMA;202,513;BR-364/MT;Sul;Colisão Lateral;1;2;;;;;1
09/10/2020;08:51:00;92;AC03 - ACIDENTE SEM VÍTIMA;839,151;BR-163/MT;Norte;Colisão Lateral;1;2;;;;;1
09/10/2020;10:32:00;124;AC03 - ACIDENTE SEM VÍTIMA;752,754;BR-163/MT;Norte;Colisão Lateral;1;3;;;;;1
09/10/2020;10:59:00;130;AC03 - ACIDENTE SEM VÍTIMA;601,19;BR-163/MT;Sul;Tombamento;1;1;;;;;1
09/10/2020;11:42:00;147;AC03 - ACIDENTE SEM VÍTIMA;117,964;BR-163/MT;Norte;Colisão Lateral;2;2;;;;;1
09/10/2020;12:07:00;152;AC03 - ACIDENTE SEM VÍTIMA;838,9;BR-163/MT;Norte;Colisão Lateral;2;4;;;;;1
09/10/2020;16:12:00;219;AC03 - ACIDENTE SEM VÍTIMA;659,5;BR-163/MT;Norte;Colisão Traseira;1;6;;;;;1
09/10/2020;19:42:00;271;AC03 - ACIDENTE SEM VÍTIMA;338,007;BR-364/MT;Sul;Tombamento;1;1;;;;;1
09/10/2020;23:29:00;323;AC02 - ACIDENTE COM VÍTIMA;489,417;BR-364/MT;Norte;Saida de Pista;1;0;1;;;;1
10/10/2020;00:05:00;2;AC03 - ACIDENTE SEM VÍTIMA;501,074;BR-070/MT;Sul;Saida de Pista;1;2;;;;;1
10/10/2020;05:01:00;54;AC03 - ACIDENTE SEM VÍTIMA;673,102;BR-163/MT;Sul;Tombamento;1;1;;;;;1
10/10/2020;05:31:00;57;AC03 - ACIDENTE SEM VÍTIMA;515,223;BR-070/MT;Sul;Tombamento;1;1;;;;;1
10/10/2020;10:51:00;127;AC02 - ACIDENTE COM VÍTIMA;119;BR-163/MT;Sul;Colisão Traseira;1;1;2;;;;1
10/10/2020;13:51:00;163;AC03 - ACIDENTE SEM VÍTIMA;745,245;BR-163/MT;Norte;Tombamento;1;3;;;;;1
10/10/2020;14:19:00;168;AC03 - ACIDENTE SEM VÍTIMA;440,789;BR-364/MT;Norte;Colisão Transversal;2;2;;;;;1
10/10/2020;17:03:00;236;AC03 - ACIDENTE SEM VÍTIMA;545,3;BR-163/MT;Sul;Colisão Lateral;1;2;;;;;1
10/10/2020;17:39:00;252;AC03 - ACIDENTE SEM VÍTIMA;607,015;BR-163/MT;Norte;Saida de Pista;1;1;;;;;1
10/10/2020;17:58:00;256;AC03 - ACIDENTE SEM VÍTIMA;611,131;BR-163/MT;Sul;Saida de Pista;1;1;;;;;1
10/10/2020;18:22:00;262;AC03 - ACIDENTE SEM VÍTIMA;382,75;BR-364/MT;Norte;Objeto lançado contra veículo;1;2;;;;;1
10/10/2020;20:12:00;282;AC03 - ACIDENTE SEM VÍTIMA;458,5;BR-364/MT;Norte;Choque - Defensa, barreira ou "submarino";1;2;;;;;1
11/10/2020;04:34:00;53;AC02 - ACIDENTE COM VÍTIMA;313,015;BR-364/MT;Norte;Colisão Traseira;1;1;;;1;;2
11/10/2020;07:49:00;102;AC03 - ACIDENTE SEM VÍTIMA;453,535;BR-364/MT;Norte;Colisão Traseira;1;4;;;;;1
11/10/2020;08:19:00;116;AC03 - ACIDENTE SEM VÍTIMA;453,535;BR-364/MT;Sul;Colisão Traseira;2;2;;;;;1
11/10/2020;11:48:00;189;AC03 - ACIDENTE SEM VÍTIMA;514,1;BR-070/MT;Norte;Colisão Lateral;1;3;;;;;1
11/10/2020;15:44:00;240;AC03 - ACIDENTE SEM VÍTIMA;489,209;BR-364/MT;Sul;Tombamento;1;1;;;;;1
11/10/2020;17:34:00;266;AC03 - ACIDENTE SEM VÍTIMA;566,099;BR-364/MT;Sul;Saida de Pista;1;3;;;;;1
13/10/2020;11:59:00;170;AC03 - ACIDENTE SEM VÍTIMA;119;BR-163/MT;Norte;Colisão Lateral;2;2;;;;;1
13/10/2020;13:03:00;183;AC02 - ACIDENTE COM VÍTIMA;507,508;BR-070/MT;Norte;Tombamento;1;0;1;;;;1
13/10/2020;16:09:00;245;AC03 - ACIDENTE SEM VÍTIMA;277;BR-364/MT;Sul;Saida de Pista;1;2;;;;;1
13/10/2020;17:42:00;276;AC03 - ACIDENTE SEM VÍTIMA;750,015;BR-163/MT;Sul;Colisão Traseira;2;2;;;;;1
14/10/2020;06:56:00;78;AC02 - ACIDENTE COM VÍTIMA;118;BR-163/MT;Norte;Colisão Traseira;1;1;1;;;;1
14/10/2020;13:33:00;204;AC02 - ACIDENTE COM VÍTIMA;756,288;BR-163/MT;Sul;Tombamento;1;0;1;;;;1
14/10/2020;15:04:00;233;AC03 - ACIDENTE SEM VÍTIMA;487,12;BR-364/MT;Norte;Colisão Traseira;2;2;;;;;1
14/10/2020;15:55:00;245;AC03 - ACIDENTE SEM VÍTIMA;439,265;BR-364/MT;Norte;Saida de Pista;1;1;;;;;1
14/10/2020;16:03:00;248;AC03 - ACIDENTE SEM VÍTIMA;253,524;BR-364/MT;Sul;Tombamento;1;1;;;;;1
14/10/2020;16:34:00;257;AC03 - ACIDENTE SEM VÍTIMA;449,563;BR-364/MT;Sul;Tombamento;1;2;;;;;1
14/10/2020;18:10:00;275;AC03 - ACIDENTE SEM VÍTIMA;742,778;BR-163/MT;Sul;Colisão Lateral;1;2;;;;;1
14/10/2020;20:11:00;305;AC02 - ACIDENTE COM VÍTIMA;592,822;BR-163/MT;Sul;Choque - Veiculo parado no acostamento;4;3;;1;;;2
14/10/2020;21:18:00;320;AC03 - ACIDENTE SEM VÍTIMA;516,741;BR-163/MT;Norte;Colisão Lateral;2;2;;;;;1
15/10/2020;05:43:00;49;AC03 - ACIDENTE SEM VÍTIMA;547,975;BR-163/MT;Sul;Saida de Pista;1;1;;;;;1
15/10/2020;08:04:00;85;AC03 - ACIDENTE SEM VÍTIMA;348,028;BR-364/MT;Norte;Tombamento;1;2;;;;;1
15/10/2020;18:38:00;285;AC03 - ACIDENTE SEM VÍTIMA;263,632;BR-364/MT;Sul;Saida de Pista;1;1;;;;;1
15/10/2020;21:07:00;308;AC03 - ACIDENTE SEM VÍTIMA;76,679;BR-163/MT;Sul;Atropelamento de Animal;1;1;;;;;1
16/10/2020;08:50:00;113;AC02 - ACIDENTE COM VÍTIMA;276,114;BR-364/MT;Sul;Tombamento;1;0;1;;;;1
16/10/2020;14:32:00;209;AC03 - ACIDENTE SEM VÍTIMA;606,658;BR-163/MT;Sul;Tombamento;1;1;;;;;1
16/10/2020;14:34:00;211;AC03 - ACIDENTE SEM VÍTIMA;513,74;BR-364/MT;Norte;Saida de Pista;1;1;;;;;1
16/10/2020;17:32:00;269;AC02 - ACIDENTE COM VÍTIMA;568,078;BR-364/MT;Sul;Tombamento;1;0;1;;;;1
17/10/2020;05:17:00;65;AC02 - ACIDENTE COM VÍTIMA;597,478;BR-163/MT;Norte;Colisão Lateral;1;3;2;;;;1
17/10/2020;09:00:00;111;AC03 - ACIDENTE SEM VÍTIMA;518,001;BR-070/MT;Sul;Colisão Traseira;1;2;;;;;1
17/10/2020;10:39:00;129;AC03 - ACIDENTE SEM VÍTIMA;579,171;BR-364/MT;Norte;Colisão Traseira;1;6;;;;;1
17/10/2020;12:09:00;153;AC02 - ACIDENTE COM VÍTIMA;33,6;BR-163/MT;Norte;Tombamento;1;0;;1;;;2
17/10/2020;17:17:00;236;AC03 - ACIDENTE SEM VÍTIMA;382,823;BR-364/MT;Sul;Tombamento;1;1;;;;;1
18/10/2020;00:21:00;1;AC03 - ACIDENTE SEM VÍTIMA;250,523;BR-364/MT;Sul;Tombamento;1;3;;;;;1
18/10/2020;03:27:00;43;AC03 - ACIDENTE SEM VÍTIMA;522,308;BR-163/MT;Norte;Saida de Pista;1;1;;;;;1
18/10/2020;10:28:00;114;AC03 - ACIDENTE SEM VÍTIMA;823,79;BR-163/MT;Sul;Saida de Pista;1;5;;;;;1
18/10/2020;10:29:00;116;AC02 - ACIDENTE COM VÍTIMA;273,559;BR-364/MT;Norte;Saida de Pista;1;2;1;;;;1
18/10/2020;14:32:00;171;AC03 - ACIDENTE SEM VÍTIMA;604,9;BR-163/MT;Sul;Saida de Pista;1;2;;;;;1
18/10/2020;17:25:00;211;AC03 - ACIDENTE SEM VÍTIMA;281,926;BR-364/MT;Sul;Colisão Transversal;1;5;;;;;1
18/10/2020;18:40:00;227;AC03 - ACIDENTE SEM VÍTIMA;16,5;BR-163/MT;Norte;Colisão Lateral;1;2;;;;;1
19/10/2020;01:35:00;38;AC03 - ACIDENTE SEM VÍTIMA;753,802;BR-163/MT;Norte;Colisão Traseira;1;2;;;;;1
19/10/2020;12:01:00;161;AC03 - ACIDENTE SEM VÍTIMA;772,001;BR-163/MT;Norte;Saida de Pista;1;1;;;;;1
19/10/2020;15:12:00;203;AC03 - ACIDENTE SEM VÍTIMA;349,224;BR-364/MT;Norte;Saida de Pista;1;2;;;;;1
19/10/2020;18:40:00;240;AC02 - ACIDENTE COM VÍTIMA;515,286;BR-070/MT;Sul;Colisão Transversal;1;3;1;;;;1
19/10/2020;22:54:00;285;AC02 - ACIDENTE COM VÍTIMA;504,559;BR-364/MT;Norte;Colisão Lateral;2;1;1;;;;1
20/10/2020;01:30:00;15;AC03 - ACIDENTE SEM VÍTIMA;528,252;BR-364/MT;Norte;Tombamento;1;1;;;;;1
20/10/2020;15:29:00;230;AC02 - ACIDENTE COM VÍTIMA;348,32;BR-364/MT;Norte;Tombamento;1;1;1;;;;1
21/10/2020;08:38:00;105;AC03 - ACIDENTE SEM VÍTIMA;640,579;BR-163/MT;Norte;Colisão Traseira;1;2;;;;;1
21/10/2020;09:58:00;122;AC03 - ACIDENTE SEM VÍTIMA;540,927;BR-364/MT;Sul;Tombamento;1;1;;;;;1
21/10/2020;11:55:00;149;AC03 - ACIDENTE SEM VÍTIMA;272,49;BR-364/MT;Norte;Tombamento;1;2;;;;;1
21/10/2020;13:50:00;177;AC03 - ACIDENTE SEM VÍTIMA;214,433;BR-364/MT;Sul;Colisão Traseira;1;3;;;;;1
21/10/2020;15:42:00;215;AC03 - ACIDENTE SEM VÍTIMA;563,781;BR-163/MT;Sul;Saida de Pista;1;1;;;;;1
21/10/2020;18:55:00;274;AC03 - ACIDENTE SEM VÍTIMA;275,925;BR-364/MT;Sul;Tombamento;1;1;;;;;1
21/10/2020;23:23:00;319;AC02 - ACIDENTE COM VÍTIMA;532,57;BR-163/MT;Sul;Colisão Frontal;2;1;;;1;;2
22/10/2020;16:48:00;244;AC03 - ACIDENTE SEM VÍTIMA;327,604;BR-364/MT;Norte;Colisão Lateral;2;2;;;;;1
22/10/2020;17:30:00;255;AC03 - ACIDENTE SEM VÍTIMA;757,015;BR-163/MT;Sul;Choque - Arvore;1;1;;;;;1
23/10/2020;14:52:00;219;AC03 - ACIDENTE SEM VÍTIMA;636,5;BR-163/MT;Sul;Colisão Traseira;2;2;;;;;1
23/10/2020;15:19:00;230;AC03 - ACIDENTE SEM VÍTIMA;511,654;BR-070/MT;Norte;Colisão Traseira;2;2;;;;;1
23/10/2020;15:42:00;240;AC03 - ACIDENTE SEM VÍTIMA;277,361;BR-364/MT;Sul;Saida de Pista;1;1;;;;;1
24/10/2020;05:16:00;57;AC03 - ACIDENTE SEM VÍTIMA;705,609;BR-163/MT;Sul;Capotamento;1;1;;;;;1
24/10/2020;11:29:00;148;AC03 - ACIDENTE SEM VÍTIMA;106,173;BR-163/MT;Sul;Saida de Pista;1;1;;;;;1
24/10/2020;13:18:00;174;AC03 - ACIDENTE SEM VÍTIMA;55,201;BR-163/MT;Norte;Colisão Lateral;2;4;;;;;1
24/10/2020;14:47:00;195;AC03 - ACIDENTE SEM VÍTIMA;585,466;BR-364/MT;Sul;Saida de Pista;1;2;;;;;1
25/10/2020;07:12:00;72;AC02 - ACIDENTE COM VÍTIMA;514,545;BR-163/MT;Sul;Colisão Frontal;1;1;1;;;;1
25/10/2020;08:20:00;85;AC01 - ACIDENTE COM VÍTIMA FATAL;265,309;BR-364/MT;Sul;Atropelamento - Ciclista;1;1;;;;1;3
25/10/2020;12:43:00;128;AC03 - ACIDENTE SEM VÍTIMA;513,926;BR-070/MT;Sul;Colisão Transversal;1;2;;;;;1
25/10/2020;17:45:00;188;AC02 - ACIDENTE COM VÍTIMA;494,626;BR-364/MT;Sul;Colisão Transversal;1;1;2;;;;1
26/10/2020;09:46:00;113;AC03 - ACIDENTE SEM VÍTIMA;460,032;BR-364/MT;Sul;Saida de Pista;1;1;;;;;1
26/10/2020;14:28:00;178;AC03 - ACIDENTE SEM VÍTIMA;487;BR-364/MT;Norte;Colisão Traseira;1;2;;;;;1
26/10/2020;14:49:00;183;AC03 - ACIDENTE SEM VÍTIMA;206,248;BR-364/MT;Norte;Colisão Lateral;2;2;;;;;1
26/10/2020;16:35:00;203;AC03 - ACIDENTE SEM VÍTIMA;523,766;BR-070/MT;Norte;Colisão Traseira;2;2;;;;;1
26/10/2020;16:41:00;207;AC02 - ACIDENTE COM VÍTIMA;554;BR-364/MT;Norte;Colisão Lateral;1;1;1;;;;1
27/10/2020;15:37:00;242;AC03 - ACIDENTE SEM VÍTIMA;838,5;BR-163/MT;Sul;Colisão Lateral;1;4;;;;;1
28/10/2020;06:55:00;67;AC02 - ACIDENTE COM VÍTIMA;508,134;BR-070/MT;Sul;Saida de Pista;1;0;1;;;;1
28/10/2020;10:45:00;154;AC03 - ACIDENTE SEM VÍTIMA;210,855;BR-364/MT;Norte;Engavetamento;1;3;;;;;1
28/10/2020;10:59:00;159;AC02 - ACIDENTE COM VÍTIMA;469,184;BR-364/MT;Norte;Colisão Lateral;2;1;1;;1;;2
28/10/2020;11:16:00;163;AC03 - ACIDENTE SEM VÍTIMA;612,3;BR-163/MT;Sul;Colisão Traseira;2;2;;;;;1
28/10/2020;17:22:00;259;AC02 - ACIDENTE COM VÍTIMA;668,294;BR-163/MT;Norte;Capotamento;1;0;2;;;;1
28/10/2020;17:26:00;261;AC03 - ACIDENTE SEM VÍTIMA;346,777;BR-364/MT;Norte;Saida de Pista;1;1;;;;;1
29/10/2020;02:12:00;15;AC03 - ACIDENTE SEM VÍTIMA;464,28;BR-364/MT;Sul;Saida de Pista;1;1;;;;;1
29/10/2020;02:50:00;21;AC03 - ACIDENTE SEM VÍTIMA;458,426;BR-364/MT;Norte;Saida de Pista;1;1;;;;;1
29/10/2020;09:25:00;116;AC02 - ACIDENTE COM VÍTIMA;706,811;BR-163/MT;Norte;Colisão Lateral;1;1;1;;;;1
29/10/2020;13:13:00;172;AC03 - ACIDENTE SEM VÍTIMA;345,98;BR-364/MT;Norte;Colisão Lateral;2;2;;;;;1
29/10/2020;14:00:00;181;AC03 - ACIDENTE SEM VÍTIMA;439,573;BR-364/MT;Sul;Saida de Pista;1;1;;;;;1
29/10/2020;14:17:00;189;AC03 - ACIDENTE SEM VÍTIMA;381,647;BR-364/MT;Sul;Capotamento;1;2;;;;;1
29/10/2020;16:07:00;215;AC03 - ACIDENTE SEM VÍTIMA;544,868;BR-163/MT;Sul;Saida de Pista;1;1;;;;;1
29/10/2020;17:20:00;234;AC03 - ACIDENTE SEM VÍTIMA;349,238;BR-364/MT;Norte;Saida de Pista;1;1;;;;;1
29/10/2020;18:59:00;261;AC03 - ACIDENTE SEM VÍTIMA;601,397;BR-163/MT;Sul;Engavetamento;3;6;;;;;1
29/10/2020;19:24:00;266;AC03 - ACIDENTE SEM VÍTIMA;636,35;BR-163/MT;Sul;Saida de Pista;1;1;;;;;1
30/10/2020;00:21:00;2;AC02 - ACIDENTE COM VÍTIMA;333,276;BR-364/MT;Sul;Colisão Traseira;2;1;1;;;;1
30/10/2020;04:46:00;46;AC03 - ACIDENTE SEM VÍTIMA;577;BR-364/MT;Norte;Saida de Pista;1;1;;;;;1
30/10/2020;08:31:00;100;AC02 - ACIDENTE COM VÍTIMA;278,407;BR-364/MT;Sul;Colisão Traseira;1;4;1;;;;1
30/10/2020;10:02:00;132;AC03 - ACIDENTE SEM VÍTIMA;657,321;BR-163/MT;Sul;Tombamento;1;1;;;;;1
30/10/2020;10:18:00;135;AC03 - ACIDENTE SEM VÍTIMA;503,594;BR-070/MT;Sul;Tombamento;1;1;;;;;1
30/10/2020;10:22:00;137;AC03 - ACIDENTE SEM VÍTIMA;319,336;BR-364/MT;Sul;Colisão Traseira;1;3;;;;;1
30/10/2020;13:09:00;192;AC02 - ACIDENTE COM VÍTIMA;72,301;BR-163/MT;Norte;Capotamento;1;2;1;;;;1
30/10/2020;16:14:00;243;AC03 - ACIDENTE SEM VÍTIMA;111,401;BR-163/MT;Norte;Saida de Pista;1;1;;;;;1
30/10/2020;23:04:00;323;AC02 - ACIDENTE COM VÍTIMA;799,017;BR-163/MT;Sul;Colisão Traseira;1;2;1;;;;1
31/10/2020;18:19:00;281;AC02 - ACIDENTE COM VÍTIMA;683,15;BR-163/MT;Sul;Colisão Transversal;1;1;1;2;;;2
31/10/2020;18:19:00;281;AC02 - ACIDENTE COM VÍTIMA;683,15;BR-163/MT;Sul;Colisão Transversal;1;1;1;2;;;2
01/11/2020;04:42:00;42;AC02 - ACIDENTE COM VÍTIMA;539,022;BR-364/MT;Norte;Colisão Lateral;1;1;2;;;;1
01/11/2020;11:23:00;121;AC03 - ACIDENTE SEM VÍTIMA;498,5;BR-364/MT;Sul;Tombamento;1;1;;;;;1
01/11/2020;13:35:00;156;AC03 - ACIDENTE SEM VÍTIMA;734;BR-163/MT;Sul;Tombamento;1;2;;;;;1
02/11/2020;06:43:00;41;AC03 - ACIDENTE SEM VÍTIMA;758,401;BR-163/MT;Norte;Colisão Traseira;1;2;;;;;1
02/11/2020;18:33:00;229;AC02 - ACIDENTE COM VÍTIMA;503,537;BR-070/MT;Norte;Colisão Frontal;1;1;;1;;;2
03/11/2020;08:56:00;95;AC03 - ACIDENTE SEM VÍTIMA;573,103;BR-163/MT;Sul;Tombamento;1;1;;;;;1
03/11/2020;09:19:00;99;AC03 - ACIDENTE SEM VÍTIMA;398,693;BR-364/MT;Norte;Saida de Pista;1;1;;;;;1
04/11/2020;05:55:00;47;AC02 - ACIDENTE COM VÍTIMA;523,5;BR-163/MT;Sul;Colisão Frontal;1;1;1;;;;1
04/11/2020;14:16:00;200;AC03 - ACIDENTE SEM VÍTIMA;504,124;BR-070/MT;Sul;Colisão Traseira;2;2;;;;;1
04/11/2020;15:33:00;222;AC03 - ACIDENTE SEM VÍTIMA;537,442;BR-364/MT;Sul;Engavetamento;3;3;;;;;1
04/11/2020;15:37:00;223;AC02 - ACIDENTE COM VÍTIMA;276,144;BR-364/MT;Norte;Saida de Pista;1;0;;1;;;2
04/11/2020;16:40:00;243;AC02 - ACIDENTE COM VÍTIMA;838,09;BR-163/MT;Norte;Colisão Lateral;1;1;;1;;;2
04/11/2020;16:58:00;247;AC02 - ACIDENTE COM VÍTIMA;851,967;BR-163/MT;Sul;Colisão Lateral;2;1;1;;;;1
04/11/2020;17:24:00;251;AC03 - ACIDENTE SEM VÍTIMA;458,577;BR-364/MT;Sul;Colisão Traseira;2;3;;;;;1
04/11/2020;17:53:00;254;AC02 - ACIDENTE COM VÍTIMA;398,02;BR-364/MT;Sul;Colisão Lateral;2;1;2;;;;1
04/11/2020;20:16:00;284;AC03 - ACIDENTE SEM VÍTIMA;371,12;BR-364/MT;Norte;Saida de Pista;1;1;;;;;1
05/11/2020;06:19:00;47;AC02 - ACIDENTE COM VÍTIMA;503,62;BR-070/MT;Norte;Tombamento;1;0;1;;;;1
05/11/2020;06:45:00;54;AC02 - ACIDENTE COM VÍTIMA;481,26;BR-364/MT;Sul;Tombamento;1;0;1;;;;1
05/11/2020;09:28:00;116;AC03 - ACIDENTE SEM VÍTIMA;214,42;BR-364/MT;Norte;Colisão Traseira;1;2;;;;;1
05/11/2020;11:11:00;157;AC02 - ACIDENTE COM VÍTIMA;835,415;BR-163/MT;Norte;Colisão Transversal;1;1;;;1;;2
05/11/2020;14:32:00;210;AC03 - ACIDENTE SEM VÍTIMA;271,8;BR-364/MT;Norte;Colisão Lateral;2;3;;;;;1
05/11/2020;15:08:00;224;AC03 - ACIDENTE SEM VÍTIMA;838,261;BR-163/MT;Norte;Colisão Lateral;1;4;;;;;1
05/11/2020;15:12:00;227;AC03 - ACIDENTE SEM VÍTIMA;626,5;BR-163/MT;Norte;Colisão Lateral;1;2;;;;;1
05/11/2020;17:21:00;259;AC02 - ACIDENTE COM VÍTIMA;473,713;BR-364/MT;Norte;Colisão Lateral;1;1;;1;;;2
06/11/2020;06:45:00;61;AC03 - ACIDENTE SEM VÍTIMA;690,197;BR-163/MT;Norte;Colisão Traseira;1;2;;;;;1
06/11/2020;08:22:00;93;AC03 - ACIDENTE SEM VÍTIMA;434,834;BR-364/MT;Norte;Colisão Transversal;1;3;;;;;1
06/11/2020;12:40:00;185;AC03 - ACIDENTE SEM VÍTIMA;836,801;BR-163/MT;Norte;Choque - Outros;1;1;;;;;1
06/11/2020;12:52:00;191;AC03 - ACIDENTE SEM VÍTIMA;494,803;BR-364/MT;Norte;Colisão Traseira;2;2;;;;;1
06/11/2020;13:02:00;194;AC03 - ACIDENTE SEM VÍTIMA;717,553;BR-163/MT;Norte;Colisão Traseira;1;2;;;;;1
06/11/2020;14:20:00;211;AC03 - ACIDENTE SEM VÍTIMA;114,1;BR-163/MT;Norte;Choque - Objeto sobre a pista;1;4;;;;;1
06/11/2020;15:59:00;236;AC03 - ACIDENTE SEM VÍTIMA;601,373;BR-163/MT;Norte;Choque - Defensa, barreira ou "submarino";1;1;;;;;1
06/11/2020;18:27:00;269;AC03 - ACIDENTE SEM VÍTIMA;383;BR-364/MT;Sul;Colisão Traseira;2;2;;;;;1
07/11/2020;10:25:00;139;AC02 - ACIDENTE COM VÍTIMA;399,5;BR-364/MT;Sul;Colisão Traseira;2;1;1;;;;1
07/11/2020;13:32:00;172;AC03 - ACIDENTE SEM VÍTIMA;552,165;BR-364/MT;Sul;Saida de Pista;1;2;;;;;1
07/11/2020;14:47:00;189;AC03 - ACIDENTE SEM VÍTIMA;29,5;BR-163/MT;Sul;Colisão Lateral;1;2;;;;;1
07/11/2020;15:07:00;194;AC02 - ACIDENTE COM VÍTIMA;48,565;BR-163/MT;Sul;Tombamento;1;0;1;;;;1
07/11/2020;15:51:00;211;AC01 - ACIDENTE COM VÍTIMA FATAL;524,525;BR-364/MT;Sul;Colisão Transversal;2;1;;;;1;3
08/11/2020;02:21:00;30;AC02 - ACIDENTE COM VÍTIMA;117,817;BR-163/MT;Norte;Colisão Traseira;1;1;1;;;;1
08/11/2020;14:23:00;163;AC03 - ACIDENTE SEM VÍTIMA;270,305;BR-364/MT;Sul;Tombamento;1;1;;;;;1
08/11/2020;19:17:00;228;AC02 - ACIDENTE COM VÍTIMA;553,974;BR-364/MT;Norte;Saida de Pista;1;0;2;;;;1
09/11/2020;08:46:00;115;AC03 - ACIDENTE SEM VÍTIMA;393,782;BR-364/MT;Sul;Choque - Veiculo parado no acostamento;2;2;;;;;1
09/11/2020;10:14:00;152;AC02 - ACIDENTE COM VÍTIMA;538,609;BR-364/MT;Sul;Outros;1;0;;1;;;2
09/11/2020;11:55:00;184;AC03 - ACIDENTE SEM VÍTIMA;271,695;BR-364/MT;Norte;Choque - Outros;1;1;;;;;1
09/11/2020;15:02:00;228;AC03 - ACIDENTE SEM VÍTIMA;611,416;BR-163/MT;Norte;Saida de Pista;1;1;;;;;1
09/11/2020;16:11:00;246;AC03 - ACIDENTE SEM VÍTIMA;117,501;BR-163/MT;Sul;Colisão Transversal;2;2;;;;;1
09/11/2020;19:23:00;299;AC03 - ACIDENTE SEM VÍTIMA;401,823;BR-364/MT;Sul;Colisão Lateral;1;2;;;;;1
09/11/2020;23:14:00;329;AC02 - ACIDENTE COM VÍTIMA;362,854;BR-364/MT;Norte;Tombamento;1;0;;1;;;2
10/11/2020;07:54:00;81;AC02 - ACIDENTE COM VÍTIMA;829,386;BR-163/MT;Sul;Colisão Lateral;1;3;1;;;;1
10/11/2020;09:02:00;109;AC02 - ACIDENTE COM VÍTIMA;494,288;BR-364/MT;Norte;Colisão Transversal;1;1;1;;;;1
10/11/2020;09:49:00;127;AC03 - ACIDENTE SEM VÍTIMA;513,31;BR-070/MT;Sul;Colisão Traseira;2;2;;;;;1
10/11/2020;10:51:00;144;AC02 - ACIDENTE COM VÍTIMA;518,7;BR-070/MT;Sul;Engavetamento;3;4;;1;;;2
10/11/2020;13:39:00;182;AC03 - ACIDENTE SEM VÍTIMA;505,894;BR-070/MT;Sul;Tombamento;1;1;;;;;1
10/11/2020;13:53:00;189;AC03 - ACIDENTE SEM VÍTIMA;523,3;BR-070/MT;Sul;Colisão Transversal;2;2;;;;;1