data;horario;n_da_ocorrencia;tipo_de_ocorrencia;km;trecho;sentido;tipo_de_acidente;caminhao;ilesos;levemente_feridos;moderadamente_feridos;gravemente_feridos;mortos;3
10/11/2020;14:14:00;194;AC03 - ACIDENTE SEM VÍTIMA;504,894;BR-070/MT;Sul;Saida de Pista;1;1;;;;;1
10/11/2020;16:19:00;228;AC03 - ACIDENTE SEM VÍTIMA;393,047;BR-364/MT;Norte;Colisão Transversal;1;2;;;;;1
10/11/2020;18:34:00;261;AC03 - ACIDENTE SEM VÍTIMA;687;BR-163/MT;Sul;Colisão Transversal;1;2;;;;;1
11/11/2020;08:16:00;78;AC03 - ACIDENTE SEM VÍTIMA;579,67;BR-364/MT;Sul;Colisão Traseira;2;2;;;;;1
11/11/2020;09:37:00;101;AC03 - ACIDENTE SEM VÍTIMA;450,723;BR-364/MT;Norte;Colisão Lateral;1;2;;;;;1
11/11/2020;14:11:00;175;AC03 - ACIDENTE SEM VÍTIMA;728,678;BR-163/MT;Norte;Colisão Lateral;1;2;;;;;1
11/11/2020;15:04:00;197;AC03 - ACIDENTE SEM VÍTIMA;767,346;BR-163/MT;Sul;Colisão Lateral;1;10;;;;;1
11/11/2020;17:33:00;233;AC03 - ACIDENTE SEM VÍTIMA;477,1;BR-364/MT;Norte;Saida de Pista;1;1;;;;;1
11/11/2020;18:23:00;243;AC03 - ACIDENTE SEM VÍTIMA;512,4;BR-070/MT;Norte;Engavetamento;4;7;;;;;1
11/11/2020;19:24:00;251;AC03 - ACIDENTE SEM VÍTIMA;512,45;BR-364/MT;Sul;Saida de Pista;1;1;;;;;1
12/11/2020;00:19:00;8;AC03 - ACIDENTE SEM VÍTIMA;204,501;BR-364/MT;Norte;Colisão Lateral;1;2;;;;;1
12/11/2020;07:44:00;84;AC03 - ACIDENTE SEM VÍTIMA;4,301;BR-163/MT;Sul;Choque - Defensa, barreira ou "submarino";1;1;;;;;1
12/11/2020;09:47:00;133;AC03 - ACIDENTE SEM VÍTIMA;201,5;BR-364/MT;Norte;Colisão Traseira;2;2;;;;;1
12/11/2020;16:59:00;257;AC03 - ACIDENTE SEM VÍTIMA;579,01;BR-163/MT;Norte;Colisão Lateral;1;2;;;;;1
12/11/2020;17:38:00;267;AC03 - ACIDENTE SEM VÍTIMA;316,016;BR-364/MT;Norte;Colisão Traseira;2;2;;;;;1
13/11/2020;11:11:00;167;AC02 - ACIDENTE COM VÍTIMA;653,688;BR-163/MT;Norte;Colisão Lateral;2;4;1;;1;;2
13/11/2020;15:03:00;231;AC03 - ACIDENTE SEM VÍTIMA;551,9;BR-364/MT;Sul;Tombamento;1;1;;;;;1
13/11/2020;15:09:00;235;AC03 - ACIDENTE SEM VÍTIMA;331,351;BR-364/MT;Sul;Capotamento;1;2;;;;;1
13/11/2020;15:12:00;238;AC03 - ACIDENTE SEM VÍTIMA;575,1;BR-364/MT;Sul;Tombamento;1;1;;;;;1
13/11/2020;15:18:00;240;AC03 - ACIDENTE SEM VÍTIMA;664,45;BR-163/MT;Norte;Colisão Traseira;2;2;;;;;1
13/11/2020;16:36:00;273;AC03 - ACIDENTE SEM VÍTIMA;770,721;BR-163/MT;Norte;Saida de Pista;1;1;;;;;1
13/11/2020;17:05:00;278;AC03 - ACIDENTE SEM VÍTIMA;770,721;BR-163/MT;Sul;Saida de Pista;1;1;;;;;1
13/11/2020;11:11:00;316;AC02 - ACIDENTE COM VÍTIMA;653,688;BR-163/MT;Norte;Tombamento;1;0;2;;;;1
13/11/2020;19:21:00;317;AC02 - ACIDENTE COM VÍTIMA;276,662;BR-364/MT;Sul;Tombamento;1;1;;1;;;2
14/11/2020;02:15:00;25;AC03 - ACIDENTE SEM VÍTIMA;443,751;BR-364/MT;Norte;Atropelamento de Animal;1;1;;;;;1
14/11/2020;15:29:00;200;AC03 - ACIDENTE SEM VÍTIMA;348,263;BR-364/MT;Norte;Tombamento;1;2;;;;;1
14/11/2020;15:41:00;208;AC02 - ACIDENTE COM VÍTIMA;495,952;BR-364/MT;Norte;Colisão Transversal;1;1;1;;;;1
15/11/2020;08:38:00;78;AC03 - ACIDENTE SEM VÍTIMA;284,332;BR-364/MT;Norte;Capotamento;1;1;;;;;1
15/11/2020;10:45:00;105;AC01 - ACIDENTE COM VÍTIMA FATAL;756,337;BR-163/MT;Norte;Colisão Frontal;2;0;1;;1;1;3
15/11/2020;13:03:00;128;AC03 - ACIDENTE SEM VÍTIMA;539,364;BR-364/MT;Sul;Saida de Pista;1;1;;;;;1
16/11/2020;03:28:00;32;AC03 - ACIDENTE SEM VÍTIMA;284,559;BR-364/MT;Sul;Tombamento;1;1;;;;;1
16/11/2020;12:41:00;163;AC03 - ACIDENTE SEM VÍTIMA;204,987;BR-364/MT;Norte;Colisão Lateral;1;4;;;;;1
16/11/2020;16:19:00;206;AC03 - ACIDENTE SEM VÍTIMA;514,182;BR-163/MT;Norte;Colisão Traseira;2;2;;;;;1
16/11/2020;19:45:00;255;AC03 - ACIDENTE SEM VÍTIMA;528,726;BR-364/MT;Sul;Atropelamento de Animal;1;1;;;;;1
17/11/2020;11:10:00;150;AC03 - ACIDENTE SEM VÍTIMA;832,6;BR-163/MT;Sul;Colisão Lateral;1;2;;;;;1
17/11/2020;11:41:00;162;AC03 - ACIDENTE SEM VÍTIMA;852,3;BR-163/MT;Norte;Engavetamento;1;5;;;;;1
17/11/2020;11:42:00;163;AC01 - ACIDENTE COM VÍTIMA FATAL;725,074;BR-163/MT;Sul;Colisão Frontal;2;0;;;;2;3
17/11/2020;15:24:00;219;AC03 - ACIDENTE SEM VÍTIMA;541,939;BR-364/MT;Sul;Colisão Traseira;2;2;;;;;1
17/11/2020;21:50:00;299;AC01 - ACIDENTE COM VÍTIMA FATAL;537,486;BR-163/MT;Norte;Colisão Transversal;1;1;1;;;3;3
18/11/2020;04:19:00;32;AC02 - ACIDENTE COM VÍTIMA;357,04;BR-364/MT;Sul;Tombamento;1;0;2;;;;1
18/11/2020;06:55:00;54;AC03 - ACIDENTE SEM VÍTIMA;474,944;BR-364/MT;Norte;Saida de Pista;1;1;;;;;1
18/11/2020;13:05:00;195;AC03 - ACIDENTE SEM VÍTIMA;464,389;BR-364/MT;Norte;Saida de Pista;1;1;;;;;1
18/11/2020;14:33:00;219;AC03 - ACIDENTE SEM VÍTIMA;471,017;BR-364/MT;Norte;Colisão Lateral;2;2;;;;;1
18/11/2020;16:15:00;254;AC03 - ACIDENTE SEM VÍTIMA;633,998;BR-163/MT;Sul;Colisão Lateral;2;2;;;;;1
18/11/2020;22:55:00;334;AC03 - ACIDENTE SEM VÍTIMA;347,674;BR-364/MT;Norte;Saida de Pista;1;1;;;;;1
19/11/2020;07:44:00;75;AC03 - ACIDENTE SEM VÍTIMA;584,153;BR-163/MT;Norte;Tombamento;1;1;;;;;1
19/11/2020;12:16:00;162;AC03 - ACIDENTE SEM VÍTIMA;202,216;BR-364/MT;Norte;Colisão Lateral;1;2;;;;;1
19/11/2020;16:36:00;230;AC03 - ACIDENTE SEM VÍTIMA;645,841;BR-163/MT;Sul;Tombamento;1;1;;;;;1
19/11/2020;19:45:00;293;AC03 - ACIDENTE SEM VÍTIMA;367,257;BR-364/MT;Sul;Colisão Transversal;1;2;;;;;1
20/11/2020;09:02:00;111;AC02 - ACIDENTE COM VÍTIMA;818,874;BR-163/MT;Norte;Colisão Transversal;1;2;1;;;;1
20/11/2020;14:16:00;207;AC02 - ACIDENTE COM VÍTIMA;552,521;BR-163/MT;Norte;Tombamento;1;2;2;;;;1
20/11/2020;15:45:00;241;AC03 - ACIDENTE SEM VÍTIMA;787,568;BR-163/MT;Norte;Colisão Traseira;1;2;;;;;1
21/11/2020;08:30:00;89;AC03 - ACIDENTE SEM VÍTIMA;823,827;BR-163/MT;Sul;Tombamento;1;1;;;;;1
21/11/2020;15:38:00;222;AC02 - ACIDENTE COM VÍTIMA;203,207;BR-364/MT;Norte;Colisão Lateral;1;1;1;;;;1
21/11/2020;16:33:00;242;AC03 - ACIDENTE SEM VÍTIMA;350,247;BR-364/MT;Norte;Engavetamento;2;8;;;;;1
22/11/2020;05:00:00;38;AC03 - ACIDENTE SEM VÍTIMA;835,608;BR-163/MT;Sul;Choque - Veiculo parado no acostamento;1;2;;;;;1
22/11/2020;05:53:00;44;AC03 - ACIDENTE SEM VÍTIMA;271,326;BR-364/MT;Sul;Capotamento;1;1;;;;;1
22/11/2020;14:36:00;173;AC03 - ACIDENTE SEM VÍTIMA;510,886;BR-070/MT;Sul;Colisão Traseira;1;7;;;;;1
22/11/2020;17:12:00;236;AC03 - ACIDENTE SEM VÍTIMA;496,017;BR-364/MT;Norte;Colisão Traseira;2;2;;;;;1
23/11/2020;12:24:00;165;AC03 - ACIDENTE SEM VÍTIMA;474,715;BR-364/MT;Norte;Colisão Traseira;1;2;;;;;1
23/11/2020;14:34:00;197;AC03 - ACIDENTE SEM VÍTIMA;707,256;BR-163/MT;Norte;Colisão Traseira;2;2;;;;;1
23/11/2020;16:10:00;227;AC03 - ACIDENTE SEM VÍTIMA;209,907;BR-364/MT;Norte;Colisão Lateral;2;3;;;;;1
24/11/2020;00:13:00;15;AC03 - ACIDENTE SEM VÍTIMA;72,273;BR-163/MT;Norte;Saida de Pista;1;1;;;;;1
24/11/2020;07:25:00;82;AC03 - ACIDENTE SEM VÍTIMA;516,953;BR-163/MT;Sul;Colisão Lateral;1;4;;;;;1
24/11/2020;10:44:00;161;AC03 - ACIDENTE SEM VÍTIMA;513,878;BR-070/MT;Sul;Colisão Traseira;2;2;;;;;1
24/11/2020;10:50:00;162;AC02 - ACIDENTE COM VÍTIMA;573,5;BR-163/MT;Norte;Tombamento;1;0;2;;;;1
24/11/2020;15:43:00;239;AC03 - ACIDENTE SEM VÍTIMA;708,099;BR-163/MT;Sul;Colisão Lateral;1;2;;;;;1
24/11/2020;15:46:00;240;AC03 - ACIDENTE SEM VÍTIMA;328,973;BR-364/MT;Sul;Colisão Lateral;1;2;;;;;1
24/11/2020;18:15:00;271;AC03 - ACIDENTE SEM VÍTIMA;209,924;BR-364/MT;Sul;Tombamento;1;1;;;;;1
24/11/2020;20:01:00;293;AC03 - ACIDENTE SEM VÍTIMA;117,819;BR-163/MT;Norte;Colisão Lateral;2;2;;;;;1
24/11/2020;20:55:00;303;AC03 - ACIDENTE SEM VÍTIMA;269,071;BR-364/MT;Sul;Tombamento;1;1;;;;;1
25/11/2020;07:38:00;82;AC03 - ACIDENTE SEM VÍTIMA;523,675;BR-070/MT;Norte;Engavetamento;2;5;;;;;1
25/11/2020;13:10:00;204;AC03 - ACIDENTE SEM VÍTIMA;515,169;BR-070/MT;Norte;Colisão Traseira;1;4;;;;;1
25/11/2020;15:09:00;237;AC02 - ACIDENTE COM VÍTIMA;686,798;BR-163/MT;Norte;Colisão Traseira;1;1;1;;;;1
25/11/2020;16:58:00;264;AC02 - ACIDENTE COM VÍTIMA;829,001;BR-163/MT;Norte;Colisão Traseira;1;1;1;;;;1
26/11/2020;05:17:00;40;AC03 - ACIDENTE SEM VÍTIMA;458,413;BR-364/MT;Sul;Colisão Lateral;2;2;;;;;1
26/11/2020;12:55:00;173;AC03 - ACIDENTE SEM VÍTIMA;504,456;BR-070/MT;Norte;Colisão Lateral;1;2;;;;;1
27/11/2020;06:14:00;38;AC03 - ACIDENTE SEM VÍTIMA;348,551;BR-364/MT;Norte;Colisão Traseira;2;2;;;;;1
27/11/2020;11:10:00;157;AC03 - ACIDENTE SEM VÍTIMA;576,719;BR-364/MT;Sul;Colisão Traseira;2;2;;;;;1
27/11/2020;14:46:00;214;AC02 - ACIDENTE COM VÍTIMA;593,64;BR-163/MT;Sul;Tombamento;1;0;1;;;;1
27/11/2020;17:36:00;272;AC02 - ACIDENTE COM VÍTIMA;637,815;BR-163/MT;Norte;Colisão Lateral;1;1;2;;;;1
27/11/2020;18:56:00;283;AC03 - ACIDENTE SEM VÍTIMA;265,604;BR-364/MT;Sul;Colisão Traseira;1;3;;;;;1
27/11/2020;20:01:00;296;AC02 - ACIDENTE COM VÍTIMA;532,7;BR-163/MT;Norte;Tombamento;1;0;1;;;;1
27/11/2020;23:32:00;330;AC02 - ACIDENTE COM VÍTIMA;824,505;BR-163/MT;Sul;Colisão Transversal;1;5;1;;;;1
28/11/2020;10:47:00;134;AC03 - ACIDENTE SEM VÍTIMA;285,554;BR-364/MT;Sul;Tombamento;1;1;;;;;1
28/11/2020;12:36:00;161;AC02 - ACIDENTE COM VÍTIMA;345,817;BR-364/MT;Norte;Tombamento;1;0;3;;;;1
29/11/2020;02:07:00;15;AC03 - ACIDENTE SEM VÍTIMA;372,815;BR-364/MT;Norte;Colisão Traseira;1;4;;;;;1
29/11/2020;09:31:00;94;AC02 - ACIDENTE COM VÍTIMA;58,163;BR-163/MT;Norte;Colisão Traseira;1;1;;1;;;2
29/11/2020;10:33:00;114;AC01 - ACIDENTE COM VÍTIMA FATAL;697,36;BR-163/MT;Norte;Colisão Frontal;1;4;;;;1;3
29/11/2020;13:18:00;154;AC02 - ACIDENTE COM VÍTIMA;356,926;BR-364/MT;Sul;Tombamento;1;0;;;1;;2
29/11/2020;17:30:00;225;AC01 - ACIDENTE COM VÍTIMA FATAL;349,89;BR-364/MT;Norte;Colisão Traseira;2;1;;;;1;3
30/11/2020;14:46:00;215;AC03 - ACIDENTE SEM VÍTIMA;640,339;BR-163/MT;Sul;Engavetamento;3;3;;;;;1
30/11/2020;16:50:00;241;AC03 - ACIDENTE SEM VÍTIMA;733,71;BR-163/MT;Sul;Engavetamento;2;7;;;;;1
01/12/2020;05:03:00;38;AC03 - ACIDENTE SEM VÍTIMA;471,22;BR-364/MT;Sul;Tombamento;1;1;;;;;1
01/12/2020;08:20:00;84;AC03 - ACIDENTE SEM VÍTIMA;523,194;BR-070/MT;Norte;Colisão Transversal;1;3;;;;;1
01/12/2020;10:34:00;141;AC02 - ACIDENTE COM VÍTIMA;809,863;BR-163/MT;Sul;Colisão Transversal;1;1;1;1;;;2
01/12/2020;14:27:00;199;AC03 - ACIDENTE SEM VÍTIMA;448,952;BR-364/MT;Sul;Saida de Pista;1;1;;;;;1
01/12/2020;20:12:00;285;AC03 - ACIDENTE SEM VÍTIMA;210,778;BR-364/MT;Sul;Colisão Lateral;2;2;;;;;1
01/12/2020;20:49:00;290;AC02 - ACIDENTE COM VÍTIMA;209,823;BR-364/MT;Norte;Saida de Pista;1;0;1;;;;1
01/12/2020;23:35:00;313;AC03 - ACIDENTE SEM VÍTIMA;297,696;BR-364/MT;Sul;Tombamento;1;1;;;;;1
02/12/2020;15:42:00;241;AC02 - ACIDENTE COM VÍTIMA;696,999;BR-163/MT;Norte;Colisão Lateral;1;1;1;;;;1
02/12/2020;16:46:00;260;AC03 - ACIDENTE SEM VÍTIMA;645,124;BR-163/MT;Norte;Colisão Lateral;2;3;;;;;1
02/12/2020;17:10:00;267;AC03 - ACIDENTE SEM VÍTIMA;644,124;BR-163/MT;Norte;Colisão Traseira;2;4;;;;;1
03/12/2020;05:20:00;47;AC03 - ACIDENTE SEM VÍTIMA;505,124;BR-364/MT;Norte;Tombamento;1;1;;;;;1
03/12/2020;05:44:00;51;AC03 - ACIDENTE SEM VÍTIMA;604,961;BR-163/MT;Norte;Colisão Traseira;2;2;;;;;1
04/12/2020;04:11:00;38;AC03 - ACIDENTE SEM VÍTIMA;496,747;BR-364/MT;Sul;Tombamento;1;1;;;;;1
04/12/2020;05:10:00;43;AC03 - ACIDENTE SEM VÍTIMA;771,305;BR-163/MT;Norte;Choque - Talude;1;1;;;;;1
04/12/2020;08:11:00;91;AC02 - ACIDENTE COM VÍTIMA;645,514;BR-163/MT;Norte;Tombamento;1;0;;2;;;2
04/12/2020;09:05:00;108;AC03 - ACIDENTE SEM VÍTIMA;356,59;BR-364/MT;Sul;Tombamento;1;1;;;;;1
04/12/2020;14:17:00;219;AC03 - ACIDENTE SEM VÍTIMA;565,103;BR-163/MT;Sul;Colisão Traseira;1;2;;;;;1
04/12/2020;14:28:00;223;AC02 - ACIDENTE COM VÍTIMA;607,887;BR-163/MT;Sul;Colisão Lateral;1;2;5;;;;1
04/12/2020;16:07:00;254;AC03 - ACIDENTE SEM VÍTIMA;755,575;BR-163/MT;Sul;Tombamento;1;1;;;;;1
04/12/2020;16:46:00;264;AC03 - ACIDENTE SEM VÍTIMA;119;BR-163/MT;Norte;Colisão Traseira;1;2;;;;;1
04/12/2020;17:32:00;273;AC02 - ACIDENTE COM VÍTIMA;521,069;BR-070/MT;Sul;Colisão Transversal;1;1;1;;;;1
04/12/2020;17:52:00;278;AC03 - ACIDENTE SEM VÍTIMA;346,954;BR-364/MT;Norte;Saida de Pista;1;1;;;;;1
04/12/2020;19:09:00;291;AC03 - ACIDENTE SEM VÍTIMA;523,207;BR-070/MT;Sul;Colisão Lateral;1;3;;;;;1
04/12/2020;20:03:00;307;AC01 - ACIDENTE COM VÍTIMA FATAL;275,667;BR-364/MT;Sul;Capotamento;1;0;;;;1;3
04/12/2020;20:51:00;318;AC03 - ACIDENTE SEM VÍTIMA;768,7;BR-163/MT;Sul;Choque - Defensa, barreira ou "submarino";1;2;;;;;1
05/12/2020;08:26:00;89;AC02 - ACIDENTE COM VÍTIMA;553,518;BR-163/MT;Sul;Colisão Lateral;1;3;3;;;;1
05/12/2020;10:54:00;141;AC03 - ACIDENTE SEM VÍTIMA;277,965;BR-364/MT;Norte;Tombamento;1;1;;;;;1
05/12/2020;17:50:00;253;AC02 - ACIDENTE COM VÍTIMA;272,219;BR-364/MT;Norte;Colisão Traseira;1;1;;1;;;2
06/12/2020;12:11:00;144;AC03 - ACIDENTE SEM VÍTIMA;607,755;BR-163/MT;Sul;Tombamento;1;1;;;;;1
06/12/2020;18:03:00;243;AC02 - ACIDENTE COM VÍTIMA;522,697;BR-070/MT;Norte;Colisão Transversal;1;1;1;;;;1
06/12/2020;22:06:00;280;AC02 - ACIDENTE COM VÍTIMA;513,242;BR-070/MT;Sul;Colisão Frontal;1;1;;;1;;2
07/12/2020;01:10:00;8;AC03 - ACIDENTE SEM VÍTIMA;440,037;BR-364/MT;Norte;Tombamento;1;1;;;;;1
07/12/2020;15:56:00;217;AC03 - ACIDENTE SEM VÍTIMA;548,576;BR-163/MT;Norte;Tombamento;1;1;;;;;1
07/12/2020;23:04:00;303;AC03 - ACIDENTE SEM VÍTIMA;335,74;BR-364/MT;Norte;Saida de Pista;1;1;;;;;1
07/12/2020;23:22:00;306;AC01 - ACIDENTE COM VÍTIMA FATAL;116,608;BR-163/MT;Norte;Engavetamento;3;0;1;;2;2;3
08/12/2020;03:01:00;28;AC02 - ACIDENTE COM VÍTIMA;486,508;BR-364/MT;Norte;Capotamento;1;1;2;1;;;2
08/12/2020;07:01:00;59;AC03 - ACIDENTE SEM VÍTIMA;792,237;BR-163/MT;Sul;Colisão Traseira;1;3;;;;;1
08/12/2020;08:38:00;101;AC03 - ACIDENTE SEM VÍTIMA;349,146;BR-364/MT;Sul;Colisão Traseira;2;2;;;;;1
08/12/2020;11:53:00;166;AC02 - ACIDENTE COM VÍTIMA;373,906;BR-364/MT;Norte;Tombamento;1;0;;1;;;2
08/12/2020;11:53:00;176;AC03 - ACIDENTE SEM VÍTIMA;373,906;BR-364/MT;Norte;Tombamento;1;1;;;;;1
08/12/2020;17:09:00;235;AC01 - ACIDENTE COM VÍTIMA FATAL;648,289;BR-163/MT;Sul;Colisão Traseira;2;2;;;;2;3
08/12/2020;21:45:00;288;AC03 - ACIDENTE SEM VÍTIMA;514,046;BR-070/MT;Sul;Colisão Traseira;2;2;;;;;1
08/12/2020;21:54:00;289;AC02 - ACIDENTE COM VÍTIMA;495,146;BR-364/MT;Norte;Choque - Veiculo parado na pista;1;1;;1;;;2
09/12/2020;11:00:00;153;AC03 - ACIDENTE SEM VÍTIMA;273,022;BR-364/MT;Sul;Colisão Lateral;1;4;;;;;1
09/12/2020;13:20:00;180;AC03 - ACIDENTE SEM VÍTIMA;333,982;BR-364/MT;Sul;Choque - Veiculo parado na pista;2;2;;;;;1
09/12/2020;15:37:00;223;AC03 - ACIDENTE SEM VÍTIMA;109,233;BR-163/MT;Sul;Choque - Defensa, barreira ou "submarino";1;1;;;;;1
10/12/2020;04:51:00;35;AC03 - ACIDENTE SEM VÍTIMA;838,235;BR-163/MT;Norte;Tombamento;1;2;;;;;1
10/12/2020;07:04:00;55;AC03 - ACIDENTE SEM VÍTIMA;352,624;BR-364/MT;Norte;Colisão Lateral;2;3;;;;;1
10/12/2020;07:36:00;64;AC03 - ACIDENTE SEM VÍTIMA;399,297;BR-364/MT;Norte;Colisão Lateral;1;2;;;;;1
10/12/2020;10:59:00;142;AC03 - ACIDENTE SEM VÍTIMA;119,004;BR-163/MT;Norte;Colisão Lateral;1;2;;;;;1
10/12/2020;11:26:00;148;AC03 - ACIDENTE SEM VÍTIMA;519,203;BR-070/MT;Sul;Colisão Transversal;1;2;;;;;1
10/12/2020;11:39:00;154;AC03 - ACIDENTE SEM VÍTIMA;520,134;BR-070/MT;Norte;Colisão Lateral;1;4;;;;;1
10/12/2020;15:52:00;218;AC03 - ACIDENTE SEM VÍTIMA;626,727;BR-163/MT;Sul;Colisão Traseira;2;3;;;;;1
10/12/2020;15:59:00;219;AC03 - ACIDENTE SEM VÍTIMA;384,716;BR-364/MT;Sul;Tombamento;1;2;;;;;1
11/12/2020;03:54:00;21;AC03 - ACIDENTE SEM VÍTIMA;399,704;BR-364/MT;Norte;Saida de Pista;1;1;;;;;1
11/12/2020;04:41:00;37;AC03 - ACIDENTE SEM VÍTIMA;316,236;BR-364/MT;Sul;Choque - Veiculo parado no acostamento;1;2;;;;;1
11/12/2020;06:50:00;54;AC01 - ACIDENTE COM VÍTIMA FATAL;498,543;BR-070/MT;Norte;Colisão Frontal;1;1;;;;1;3
11/12/2020;07:41:00;72;AC03 - ACIDENTE SEM VÍTIMA;201,544;BR-364/MT;Norte;Colisão Traseira;2;3;;;;;1
11/12/2020;09:31:00;105;AC03 - ACIDENTE SEM VÍTIMA;119,509;BR-163/MT;Norte;Colisão Lateral;1;2;;;;;1
11/12/2020;10:35:00;129;AC02 - ACIDENTE COM VÍTIMA;469,137;BR-364/MT;Sul;Saida de Pista;1;0;1;1;;;2
11/12/2020;13:37:00;166;AC03 - ACIDENTE SEM VÍTIMA;203,449;BR-364/MT;Norte;Choque - Poste;1;1;;;;;1
11/12/2020;21:57:00;278;AC01 - ACIDENTE COM VÍTIMA FATAL;597,788;BR-163/MT;Sul;Choque - Veiculo parado no acostamento;2;0;3;;;1;3
12/12/2020;06:17:00;55;AC02 - ACIDENTE COM VÍTIMA;266,375;BR-364/MT;Sul;Colisão Traseira;1;1;1;;;;1
12/12/2020;13:16:00;170;AC03 - ACIDENTE SEM VÍTIMA;350,692;BR-364/MT;Norte;Saida de Pista;1;2;;;;;1
12/12/2020;16:14:00;228;AC02 - ACIDENTE COM VÍTIMA;514,14;BR-070/MT;Norte;Colisão Transversal;1;17;2;;;;1
12/12/2020;18:42:00;262;AC03 - ACIDENTE SEM VÍTIMA;241,284;BR-364/MT;Sul;Colisão Lateral;1;2;;;;;1
12/12/2020;23:34:00;333;AC03 - ACIDENTE SEM VÍTIMA;513,978;BR-070/MT;Sul;Choque - Veiculo parado na pista;1;4;;;;;1
13/12/2020;04:22:00;35;AC02 - ACIDENTE COM VÍTIMA;56,598;BR-163/MT;Sul;Saida de Pista;1;0;;2;;;2
13/12/2020;05:23:00;38;AC02 - ACIDENTE COM VÍTIMA;684,628;BR-163/MT;Sul;Tombamento;1;0;1;;;;1
13/12/2020;05:54:00;41;AC02 - ACIDENTE COM VÍTIMA;349,74;BR-364/MT;Norte;Choque - Talude;1;0;1;;;;1
13/12/2020;06:15:00;42;AC03 - ACIDENTE SEM VÍTIMA;264,116;BR-364/MT;Sul;Saida de Pista;1;1;;;;;1
13/12/2020;09:09:00;76;AC03 - ACIDENTE SEM VÍTIMA;395,275;BR-364/MT;Sul;Tombamento;1;1;;;;;1
13/12/2020;14:55:00;158;AC03 - ACIDENTE SEM VÍTIMA;230,079;BR-364/MT;Norte;Capotamento;1;3;;;;;1
13/12/2020;15:35:00;169;AC03 - ACIDENTE SEM VÍTIMA;505,5;BR-364/MT;Norte;Tombamento;1;1;;;;;1
13/12/2020;20:47:00;250;AC02 - ACIDENTE COM VÍTIMA;266,418;BR-364/MT;Sul;Colisão Lateral;1;1;1;1;1;;2
14/12/2020;08:09:00;88;AC03 - ACIDENTE SEM VÍTIMA;504,493;BR-070/MT;Sul;Colisão Frontal;1;2;;;;;1
14/12/2020;11:13:00;162;AC03 - ACIDENTE SEM VÍTIMA;611,916;BR-163/MT;Norte;Tombamento;1;1;;;;;1
14/12/2020;15:11:00;220;AC03 - ACIDENTE SEM VÍTIMA;528,563;BR-163/MT;Sul;Tombamento;1;1;;;;;1
14/12/2020;15:38:00;229;AC03 - ACIDENTE SEM VÍTIMA;250,654;BR-364/MT;Sul;Saida de Pista;1;1;;;;;1
14/12/2020;19:04:00;283;AC03 - ACIDENTE SEM VÍTIMA;220,956;BR-364/MT;Sul;Atropelamento de Animal;1;2;;;;;1
14/12/2020;23:37:00;328;AC02 - ACIDENTE COM VÍTIMA;751,074;BR-163/MT;Norte;Choque - Veiculo parado no acostamento;1;1;1;;;;1
15/12/2020;07:16:00;73;AC03 - ACIDENTE SEM VÍTIMA;205,837;BR-364/MT;Sul;Colisão Traseira;1;2;;;;;1
15/12/2020;13:41:00;207;AC03 - ACIDENTE SEM VÍTIMA;349,733;BR-364/MT;Norte;Colisão Traseira;2;2;;;;;1
15/12/2020;17:47:00;282;AC03 - ACIDENTE SEM VÍTIMA;202,395;BR-364/MT;Sul;Colisão Traseira;1;6;;;;;1
16/12/2020;07:04:00;59;AC03 - ACIDENTE SEM VÍTIMA;468,74;BR-364/MT;Sul;Colisão Traseira;2;2;;;;;1
16/12/2020;07:58:00;76;AC03 - ACIDENTE SEM VÍTIMA;118,55;BR-163/MT;Norte;Colisão Lateral;1;2;;;;;1
16/12/2020;11:10:00;147;AC03 - ACIDENTE SEM VÍTIMA;205,871;BR-364/MT;Norte;Colisão Traseira;2;2;;;;;1
16/12/2020;14:05:00;196;AC03 - ACIDENTE SEM VÍTIMA;285,559;BR-364/MT;Sul;Tombamento;1;1;;;;;1
17/12/2020;08:24:00;109;AC02 - ACIDENTE COM VÍTIMA;519,09;BR-070/MT;Norte;Colisão Traseira;2;1;1;;;;1
17/12/2020;13:29:00;213;AC03 - ACIDENTE SEM VÍTIMA;664,553;BR-163/MT;Norte;Colisão Traseira;1;5;;;;;1
17/12/2020;19:42:00;317;AC03 - ACIDENTE SEM VÍTIMA;398,135;BR-364/MT;Norte;Colisão Lateral;1;2;;;;;1
17/12/2020;20:55:00;336;AC02 - ACIDENTE COM VÍTIMA;349,858;BR-364/MT;Sul;Colisão Traseira;2;3;1;;;;1
17/12/2020;22:55:00;357;AC03 - ACIDENTE SEM VÍTIMA;439,559;BR-364/MT;Sul;Tombamento;1;1;;;;;1
18/12/2020;09:22:00;147;AC03 - ACIDENTE SEM VÍTIMA;581,526;BR-364/MT;Norte;Colisão Lateral;2;4;;;;;1
18/12/2020;11:58:00;194;AC02 - ACIDENTE COM VÍTIMA;601,776;BR-163/MT;Norte;Colisão Traseira;1;2;2;;;;1
18/12/2020;14:07:00;227;AC03 - ACIDENTE SEM VÍTIMA;240,545;BR-364/MT;Sul;Saida de Pista;1;1;;;;;1
18/12/2020;14:12:00;232;AC03 - ACIDENTE SEM VÍTIMA;557,474;BR-364/MT;Sul;Colisão Transversal;1;2;;;;;1
18/12/2020;17:57:00;308;AC03 - ACIDENTE SEM VÍTIMA;262,85;BR-364/MT;Norte;Saida de Pista;1;2;;;;;1
18/12/2020;18:01:00;309;AC03 - ACIDENTE SEM VÍTIMA;377,413;BR-364/MT;Norte;Saida de Pista;1;1;;;;;1
18/12/2020;21:05:00;353;AC02 - ACIDENTE COM VÍTIMA;829,838;BR-163/MT;Sul;Choque - Veiculo parado no acostamento;1;1;1;;;;1
19/12/2020;05:58:00;61;AC03 - ACIDENTE SEM VÍTIMA;274,743;BR-364/MT;Norte;Colisão Transversal;1;2;;;;;1
19/12/2020;07:37:00;93;AC02 - ACIDENTE COM VÍTIMA;714,324;BR-163/MT;Sul;Colisão Transversal;1;1;1;;;;1
19/12/2020;08:49:00;115;AC03 - ACIDENTE SEM VÍTIMA;538,93;BR-163/MT;Sul;Colisão Traseira;1;2;;;;;1
19/12/2020;19:44:00;314;AC02 - ACIDENTE COM VÍTIMA;515,215;BR-070/MT;Norte;Colisão Transversal;1;1;1;1;1;;2
20/12/2020;14:24:00;198;AC03 - ACIDENTE SEM VÍTIMA;348,101;BR-364/MT;Sul;Saida de Pista;1;1;;;;;1
20/12/2020;15:53:00;221;AC03 - ACIDENTE SEM VÍTIMA;659,472;BR-163/MT;Norte;Colisão Lateral;1;3;;;;;1
21/12/2020;00:01:00;1;AC03 - ACIDENTE SEM VÍTIMA;391,102;BR-364/MT;Norte;Saida de Pista;1;1;;;;;1
21/12/2020;00:39:00;5;AC01 - ACIDENTE COM VÍTIMA FATAL;778,051;BR-163/MT;Sul;Colisão Frontal;1;1;;;;1;3
21/12/2020;04:09:00;33;AC03 - ACIDENTE SEM VÍTIMA;700,638;BR-163/MT;Norte;Colisão Transversal;1;5;;;;;1
21/12/2020;08:35:00;101;AC03 - ACIDENTE SEM VÍTIMA;257,101;BR-364/MT;Sul;Colisão Lateral;1;3;;;;;1