data;horario;n_da_ocorrencia;tipo_de_ocorrencia;km;trecho;sentido;tipo_de_acidente;caminhao;ilesos;levemente_feridos;moderadamente_feridos;gravemente_feridos;mortos;3
21/12/2020;12:00:00;156;AC02 - ACIDENTE COM VÍTIMA;357,681;BR-364/MT;Sul;Tombamento;1;1;1;;;;1
21/12/2020;17:15:00;250;AC03 - ACIDENTE SEM VÍTIMA;517,005;BR-070/MT;Norte;Colisão Transversal;1;4;;;;;1
21/12/2020;23:35:00;317;AC03 - ACIDENTE SEM VÍTIMA;348,088;BR-364/MT;Norte;Colisão Traseira;2;2;;;;;1
22/12/2020;07:13:00;69;AC03 - ACIDENTE SEM VÍTIMA;517,612;BR-163/MT;Norte;Saida de Pista;1;1;;;;;1
22/12/2020;09:00:00;105;AC03 - ACIDENTE SEM VÍTIMA;356,611;BR-364/MT;Sul;Saida de Pista;1;1;;;;;1
23/12/2020;07:50:00;73;AC03 - ACIDENTE SEM VÍTIMA;539,5;BR-163/MT;Norte;Tombamento;1;1;;;;;1
23/12/2020;08:36:00;96;AC02 - ACIDENTE COM VÍTIMA;523,226;BR-070/MT;Norte;Colisão Transversal;1;1;1;;;;1
23/12/2020;13:40:00;186;AC03 - ACIDENTE SEM VÍTIMA;750,165;BR-163/MT;Sul;Colisão Traseira;1;2;;;;;1
23/12/2020;17:14:00;251;AC02 - ACIDENTE COM VÍTIMA;103,616;BR-163/MT;Norte;Colisão Traseira;1;1;1;;;;1
24/12/2020;01:15:00;7;AC03 - ACIDENTE SEM VÍTIMA;532,451;BR-163/MT;Norte;Tombamento;1;1;;;;;1
24/12/2020;15:39:00;206;AC03 - ACIDENTE SEM VÍTIMA;398,719;BR-364/MT;Norte;Colisão Transversal;1;2;;;;;1
26/12/2020;10:08:00;90;AC03 - ACIDENTE SEM VÍTIMA;330,906;BR-364/MT;Sul;Tombamento;1;1;;;;;1
27/12/2020;09:17:00;80;AC03 - ACIDENTE SEM VÍTIMA;349,514;BR-364/MT;Norte;Colisão Traseira;1;6;;;;;1
27/12/2020;12:28:00;110;AC03 - ACIDENTE SEM VÍTIMA;470,505;BR-364/MT;Norte;Colisão Lateral;1;5;;;;;1
28/12/2020;13:48:00;217;AC03 - ACIDENTE SEM VÍTIMA;691,151;BR-163/MT;Norte;Colisão Transversal;2;2;;;;;1
28/12/2020;15:28:00;241;AC03 - ACIDENTE SEM VÍTIMA;766,793;BR-163/MT;Norte;Colisão Traseira;1;6;;;;;1
29/12/2020;02:46:00;35;AC03 - ACIDENTE SEM VÍTIMA;1,3;BR-163/MT;Norte;Tombamento;1;1;;;;;1
29/12/2020;08:32:00;93;AC03 - ACIDENTE SEM VÍTIMA;654,754;BR-163/MT;Norte;Saida de Pista;1;1;;;;;1
29/12/2020;19:55:00;272;AC01 - ACIDENTE COM VÍTIMA FATAL;392,286;BR-364/MT;Norte;Atropelamento - Usuário;1;3;;;;1;3
29/12/2020;23:18:00;306;AC03 - ACIDENTE SEM VÍTIMA;101,5;BR-163/MT;Norte;Tombamento;1;1;;;;;1
30/12/2020;08:25:00;89;AC01 - ACIDENTE COM VÍTIMA FATAL;348,411;BR-364/MT;Norte;Tombamento;1;0;;;;1;3
30/12/2020;18:33:00;282;AC03 - ACIDENTE SEM VÍTIMA;98,828;BR-163/MT;Norte;Engavetamento;2;8;;;;;1
31/12/2020;13:25:00;145;AC03 - ACIDENTE SEM VÍTIMA;829,267;BR-163/MT;Norte;Colisão Lateral;1;5;;;;;1
28/12/2020;13:48:00;217;AC03 - ACIDENTE SEM VÍTIMA;691,151;BR-163/MT;Norte;Colisão Lateral;2;2;;;;;1
28/12/2020;15:28:00;241;AC03 - ACIDENTE SEM VÍTIMA;766,793;BR-163/MT;Norte;Colisão Traseira;1;6;;;;;1
29/12/2020;02:46:00;35;AC03 - ACIDENTE SEM VÍTIMA;1,3;BR-163/MT;Norte;Tombamento;1;1;;;;;1
29/12/2020;08:32:00;93;AC03 - ACIDENTE SEM VÍTIMA;654,754;BR-163/MT;Norte;Saida de Pista;1;1;;;;;1
29/12/2020;19:55:00;272;AC01 - ACIDENTE COM VÍTIMA FATAL;392,286;BR-364/MT;Norte;Atropelamento - Usuário;1;3;;;;1;3
29/12/2020;23:18:00;306;AC03 - ACIDENTE SEM VÍTIMA;101,5;BR-163/MT;Norte;Tombamento;1;1;;;;;1
30/12/2020;08:25:00;89;AC01 - ACIDENTE COM VÍTIMA FATAL;348,411;BR-364/MT;Norte;Tombamento;1;0;;;;1;3
30/12/2020;18:33:00;282;AC03 - ACIDENTE SEM VÍTIMA;98,828;BR-163/MT;Norte;Engavetamento;2;8;;;;;1
31/12/2020;13:25:00;145;AC03 - ACIDENTE SEM VÍTIMA;829,267;BR-163/MT;Norte;Colisão Lateral;1;5;;;;;1
02/01/2021;05:38:00;30;AC03 - ACIDENTE SEM VÍTIMA;392,638;BR-364/MT;Norte;Saida de Pista;1;3;;;;;1
02/01/2021;09:55:00;84;AC02 - ACIDENTE COM VÍTIMA;582,882;BR-163/MT;Norte;Colisão Frontal;1;1;1;5;;;2
02/01/2021;16:18:00;192;AC03 - ACIDENTE SEM VÍTIMA;537,583;BR-163/MT;Norte;Saida de Pista;1;1;;;;;1
02/01/2021;18:24:00;215;AC02 - ACIDENTE COM VÍTIMA;262,04;BR-364/MT;Norte;Colisão Traseira;1;1;1;;;;1
02/01/2021;23:53:00;253;AC03 - ACIDENTE SEM VÍTIMA;441,403;BR-364/MT;Sul;Colisão Lateral;2;2;;;;;1
03/01/2021;15:38:00;170;AC02 - ACIDENTE COM VÍTIMA;471,258;BR-364/MT;Norte;Tombamento;1;0;;1;;;2
03/01/2021;16:44:00;182;AC03 - ACIDENTE SEM VÍTIMA;349,736;BR-364/MT;Norte;Saida de Pista;1;1;;;;;1
04/01/2021;19:52:00;234;AC03 - ACIDENTE SEM VÍTIMA;756,5;BR-163/MT;Norte;Colisão Traseira;2;2;;;;;1
05/01/2021;14:38:00;192;AC02 - ACIDENTE COM VÍTIMA;259,101;BR-364/MT;Sul;Saida de Pista;1;1;1;;;;1
06/01/2021;10:20:00;146;AC03 - ACIDENTE SEM VÍTIMA;228,279;BR-364/MT;Norte;Colisão Lateral;1;3;;;;;1
06/01/2021;13:35:00;192;AC03 - ACIDENTE SEM VÍTIMA;539,658;BR-163/MT;Norte;Saida de Pista;1;1;;;;;1
07/01/2021;05:29:00;36;AC03 - ACIDENTE SEM VÍTIMA;683,745;BR-163/MT;Sul;Colisão Lateral;1;6;;;;;1
07/01/2021;11:06:00;137;AC02 - ACIDENTE COM VÍTIMA;511,698;BR-070/MT;Norte;Colisão Traseira;1;2;;;1;;2
07/01/2021;16:24:00;204;AC03 - ACIDENTE SEM VÍTIMA;832,6;BR-163/MT;Sul;Colisão Lateral;1;2;;;;;1
08/01/2021;03:14:00;14;AC02 - ACIDENTE COM VÍTIMA;598,473;BR-163/MT;Norte;Tombamento;1;0;1;;;;1
08/01/2021;08:13:00;81;AC03 - ACIDENTE SEM VÍTIMA;271,758;BR-364/MT;Sul;Tombamento;1;3;;;;;1
08/01/2021;14:09:00;204;AC02 - ACIDENTE COM VÍTIMA;630,208;BR-163/MT;Norte;Colisão Traseira;2;1;;1;;;2
08/01/2021;15:46:00;232;AC03 - ACIDENTE SEM VÍTIMA;513,715;BR-070/MT;Sul;Colisão Traseira;1;6;;;;;1
08/01/2021;17:25:00;268;AC02 - ACIDENTE COM VÍTIMA;831,5;BR-163/MT;Sul;Colisão Frontal;1;1;;1;;;2
09/01/2021;02:23:00;22;AC02 - ACIDENTE COM VÍTIMA;264,117;BR-364/MT;Sul;Capotamento;1;0;1;;;;1
09/01/2021;10:33:00;126;AC03 - ACIDENTE SEM VÍTIMA;579,226;BR-364/MT;Sul;Colisão Traseira;1;4;;;;;1
09/01/2021;12:27:00;153;AC03 - ACIDENTE SEM VÍTIMA;530,552;BR-364/MT;Sul;Tombamento;1;1;;;;;1
10/01/2021;05:28:00;29;AC03 - ACIDENTE SEM VÍTIMA;517,105;BR-163/MT;Norte;Saida de Pista;1;1;;;;;1
10/01/2021;06:29:00;46;AC03 - ACIDENTE SEM VÍTIMA;527,164;BR-163/MT;Norte;Tombamento;1;1;;;;;1
10/01/2021;07:02:00;51;AC03 - ACIDENTE SEM VÍTIMA;355,35;BR-364/MT;Norte;Tombamento;1;1;;;;;1
11/01/2021;12:18:00;171;AC03 - ACIDENTE SEM VÍTIMA;547,001;BR-163/MT;Sul;Colisão Lateral;2;2;;;;;1
11/01/2021;13:06:00;181;AC03 - ACIDENTE SEM VÍTIMA;816,57;BR-163/MT;Sul;Colisão Transversal;1;2;;;;;1
12/01/2021;06:12:00;33;AC03 - ACIDENTE SEM VÍTIMA;464,692;BR-364/MT;Sul;Tombamento;1;1;;;;;1
12/01/2021;11:07:00;144;AC03 - ACIDENTE SEM VÍTIMA;117,96;BR-163/MT;Norte;Tombamento;1;1;;;;;1
12/01/2021;11:48:00;153;AC03 - ACIDENTE SEM VÍTIMA;662,6;BR-163/MT;Sul;Colisão Traseira;2;2;;;;;1
12/01/2021;12:20:00;157;AC03 - ACIDENTE SEM VÍTIMA;277,359;BR-364/MT;Sul;Saida de Pista;1;1;;;;;1
12/01/2021;12:24:00;158;AC03 - ACIDENTE SEM VÍTIMA;662,6;BR-163/MT;Norte;Saida de Pista;1;1;;;;;1
12/01/2021;18:21:00;253;AC02 - ACIDENTE COM VÍTIMA;236,677;BR-364/MT;Sul;Colisão Lateral;1;1;;1;;;2
12/01/2021;20:57:00;274;AC03 - ACIDENTE SEM VÍTIMA;590,083;BR-163/MT;Sul;Tombamento;1;3;;;;;1
12/01/2021;22:49:00;292;AC02 - ACIDENTE COM VÍTIMA;442,117;BR-364/MT;Sul;Tombamento;1;0;1;;;;1
13/01/2021;05:47:00;49;AC03 - ACIDENTE SEM VÍTIMA;439,908;BR-364/MT;Norte;Tombamento;1;1;;;;;1
13/01/2021;09:43:00;134;AC03 - ACIDENTE SEM VÍTIMA;833,979;BR-163/MT;Norte;Choque - Veiculo parado no acostamento;1;3;;;;;1
13/01/2021;10:18:00;146;AC03 - ACIDENTE SEM VÍTIMA;346,994;BR-364/MT;Norte;Choque - Talude;1;1;;;;;1
13/01/2021;10:29:00;150;AC02 - ACIDENTE COM VÍTIMA;207,002;BR-364/MT;Sul;Colisão Traseira;1;2;1;;;;1
13/01/2021;10:54:00;160;AC03 - ACIDENTE SEM VÍTIMA;562,237;BR-364/MT;Norte;Tombamento;1;1;;;;;1
13/01/2021;16:36:00;260;AC03 - ACIDENTE SEM VÍTIMA;621,264;BR-163/MT;Sul;Colisão Traseira;2;2;;;;;1
13/01/2021;17:26:00;293;AC03 - ACIDENTE SEM VÍTIMA;775,957;BR-163/MT;Sul;Colisão Traseira;2;2;;;;;1
14/01/2021;16:41:00;269;AC02 - ACIDENTE COM VÍTIMA;435,596;BR-364/MT;Norte;Colisão Traseira;1;1;1;;;;1
15/01/2021;21:35:00;304;AC03 - ACIDENTE SEM VÍTIMA;627,558;BR-163/MT;Norte;Saida de Pista;1;1;;;;;1
15/01/2021;23:19:00;320;AC01 - ACIDENTE COM VÍTIMA FATAL;436,955;BR-364/MT;Sul;Colisão Traseira;1;1;;;;1;3
16/01/2021;02:01:00;30;AC03 - ACIDENTE SEM VÍTIMA;328,439;BR-364/MT;Sul;Choque - Defensa, barreira ou "submarino";1;1;;;;;1
16/01/2021;07:41:00;83;AC03 - ACIDENTE SEM VÍTIMA;400,548;BR-364/MT;Sul;Colisão Traseira;1;5;;;;;1
16/01/2021;08:01:00;91;AC03 - ACIDENTE SEM VÍTIMA;500,988;BR-364/MT;Sul;Colisão Lateral;1;2;;;;;1
16/01/2021;08:19:00;94;AC03 - ACIDENTE SEM VÍTIMA;522,22;BR-364/MT;Norte;Tombamento;1;1;;;;;1
17/01/2021;14:33:00;131;AC03 - ACIDENTE SEM VÍTIMA;287,66;BR-364/MT;Norte;Colisão Traseira;2;2;;;;;1
17/01/2021;15:31:00;144;AC03 - ACIDENTE SEM VÍTIMA;480,771;BR-364/MT;Sul;Colisão Traseira;2;2;;;;;1
18/01/2021;02:34:00;35;AC03 - ACIDENTE SEM VÍTIMA;347,947;BR-364/MT;Sul;Colisão Traseira;1;3;;;;;1
18/01/2021;06:02:00;44;AC03 - ACIDENTE SEM VÍTIMA;288,447;BR-364/MT;Sul;Tombamento;1;1;;;;;1
18/01/2021;09:32:00;115;AC03 - ACIDENTE SEM VÍTIMA;521,534;BR-070/MT;Sul;Colisão Lateral;1;4;;;;;1
18/01/2021;10:59:00;156;AC03 - ACIDENTE SEM VÍTIMA;357,774;BR-364/MT;Sul;Saida de Pista;1;1;;;;;1
18/01/2021;11:01:00;157;AC03 - ACIDENTE SEM VÍTIMA;579,126;BR-364/MT;Norte;Colisão Traseira;1;3;;;;;1
18/01/2021;13:29:00;198;AC03 - ACIDENTE SEM VÍTIMA;277,421;BR-364/MT;Sul;Saida de Pista;1;1;;;;;1
18/01/2021;15:27:00;227;AC03 - ACIDENTE SEM VÍTIMA;349,731;BR-364/MT;Norte;Saida de Pista;1;1;;;;;1
18/01/2021;19:22:00;267;AC03 - ACIDENTE SEM VÍTIMA;346,353;BR-364/MT;Norte;Colisão Traseira;2;2;;;;;1
19/01/2021;06:44:00;46;AC03 - ACIDENTE SEM VÍTIMA;350,025;BR-364/MT;Norte;Choque - Veiculo parado no acostamento;1;2;;;;;1
19/01/2021;13:13:00;151;AC03 - ACIDENTE SEM VÍTIMA;640,732;BR-163/MT;Sul;Colisão Lateral;1;3;;;;;1
19/01/2021;18:13:00;227;AC03 - ACIDENTE SEM VÍTIMA;250,177;BR-364/MT;Sul;Colisão Traseira;1;3;;;;;1
20/01/2021;11:02:00;175;AC03 - ACIDENTE SEM VÍTIMA;354,266;BR-364/MT;Norte;Saida de Pista;1;1;;;;;1
20/01/2021;14:31:00;248;AC03 - ACIDENTE SEM VÍTIMA;341,265;BR-364/MT;Sul;Saida de Pista;1;1;;;;;1
20/01/2021;18:28:00;333;AC03 - ACIDENTE SEM VÍTIMA;664,61;BR-163/MT;Norte;Colisão Traseira;2;2;;;;;1
21/01/2021;12:19:00;188;AC03 - ACIDENTE SEM VÍTIMA;521,518;BR-070/MT;Sul;Colisão Transversal;1;2;;;;;1
21/01/2021;14:45:00;224;AC03 - ACIDENTE SEM VÍTIMA;583,187;BR-163/MT;Sul;Saida de Pista;1;1;;;;;1
21/01/2021;15:56:00;249;AC03 - ACIDENTE SEM VÍTIMA;275,965;BR-364/MT;Sul;Tombamento;1;1;;;;;1
21/01/2021;16:49:00;261;AC02 - ACIDENTE COM VÍTIMA;485,015;BR-364/MT;Sul;Colisão Lateral;1;3;2;;;;1
21/01/2021;19:33:00;306;AC03 - ACIDENTE SEM VÍTIMA;472,354;BR-364/MT;Sul;Saida de Pista;1;1;;;;;1
22/01/2021;00:22:00;2;AC03 - ACIDENTE SEM VÍTIMA;370,965;BR-364/MT;Norte;Tombamento;1;1;;;;;1
22/01/2021;09:35:00;126;AC03 - ACIDENTE SEM VÍTIMA;524,998;BR-163/MT;Norte;Tombamento;1;1;;;;;1
22/01/2021;11:28:00;179;AC03 - ACIDENTE SEM VÍTIMA;832,625;BR-163/MT;Norte;Colisão Lateral;1;2;;;;;1
22/01/2021;11:36:00;182;AC03 - ACIDENTE SEM VÍTIMA;523,852;BR-070/MT;Norte;Colisão Traseira;1;5;;;;;1
22/01/2021;13:33:00;210;AC03 - ACIDENTE SEM VÍTIMA;553,347;BR-163/MT;Norte;Saida de Pista;1;1;;;;;1
22/01/2021;15:31:00;261;AC03 - ACIDENTE SEM VÍTIMA;457,975;BR-364/MT;Norte;Tombamento;1;2;;;;;1
22/01/2021;18:26:00;307;AC03 - ACIDENTE SEM VÍTIMA;833,4;BR-163/MT;Sul;Colisão Lateral;2;2;;;;;1
23/01/2021;12:00:00;152;AC02 - ACIDENTE COM VÍTIMA;827,692;BR-163/MT;Sul;Colisão Traseira;1;1;2;;;;1
23/01/2021;15:06:00;204;AC03 - ACIDENTE SEM VÍTIMA;351,067;BR-364/MT;Norte;Tombamento;2;2;;;;;1
23/01/2021;20:08:00;273;AC03 - ACIDENTE SEM VÍTIMA;503,148;BR-070/MT;Sul;Colisão Lateral;1;4;;;;;1
24/01/2021;03:47:00;40;AC03 - ACIDENTE SEM VÍTIMA;446,255;BR-364/MT;Sul;Saida de Pista;1;1;;;;;1
24/01/2021;15:29:00;191;AC02 - ACIDENTE COM VÍTIMA;299,5;BR-364/MT;Sul;Choque - Outros;1;1;;1;;;2
24/01/2021;17:16:00;219;AC03 - ACIDENTE SEM VÍTIMA;521,905;BR-070/MT;Sul;Colisão Transversal;1;2;;;;;1
25/01/2021;13:55:00;213;AC03 - ACIDENTE SEM VÍTIMA;65,501;BR-163/MT;Norte;Saida de Pista;1;3;;;;;1
25/01/2021;13:57:00;214;AC02 - ACIDENTE COM VÍTIMA;242,404;BR-364/MT;Sul;Tombamento;1;0;2;;1;;2
25/01/2021;14:04:00;217;AC03 - ACIDENTE SEM VÍTIMA;596,706;BR-163/MT;Norte;Colisão Traseira;2;5;;;;;1
25/01/2021;16:53:00;261;AC02 - ACIDENTE COM VÍTIMA;399,044;BR-364/MT;Norte;Colisão Transversal;1;1;1;;;;1
25/01/2021;18:05:00;278;AC03 - ACIDENTE SEM VÍTIMA;349,15;BR-364/MT;Norte;Saida de Pista;1;4;;;;;1
25/01/2021;18:36:00;286;AC03 - ACIDENTE SEM VÍTIMA;348,234;BR-364/MT;Norte;Colisão Lateral;1;3;;;;;1
26/01/2021;04:31:00;38;AC03 - ACIDENTE SEM VÍTIMA;381,985;BR-364/MT;Norte;Choque - Defensa, barreira ou "submarino";1;1;;;;;1
26/01/2021;08:24:00;104;AC03 - ACIDENTE SEM VÍTIMA;766,754;BR-163/MT;Norte;Colisão Traseira;2;2;;;;;1
26/01/2021;20:13:00;311;AC03 - ACIDENTE SEM VÍTIMA;784,5;BR-163/MT;Norte;Colisão Traseira;1;2;;;;;1
26/01/2021;20:58:00;319;AC03 - ACIDENTE SEM VÍTIMA;343,275;BR-364/MT;Sul;Saida de Pista;1;1;;;;;1
26/01/2021;22:00:00;325;AC03 - ACIDENTE SEM VÍTIMA;395,286;BR-364/MT;Norte;Tombamento;1;1;;;;;1
27/01/2021;01:26:00;4;AC03 - ACIDENTE SEM VÍTIMA;392,258;BR-364/MT;Norte;Saida de Pista;1;1;;;;;1
27/01/2021;15:40:00;223;AC03 - ACIDENTE SEM VÍTIMA;210,136;BR-364/MT;Sul;Colisão Lateral;1;4;;;;;1
27/01/2021;16:30:00;238;AC02 - ACIDENTE COM VÍTIMA;631,2;BR-163/MT;Sul;Tombamento;1;0;1;;;;1
27/01/2021;19:08:00;273;AC03 - ACIDENTE SEM VÍTIMA;234,081;BR-364/MT;Norte;Choque - Veiculo parado na pista;2;2;;;;;1
27/01/2021;20:24:00;292;AC02 - ACIDENTE COM VÍTIMA;835,817;BR-163/MT;Norte;Choque - Veiculo parado no acostamento;1;1;1;;;;1
28/01/2021;06:27:00;53;AC02 - ACIDENTE COM VÍTIMA;566,384;BR-163/MT;Sul;Tombamento;1;0;1;;;;1
28/01/2021;08:48:00;103;AC03 - ACIDENTE SEM VÍTIMA;202,491;BR-364/MT;Norte;Colisão Traseira;2;4;;;;;1
28/01/2021;15:18:00;242;AC03 - ACIDENTE SEM VÍTIMA;746,385;BR-163/MT;Sul;Colisão Lateral;1;2;;;;;1
28/01/2021;16:35:00;265;AC02 - ACIDENTE COM VÍTIMA;269,826;BR-364/MT;Sul;Colisão Transversal;1;1;1;;;;1
28/01/2021;17:20:00;276;AC03 - ACIDENTE SEM VÍTIMA;782,531;BR-163/MT;Sul;Colisão Traseira;2;2;;;;;1
29/01/2021;00:30:00;3;AC02 - ACIDENTE COM VÍTIMA;582,98;BR-163/MT;Sul;Tombamento;1;0;1;;;;1
29/01/2021;06:35:00;57;AC03 - ACIDENTE SEM VÍTIMA;523,982;BR-070/MT;Sul;Tombamento;1;1;;;;;1
29/01/2021;09:56:00;142;AC02 - ACIDENTE COM VÍTIMA;97,692;BR-163/MT;Sul;Tombamento;1;0;1;;;;1
29/01/2021;12:54:00;197;AC03 - ACIDENTE SEM VÍTIMA;574,797;BR-163/MT;Sul;Colisão Traseira;2;2;;;;;1
29/01/2021;13:43:00;217;AC03 - ACIDENTE SEM VÍTIMA;703,101;BR-163/MT;Norte;Colisão Transversal;1;2;;;;;1
29/01/2021;15:27:00;256;AC03 - ACIDENTE SEM VÍTIMA;511,326;BR-070/MT;Norte;Colisão Traseira;2;3;;;;;1
29/01/2021;17:34:00;302;AC02 - ACIDENTE COM VÍTIMA;633,701;BR-163/MT;Sul;Tombamento;1;0;1;;;;1
29/01/2021;18:42:00;320;AC03 - ACIDENTE SEM VÍTIMA;781,15;BR-163/MT;Norte;Engavetamento;1;4;;;;;1
29/01/2021;18:51:00;325;AC03 - ACIDENTE SEM VÍTIMA;516,98;BR-070/MT;Norte;Colisão Lateral;1;2;;;;;1
30/01/2021;04:02:00;42;AC03 - ACIDENTE SEM VÍTIMA;582,963;BR-163/MT;Norte;Tombamento;1;1;;;;;1
30/01/2021;10:09:00;139;AC03 - ACIDENTE SEM VÍTIMA;475,209;BR-364/MT;Norte;Colisão Lateral;1;2;;;;;1
30/01/2021;13:58:00;205;AC03 - ACIDENTE SEM VÍTIMA;522,898;BR-070/MT;Norte;Colisão Transversal;1;3;;;;;1
30/01/2021;15:18:00;232;AC03 - ACIDENTE SEM VÍTIMA;452,667;BR-364/MT;Sul;Colisão Traseira;1;2;;;;;1
31/01/2021;07:43:00;81;AC03 - ACIDENTE SEM VÍTIMA;473,968;BR-364/MT;Norte;Colisão Lateral;1;2;;;;;1
31/01/2021;18:24:00;228;AC03 - ACIDENTE SEM VÍTIMA;514,071;BR-070/MT;Sul;Colisão Transversal;1;2;;;;;1
01/02/2021;04:15:00;30;AC03 - ACIDENTE SEM VÍTIMA;690,187;BR-163/MT;Norte;Colisão Traseira;2;2;;;;;1
01/02/2021;19:19:00;323;AC02 - ACIDENTE COM VÍTIMA;435,847;BR-364/MT;Sul;Colisão Transversal;1;0;2;;1;;2
02/02/2021;08:29:00;95;AC03 - ACIDENTE SEM VÍTIMA;523,014;BR-070/MT;Norte;Colisão Lateral;1;2;;;;;1
02/02/2021;11:30:00;173;AC03 - ACIDENTE SEM VÍTIMA;844,045;BR-163/MT;Norte;Colisão Traseira;1;2;;;;;1
02/02/2021;11:43:00;178;AC03 - ACIDENTE SEM VÍTIMA;346,898;BR-364/MT;Norte;Colisão Traseira;2;2;;;;;1
03/02/2021;00:13:00;1;AC03 - ACIDENTE SEM VÍTIMA;351,424;BR-364/MT;Norte;Colisão Traseira;2;3;;;;;1
03/02/2021;02:41:00;20;AC03 - ACIDENTE SEM VÍTIMA;842,073;BR-163/MT;Sul;Colisão Traseira;1;2;;;;;1
03/02/2021;03:59:00;26;AC03 - ACIDENTE SEM VÍTIMA;247,957;BR-364/MT;Norte;Colisão Traseira;2;2;;;;;1
03/02/2021;05:17:00;41;AC03 - ACIDENTE SEM VÍTIMA;364,933;BR-364/MT;Norte;Tombamento;1;1;;;;;1
03/02/2021;14:05:00;223;AC03 - ACIDENTE SEM VÍTIMA;439,932;BR-364/MT;Sul;Tombamento;1;1;;;;;1
03/02/2021;15:05:00;241;AC03 - ACIDENTE SEM VÍTIMA;567,182;BR-364/MT;Norte;Saida de Pista;1;1;;;;;1
03/02/2021;15:37:00;248;AC03 - ACIDENTE SEM VÍTIMA;601,158;BR-163/MT;Norte;Tombamento;1;1;;;;;1
03/02/2021;15:40:00;250;AC03 - ACIDENTE SEM VÍTIMA;348,505;BR-364/MT;Norte;Tombamento;1;1;;;;;1
03/02/2021;15:52:00;257;AC03 - ACIDENTE SEM VÍTIMA;586,499;BR-364/MT;Norte;Tombamento;1;1;;;;;1
03/02/2021;16:44:00;275;AC03 - ACIDENTE SEM VÍTIMA;233,992;BR-364/MT;Norte;Saida de Pista;1;1;;;;;1
04/02/2021;08:21:00;86;AC03 - ACIDENTE SEM VÍTIMA;568,285;BR-364/MT;Sul;Colisão Traseira;1;2;;;;;1
04/02/2021;11:18:00;165;AC03 - ACIDENTE SEM VÍTIMA;748,99;BR-163/MT;Norte;Colisão Lateral;1;2;;;;;1
04/02/2021;11:26:00;167;AC03 - ACIDENTE SEM VÍTIMA;333,318;BR-364/MT;Sul;Colisão Traseira;1;2;;;;;1
04/02/2021;20:09:00;304;AC03 - ACIDENTE SEM VÍTIMA;736,226;BR-163/MT;Norte;Tombamento;1;1;;;;;1
05/02/2021;08:03:00;74;AC03 - ACIDENTE SEM VÍTIMA;514,384;BR-070/MT;Sul;Colisão Transversal;1;2;;;;;1
05/02/2021;08:40:00;90;AC02 - ACIDENTE COM VÍTIMA;610,94;BR-163/MT;Norte;Engavetamento;1;3;2;2;;;2
05/02/2021;09:29:00;104;AC03 - ACIDENTE SEM VÍTIMA;518,372;BR-070/MT;Norte;Colisão Traseira;2;2;;;;;1
05/02/2021;09:54:00;112;AC03 - ACIDENTE SEM VÍTIMA;603,772;BR-163/MT;Norte;Saida de Pista;1;1;;;;;1
05/02/2021;11:22:00;145;AC03 - ACIDENTE SEM VÍTIMA;519,98;BR-070/MT;Sul;Colisão Traseira;2;3;;;;;1
05/02/2021;12:29:00;152;AC03 - ACIDENTE SEM VÍTIMA;283,248;BR-364/MT;Sul;Colisão Traseira;1;2;;;;;1
05/02/2021;14:44:00;189;AC03 - ACIDENTE SEM VÍTIMA;585,721;BR-364/MT;Norte;Colisão Traseira;1;2;;;;;1
05/02/2021;16:53:00;234;AC02 - ACIDENTE COM VÍTIMA;696,205;BR-163/MT;Norte;Colisão Traseira;1;1;1;;;;1
05/02/2021;17:29:00;241;AC03 - ACIDENTE SEM VÍTIMA;837,5;BR-163/MT;Norte;Tombamento;1;1;;;;;1
05/02/2021;17:52:00;248;AC03 - ACIDENTE SEM VÍTIMA;201,375;BR-364/MT;Norte;Colisão Lateral;1;4;;;;;1
05/02/2021;18:08:00;251;AC02 - ACIDENTE COM VÍTIMA;511,382;BR-070/MT;Norte;Colisão Transversal;1;2;1;;;;1
06/02/2021;10:57:00;127;AC03 - ACIDENTE SEM VÍTIMA;824,201;BR-163/MT;Norte;Colisão Lateral;2;4;;;;;1
06/02/2021;12:14:00;151;AC03 - ACIDENTE SEM VÍTIMA;646,013;BR-163/MT;Sul;Capotamento;1;1;;;;;1
06/02/2021;19:46:00;274;AC03 - ACIDENTE SEM VÍTIMA;203,858;BR-364/MT;Sul;Saida de Pista;1;2;;;;;1
07/02/2021;11:09:00;124;AC02 - ACIDENTE COM VÍTIMA;649,99;BR-163/MT;Sul;Engavetamento;2;10;2;;;;1
07/02/2021;13:17:00;155;AC03 - ACIDENTE SEM VÍTIMA;530,62;BR-163/MT;Norte;Colisão Lateral;1;3;;;;;1
07/02/2021;19:41:00;257;AC03 - ACIDENTE SEM VÍTIMA;516,124;BR-070/MT;Sul;Colisão Transversal;1;3;;;;;1
07/02/2021;23:02:00;300;AC03 - ACIDENTE SEM VÍTIMA;524,871;BR-364/MT;Norte;Saida de Pista;1;1;;;;;1
08/02/2021;07:15:00;53;AC03 - ACIDENTE SEM VÍTIMA;298,473;BR-364/MT;Sul;Engavetamento;2;3;;;;;1
08/02/2021;08:02:00;78;AC02 - ACIDENTE COM VÍTIMA;834,9;BR-163/MT;Sul;Colisão Transversal;1;1;;;1;;2
08/02/2021;10:35:00;141;AC02 - ACIDENTE COM VÍTIMA;853,397;BR-163/MT;Norte;Saida de Pista;1;1;1;;;;1
08/02/2021;11:45:00;167;AC03 - ACIDENTE SEM VÍTIMA;202,7;BR-364/MT;Sul;Engavetamento;2;8;;;;;1
08/02/2021;13:43:00;196;AC03 - ACIDENTE SEM VÍTIMA;517,029;BR-070/MT;Sul;Colisão Traseira;2;2;;;;;1
08/02/2021;15:34:00;238;AC03 - ACIDENTE SEM VÍTIMA;680,236;BR-163/MT;Sul;Engavetamento;3;3;;;;;1
08/02/2021;16:50:00;266;AC03 - ACIDENTE SEM VÍTIMA;517,324;BR-364/MT;Sul;Colisão Traseira;2;2;;;;;1
09/02/2021;00:38:00;6;AC03 - ACIDENTE SEM VÍTIMA;440,272;BR-364/MT;Norte;Saida de Pista;1;1;;;;;1
09/02/2021;06:56:00;65;AC02 - ACIDENTE COM VÍTIMA;513,964;BR-070/MT;Sul;Colisão Traseira;1;1;1;;;;1
09/02/2021;10:03:00;145;AC03 - ACIDENTE SEM VÍTIMA;550,338;BR-163/MT;Sul;Colisão Traseira;2;2;;;;;1
09/02/2021;16:16:00;279;AC03 - ACIDENTE SEM VÍTIMA;209,447;BR-364/MT;Sul;Tombamento;1;1;;;;;1
09/02/2021;17:03:00;293;AC03 - ACIDENTE SEM VÍTIMA;523,742;BR-070/MT;Sul;Colisão Traseira;2;3;;;;;1
09/02/2021;20:28:00;351;AC03 - ACIDENTE SEM VÍTIMA;668,963;BR-163/MT;Norte;Tombamento;1;1;;;;;1
09/02/2021;20:42:00;358;AC02 - ACIDENTE COM VÍTIMA;672,14;BR-163/MT;Norte;Colisão Lateral;1;1;1;;;;1
10/02/2021;06:58:00;61;AC03 - ACIDENTE SEM VÍTIMA;522,216;BR-364/MT;Norte;Colisão Traseira;1;2;;;;;1
10/02/2021;07:51:00;80;AC03 - ACIDENTE SEM VÍTIMA;757,192;BR-163/MT;Norte;Colisão Traseira;1;3;;;;;1