data;horario;n_da_ocorrencia;tipo_de_ocorrencia;km;trecho;sentido;tipo_de_acidente;caminhao;ilesos;levemente_feridos;moderadamente_feridos;gravemente_feridos;mortos;3
10/02/2021;08:26:00;95;AC02 - ACIDENTE COM VÍTIMA;518,005;BR-070/MT;Norte;Colisão Transversal;1;1;;1;;;2
10/02/2021;10:49:00;157;AC03 - ACIDENTE SEM VÍTIMA;342,998;BR-364/MT;Sul;Tombamento;1;1;;;;;1
10/02/2021;17:40:00;300;AC03 - ACIDENTE SEM VÍTIMA;525,488;BR-364/MT;Norte;Colisão Traseira;1;2;;;;;1
10/02/2021;17:51:00;303;AC03 - ACIDENTE SEM VÍTIMA;117,817;BR-163/MT;Sul;Colisão Lateral;1;2;;;;;1
10/02/2021;19:16:00;323;AC02 - ACIDENTE COM VÍTIMA;203,794;BR-364/MT;Norte;Colisão Transversal;1;1;;1;;;2
11/02/2021;09:26:00;149;AC02 - ACIDENTE COM VÍTIMA;529,977;BR-364/MT;Norte;Colisão Frontal;2;1;1;;;;1
11/02/2021;22:25:00;386;AC02 - ACIDENTE COM VÍTIMA;512,115;BR-364/MT;Norte;Tombamento;1;0;;1;;;2
12/02/2021;06:29:00;55;AC03 - ACIDENTE SEM VÍTIMA;582,987;BR-163/MT;Norte;Saida de Pista;1;1;;;;;1
12/02/2021;06:40:00;61;AC03 - ACIDENTE SEM VÍTIMA;540,057;BR-163/MT;Sul;Choque - Defensa, barreira ou "submarino";1;2;;;;;1
12/02/2021;07:00:00;71;AC02 - ACIDENTE COM VÍTIMA;309,668;BR-364/MT;Norte;Colisão Lateral;1;1;1;;;;1
12/02/2021;07:09:00;74;AC03 - ACIDENTE SEM VÍTIMA;401,433;BR-364/MT;Sul;Colisão Traseira;2;2;;;;;1
12/02/2021;20:48:00;370;AC01 - ACIDENTE COM VÍTIMA FATAL;541,87;BR-364/MT;Sul;Colisão Transversal;1;2;;;;1;3
12/02/2021;21:16:00;371;AC03 - ACIDENTE SEM VÍTIMA;94,264;BR-163/MT;Sul;Choque - Veiculo parado no acostamento;2;2;;;;;1
12/02/2021;21:36:00;375;AC02 - ACIDENTE COM VÍTIMA;783,055;BR-163/MT;Sul;Colisão Transversal;1;1;1;;;;1
13/02/2021;01:25:00;13;AC03 - ACIDENTE SEM VÍTIMA;496,001;BR-070/MT;Sul;Choque - Veiculo parado no acostamento;1;2;;;;;1
13/02/2021;04:30:00;36;AC03 - ACIDENTE SEM VÍTIMA;592,757;BR-163/MT;Sul;Colisão Lateral;1;2;;;;;1
13/02/2021;06:47:00;61;AC02 - ACIDENTE COM VÍTIMA;514,055;BR-070/MT;Norte;Colisão Transversal;2;3;1;;;;1
13/02/2021;12:52:00;180;AC03 - ACIDENTE SEM VÍTIMA;714,879;BR-163/MT;Norte;Tombamento;1;1;;;;;1
13/02/2021;15:19:00;224;AC03 - ACIDENTE SEM VÍTIMA;783,237;BR-163/MT;Sul;Saida de Pista;1;1;;;;;1
13/02/2021;17:04:00;266;AC03 - ACIDENTE SEM VÍTIMA;211,6;BR-364/MT;Sul;Colisão Lateral;2;5;;;;;1
13/02/2021;19:39:00;313;AC03 - ACIDENTE SEM VÍTIMA;522,755;BR-364/MT;Sul;Colisão Traseira;2;2;;;;;1
14/02/2021;09:18:00;104;AC03 - ACIDENTE SEM VÍTIMA;514,051;BR-070/MT;Norte;Colisão Transversal;1;2;;;;;1
14/02/2021;10:02:00;113;AC03 - ACIDENTE SEM VÍTIMA;549,596;BR-163/MT;Sul;Tombamento;1;1;;;;;1
14/02/2021;12:15:00;156;AC01 - ACIDENTE COM VÍTIMA FATAL;517,449;BR-070/MT;Norte;Colisão Frontal;1;1;;;;1;3
14/02/2021;15:02:00;202;AC03 - ACIDENTE SEM VÍTIMA;771,06;BR-163/MT;Norte;Saida de Pista;1;1;;;;;1
14/02/2021;15:18:00;207;AC03 - ACIDENTE SEM VÍTIMA;576,12;BR-163/MT;Sul;Tombamento;1;1;;;;;1
14/02/2021;17:02:00;245;AC03 - ACIDENTE SEM VÍTIMA;504,368;BR-364/MT;Sul;Tombamento;1;1;;;;;1
15/02/2021;08:30:00;114;AC03 - ACIDENTE SEM VÍTIMA;221,364;BR-364/MT;Sul;Tombamento;1;1;;;;;1
15/02/2021;12:49:00;201;AC03 - ACIDENTE SEM VÍTIMA;466,711;BR-364/MT;Norte;Saida de Pista;1;1;;;;;1
15/02/2021;13:43:00;217;AC03 - ACIDENTE SEM VÍTIMA;348,078;BR-364/MT;Norte;Saida de Pista;1;1;;;;;1
15/02/2021;14:53:00;231;AC03 - ACIDENTE SEM VÍTIMA;347,929;BR-364/MT;Norte;Choque - Veiculo parado no acostamento;2;6;;;;;1
15/02/2021;18:21:00;289;AC01 - ACIDENTE COM VÍTIMA FATAL;495,57;BR-364/MT;Sul;Colisão Frontal;1;1;;1;;1;3
15/02/2021;18:28:00;291;AC03 - ACIDENTE SEM VÍTIMA;830,84;BR-163/MT;Sul;Colisão Traseira;1;3;;;;;1
15/02/2021;19:12:00;298;AC03 - ACIDENTE SEM VÍTIMA;582,982;BR-163/MT;Norte;Saida de Pista;1;1;;;;;1
15/02/2021;20:54:00;319;AC02 - ACIDENTE COM VÍTIMA;491,314;BR-364/MT;Norte;Colisão Traseira;2;2;;1;;;2
15/02/2021;21:31:00;325;AC03 - ACIDENTE SEM VÍTIMA;523,976;BR-364/MT;Sul;Colisão Traseira;2;2;;;;;1
16/02/2021;06:57:00;71;AC02 - ACIDENTE COM VÍTIMA;672,219;BR-163/MT;Norte;Colisão Lateral;3;2;;1;;;2
16/02/2021;07:40:00;83;AC02 - ACIDENTE COM VÍTIMA;269,5;BR-364/MT;Sul;Colisão Transversal;1;1;1;;;;1
16/02/2021;15:28:00;219;AC03 - ACIDENTE SEM VÍTIMA;102,621;BR-163/MT;Norte;Tombamento;1;1;;;;;1
16/02/2021;18:44:00;282;AC03 - ACIDENTE SEM VÍTIMA;686,462;BR-163/MT;Sul;Saida de Pista;1;1;;;;;1
16/02/2021;18:57:00;288;AC03 - ACIDENTE SEM VÍTIMA;498,411;BR-070/MT;Sul;Tombamento;1;1;;;;;1
17/02/2021;07:32:00;108;AC03 - ACIDENTE SEM VÍTIMA;342,959;BR-364/MT;Sul;Saida de Pista;1;1;;;;;1
17/02/2021;09:28:00;161;AC03 - ACIDENTE SEM VÍTIMA;528,992;BR-364/MT;Norte;Saida de Pista;1;2;;;;;1
17/02/2021;15:57:00;302;AC02 - ACIDENTE COM VÍTIMA;396,981;BR-364/MT;Norte;Colisão Transversal;1;1;1;;;;1
17/02/2021;17:39:00;353;AC03 - ACIDENTE SEM VÍTIMA;767,573;BR-163/MT;Sul;Colisão Traseira;2;2;;;;;1
18/02/2021;06:45:00;64;AC02 - ACIDENTE COM VÍTIMA;854,301;BR-163/MT;Norte;Colisão Transversal;1;2;1;;;;1
18/02/2021;14:29:00;245;AC03 - ACIDENTE SEM VÍTIMA;520,777;BR-364/MT;Sul;Colisão Traseira;1;2;;;;;1
18/02/2021;22:20:00;372;AC02 - ACIDENTE COM VÍTIMA;301,364;BR-364/MT;Norte;Colisão Traseira;2;1;1;;;;1
18/02/2021;22:20:00;376;AC03 - ACIDENTE SEM VÍTIMA;301,364;BR-364/MT;Norte;Saida de Pista;1;3;;;;;1
19/02/2021;06:59:00;75;AC02 - ACIDENTE COM VÍTIMA;399,891;BR-364/MT;Sul;Colisão Transversal;1;1;1;;;;1
19/02/2021;07:24:00;83;AC03 - ACIDENTE SEM VÍTIMA;349,356;BR-364/MT;Sul;Choque - Veiculo parado na pista;2;2;;;;;1
19/02/2021;09:10:00;136;AC03 - ACIDENTE SEM VÍTIMA;603,833;BR-163/MT;Norte;Saida de Pista;1;1;;;;;1
19/02/2021;10:54:00;190;AC03 - ACIDENTE SEM VÍTIMA;626,491;BR-163/MT;Sul;Saida de Pista;1;4;;;;;1
19/02/2021;12:56:00;235;AC03 - ACIDENTE SEM VÍTIMA;575,861;BR-163/MT;Sul;Colisão Traseira;1;3;;;;;1
19/02/2021;15:20:00;285;AC02 - ACIDENTE COM VÍTIMA;212,322;BR-364/MT;Sul;Tombamento;1;1;2;;;;1
19/02/2021;16:29:00;308;AC03 - ACIDENTE SEM VÍTIMA;638,733;BR-163/MT;Norte;Colisão Traseira;2;6;;;;;1
19/02/2021;18:49:00;350;AC02 - ACIDENTE COM VÍTIMA;437,275;BR-364/MT;Sul;Colisão Traseira;1;1;1;;;;1
19/02/2021;21:33:00;385;AC02 - ACIDENTE COM VÍTIMA;518,668;BR-070/MT;Norte;Colisão Traseira;1;4;1;;;;1
19/02/2021;23:43:00;406;AC01 - ACIDENTE COM VÍTIMA FATAL;522,276;BR-070/MT;Sul;Colisão Transversal;1;1;;;;1;3
20/02/2021;03:26:00;38;AC03 - ACIDENTE SEM VÍTIMA;597,303;BR-163/MT;Sul;Colisão Transversal;1;2;;;;;1
20/02/2021;09:43:00;124;AC03 - ACIDENTE SEM VÍTIMA;499,197;BR-364/MT;Norte;Colisão Traseira;1;3;;;;;1
20/02/2021;14:13:00;208;AC03 - ACIDENTE SEM VÍTIMA;634,794;BR-163/MT;Norte;Tombamento;1;2;;;;;1
20/02/2021;15:03:00;225;AC03 - ACIDENTE SEM VÍTIMA;783,781;BR-163/MT;Sul;Saida de Pista;1;1;;;;;1
20/02/2021;17:02:00;272;AC03 - ACIDENTE SEM VÍTIMA;526,877;BR-163/MT;Norte;Saida de Pista;1;1;;;;;1
20/02/2021;18:07:00;290;AC03 - ACIDENTE SEM VÍTIMA;522,02;BR-070/MT;Sul;Colisão Traseira;2;2;;;;;1
20/02/2021;19:09:00;310;AC02 - ACIDENTE COM VÍTIMA;522,748;BR-070/MT;Norte;Colisão Transversal;1;3;1;;;;1
20/02/2021;20:51:00;337;AC02 - ACIDENTE COM VÍTIMA;584,332;BR-163/MT;Sul;Colisão Lateral;1;2;;2;;;2
20/02/2021;23:14:00;361;AC01 - ACIDENTE COM VÍTIMA FATAL;827,3;BR-163/MT;Norte;Choque - Veiculo parado no acostamento;1;1;;;;1;3
21/02/2021;16:53:00;237;AC03 - ACIDENTE SEM VÍTIMA;286,098;BR-364/MT;Norte;Colisão Traseira;1;7;;;;;1
21/02/2021;18:12:00;258;AC03 - ACIDENTE SEM VÍTIMA;552,089;BR-163/MT;Norte;Saida de Pista;1;1;;;;;1
21/02/2021;19:08:00;279;AC01 - ACIDENTE COM VÍTIMA FATAL;207,81;BR-364/MT;Norte;Outros;1;1;;1;;1;3
21/02/2021;20:42:00;297;AC03 - ACIDENTE SEM VÍTIMA;1,05;BR-163/MT;Sul;Outros;1;5;;;;;1
22/02/2021;04:02:00;29;AC03 - ACIDENTE SEM VÍTIMA;580,958;BR-364/MT;Sul;Tombamento;1;1;;;;;1
22/02/2021;08:27:00;90;AC03 - ACIDENTE SEM VÍTIMA;203,708;BR-364/MT;Norte;Colisão Traseira;1;2;;;;;1
22/02/2021;09:27:00;113;AC03 - ACIDENTE SEM VÍTIMA;754,925;BR-163/MT;Norte;Colisão Lateral;2;2;;;;;1
22/02/2021;09:56:00;129;AC03 - ACIDENTE SEM VÍTIMA;377,846;BR-364/MT;Sul;Colisão Transversal;1;2;;;;;1
22/02/2021;14:41:00;229;AC03 - ACIDENTE SEM VÍTIMA;592,333;BR-163/MT;Norte;Tombamento;1;1;;;;;1
22/02/2021;14:45:00;231;AC03 - ACIDENTE SEM VÍTIMA;434,774;BR-364/MT;Sul;Colisão Traseira;1;2;;;;;1
22/02/2021;15:27:00;242;AC03 - ACIDENTE SEM VÍTIMA;783,113;BR-163/MT;Sul;Colisão Transversal;2;2;;;;;1
22/02/2021;21:47:00;333;AC03 - ACIDENTE SEM VÍTIMA;525,429;BR-163/MT;Norte;Colisão Traseira;1;2;;;;;1
22/02/2021;21:52:00;335;AC03 - ACIDENTE SEM VÍTIMA;382,432;BR-364/MT;Sul;Colisão Traseira;1;3;;;;;1
23/02/2021;00:36:00;2;AC03 - ACIDENTE SEM VÍTIMA;270,888;BR-364/MT;Sul;Colisão Traseira;1;2;;;;;1
23/02/2021;00:49:00;4;AC03 - ACIDENTE SEM VÍTIMA;559,104;BR-163/MT;Norte;Saida de Pista;1;1;;;;;1
23/02/2021;07:24:00;76;AC03 - ACIDENTE SEM VÍTIMA;816,994;BR-163/MT;Norte;Colisão Transversal;1;2;;;;;1
23/02/2021;08:31:00;105;AC03 - ACIDENTE SEM VÍTIMA;280,32;BR-364/MT;Sul;Colisão Transversal;2;2;;;;;1
23/02/2021;12:13:00;203;AC03 - ACIDENTE SEM VÍTIMA;520,484;BR-070/MT;Sul;Colisão Lateral;1;2;;;;;1
23/02/2021;13:18:00;221;AC02 - ACIDENTE COM VÍTIMA;795,622;BR-163/MT;Norte;Colisão Traseira;2;0;2;;;;1
23/02/2021;15:33:00;280;AC03 - ACIDENTE SEM VÍTIMA;529,764;BR-364/MT;Sul;Colisão Traseira;2;2;;;;;1
23/02/2021;16:50:00;312;AC03 - ACIDENTE SEM VÍTIMA;540,276;BR-163/MT;Sul;Colisão Traseira;2;2;;;;;1
23/02/2021;17:06:00;314;AC03 - ACIDENTE SEM VÍTIMA;568,547;BR-364/MT;Sul;Tombamento;1;1;;;;;1
23/02/2021;19:26:00;344;AC03 - ACIDENTE SEM VÍTIMA;434,96;BR-364/MT;Sul;Colisão Traseira;2;2;;;;;1
23/02/2021;22:04:00;376;AC03 - ACIDENTE SEM VÍTIMA;540,277;BR-163/MT;Norte;Tombamento;1;2;;;;;1
23/02/2021;22:40:00;379;AC01 - ACIDENTE COM VÍTIMA FATAL;278,432;BR-364/MT;Sul;Tombamento;1;0;1;;;1;3
23/02/2021;23:19:00;387;AC03 - ACIDENTE SEM VÍTIMA;841,5;BR-163/MT;Sul;Colisão Lateral;1;2;;;;;1
24/02/2021;07:38:00;76;AC03 - ACIDENTE SEM VÍTIMA;515;BR-070/MT;Sul;Colisão Lateral;1;2;;;;;1
24/02/2021;09:54:00;138;AC03 - ACIDENTE SEM VÍTIMA;562,064;BR-163/MT;Sul;Colisão Lateral;1;3;;;;;1
24/02/2021;10:45:00;161;AC03 - ACIDENTE SEM VÍTIMA;509,667;BR-364/MT;Sul;Colisão Traseira;2;2;;;;;1
24/02/2021;14:31:00;238;AC03 - ACIDENTE SEM VÍTIMA;472,892;BR-364/MT;Sul;Colisão Traseira;2;2;;;;;1
25/02/2021;09:21:00;105;AC03 - ACIDENTE SEM VÍTIMA;273,283;BR-364/MT;Sul;Tombamento;1;1;;;;;1
25/02/2021;09:55:00;118;AC03 - ACIDENTE SEM VÍTIMA;639,834;BR-163/MT;Norte;Colisão Lateral;2;2;;;;;1
25/02/2021;09:58:00;119;AC03 - ACIDENTE SEM VÍTIMA;837,636;BR-163/MT;Sul;Colisão Transversal;1;2;;;;;1
25/02/2021;12:13:00;165;AC03 - ACIDENTE SEM VÍTIMA;273,252;BR-364/MT;Norte;Engavetamento;1;4;;;;;1
25/02/2021;15:04:00;242;AC03 - ACIDENTE SEM VÍTIMA;503,753;BR-070/MT;Sul;Tombamento;1;1;;;;;1
25/02/2021;15:39:00;259;AC03 - ACIDENTE SEM VÍTIMA;800,36;BR-163/MT;Sul;Colisão Traseira;1;2;;;;;1
25/02/2021;19:47:00;326;AC03 - ACIDENTE SEM VÍTIMA;544,269;BR-364/MT;Norte;Choque - Outros;2;2;;;;;1
25/02/2021;22:19:00;350;AC03 - ACIDENTE SEM VÍTIMA;609,905;BR-163/MT;Norte;Colisão Transversal;1;4;;;;;1
26/02/2021;06:18:00;33;AC03 - ACIDENTE SEM VÍTIMA;458,774;BR-364/MT;Sul;Colisão Traseira;2;2;;;;;1
26/02/2021;09:08:00;97;AC02 - ACIDENTE COM VÍTIMA;740,219;BR-163/MT;Sul;Colisão Frontal;3;2;1;;;;1
26/02/2021;12:07:00;159;AC02 - ACIDENTE COM VÍTIMA;351,286;BR-364/MT;Norte;Tombamento;1;1;1;;;;1
26/02/2021;13:04:00;175;AC03 - ACIDENTE SEM VÍTIMA;523,579;BR-070/MT;Sul;Colisão Lateral;2;2;;;;;1
26/02/2021;14:01:00;196;AC03 - ACIDENTE SEM VÍTIMA;493,917;BR-364/MT;Norte;Colisão Traseira;2;2;;;;;1
26/02/2021;16:13:00;232;AC03 - ACIDENTE SEM VÍTIMA;677,86;BR-163/MT;Norte;Saida de Pista;1;2;;;;;1
26/02/2021;17:55:00;260;AC03 - ACIDENTE SEM VÍTIMA;836,067;BR-163/MT;Sul;Colisão Lateral;1;4;;;;;1
26/02/2021;18:14:00;265;AC03 - ACIDENTE SEM VÍTIMA;348,39;BR-364/MT;Norte;Saida de Pista;1;2;;;;;1
26/02/2021;18:40:00;273;AC02 - ACIDENTE COM VÍTIMA;516,2;BR-070/MT;Norte;Colisão Transversal;1;1;1;1;;;2
26/02/2021;18:42:00;275;AC03 - ACIDENTE SEM VÍTIMA;119,794;BR-163/MT;Norte;Colisão Lateral;1;3;;;;;1
26/02/2021;18:56:00;279;AC03 - ACIDENTE SEM VÍTIMA;769,125;BR-163/MT;Sul;Colisão Lateral;1;2;;;;;1
27/02/2021;00:28:00;8;AC02 - ACIDENTE COM VÍTIMA;702,184;BR-163/MT;Norte;Saida de Pista;1;0;1;;;;1
27/02/2021;14:58:00;254;AC03 - ACIDENTE SEM VÍTIMA;733,077;BR-163/MT;Sul;Colisão Lateral;1;3;;;;;1
27/02/2021;16:51:00;290;AC03 - ACIDENTE SEM VÍTIMA;642,614;BR-163/MT;Norte;Colisão Lateral;2;4;;;;;1
27/02/2021;18:12:00;311;AC02 - ACIDENTE COM VÍTIMA;575,1;BR-364/MT;Norte;Colisão Traseira;2;5;1;;;;1
28/02/2021;13:45:00;209;AC03 - ACIDENTE SEM VÍTIMA;102,552;BR-163/MT;Sul;Tombamento;1;2;;;;;1
28/02/2021;15:49:00;234;AC03 - ACIDENTE SEM VÍTIMA;521,834;BR-070/MT;Sul;Colisão Transversal;1;2;;;;;1
26/02/2021;18:14:00;265;AC03 - ACIDENTE SEM VÍTIMA;348,39;BR-364/MT;Norte;Saida de Pista;1;2;;;;;1
26/02/2021;18:40:00;273;AC02 - ACIDENTE COM VÍTIMA;516,2;BR-070/MT;Norte;Colisão Transversal;1;1;1;1;;;2
26/02/2021;18:42:00;275;AC03 - ACIDENTE SEM VÍTIMA;119,794;BR-163/MT;Norte;Colisão Lateral;1;3;;;;;1
26/02/2021;18:56:00;279;AC03 - ACIDENTE SEM VÍTIMA;769,125;BR-163/MT;Sul;Colisão Lateral;1;2;;;;;1
27/02/2021;00:28:00;8;AC02 - ACIDENTE COM VÍTIMA;702,184;BR-163/MT;Norte;Saida de Pista;1;0;1;;;;1
27/02/2021;14:58:00;254;AC03 - ACIDENTE SEM VÍTIMA;733,077;BR-163/MT;Sul;Colisão Lateral;1;3;;;;;1
27/02/2021;16:51:00;290;AC03 - ACIDENTE SEM VÍTIMA;642,614;BR-163/MT;Norte;Colisão Lateral;2;4;;;;;1
27/02/2021;18:12:00;311;AC02 - ACIDENTE COM VÍTIMA;575,1;BR-364/MT;Norte;Colisão Traseira;2;5;1;;;;1
28/02/2021;13:45:00;209;AC03 - ACIDENTE SEM VÍTIMA;102,552;BR-163/MT;Sul;Tombamento;1;2;;;;;1
28/02/2021;15:49:00;234;AC03 - ACIDENTE SEM VÍTIMA;521,834;BR-070/MT;Sul;Colisão Transversal;1;2;;;;;1
01/03/2021;05:36:00;49;AC01 - ACIDENTE COM VÍTIMA FATAL;607,147;BR-163/MT;Sul;Colisão Frontal;1;1;;;;1;3
01/03/2021;06:44:00;63;AC03 - ACIDENTE SEM VÍTIMA;117,249;BR-163/MT;Sul;Colisão Traseira;1;2;;;;;1
01/03/2021;09:38:00;139;AC03 - ACIDENTE SEM VÍTIMA;201,423;BR-364/MT;Sul;Colisão Lateral;1;5;;;;;1
01/03/2021;10:56:00;176;AC03 - ACIDENTE SEM VÍTIMA;756,674;BR-163/MT;Norte;Colisão Lateral;2;2;;;;;1
01/03/2021;11:38:00;195;AC02 - ACIDENTE COM VÍTIMA;605,673;BR-163/MT;Sul;Colisão Transversal;1;1;;1;;;2
01/03/2021;11:55:00;199;AC03 - ACIDENTE SEM VÍTIMA;95,694;BR-163/MT;Sul;Saida de Pista;1;1;;;;;1
01/03/2021;13:42:00;229;AC03 - ACIDENTE SEM VÍTIMA;538,835;BR-163/MT;Norte;Colisão Lateral;2;3;;;;;1
01/03/2021;17:44:00;295;AC03 - ACIDENTE SEM VÍTIMA;523,019;BR-070/MT;Sul;Colisão Lateral;1;2;;;;;1
01/03/2021;17:52:00;296;AC03 - ACIDENTE SEM VÍTIMA;599,532;BR-163/MT;Norte;Colisão Traseira;1;3;;;;;1
01/03/2021;18:21:00;298;AC03 - ACIDENTE SEM VÍTIMA;669,165;BR-163/MT;Norte;Colisão Traseira;2;2;;;;;1
01/03/2021;19:40:00;312;AC03 - ACIDENTE SEM VÍTIMA;108,5;BR-163/MT;Sul;Choque - Defensa, barreira ou "submarino";1;1;;;;;1
01/03/2021;20:10:00;317;AC03 - ACIDENTE SEM VÍTIMA;55,786;BR-163/MT;Norte;Capotamento;1;1;;;;;1
01/03/2021;21:35:00;340;AC03 - ACIDENTE SEM VÍTIMA;244,798;BR-364/MT;Norte;Saida de Pista;1;1;;;;;1
02/03/2021;17:15:00;277;AC03 - ACIDENTE SEM VÍTIMA;360,176;BR-364/MT;Sul;Colisão Lateral;2;2;;;;;1
02/03/2021;18:03:00;294;AC01 - ACIDENTE COM VÍTIMA FATAL;271,994;BR-364/MT;Norte;Colisão Transversal;1;1;;;;1;3
03/03/2021;14:08:00;284;AC03 - ACIDENTE SEM VÍTIMA;464,087;BR-364/MT;Sul;Saida de Pista;1;1;;;;;1
03/03/2021;14:09:00;285;AC03 - ACIDENTE SEM VÍTIMA;833,092;BR-163/MT;Norte;Colisão Traseira;1;2;;;;;1
03/03/2021;17:14:00;360;AC03 - ACIDENTE SEM VÍTIMA;464;BR-364/MT;Norte;Saida de Pista;1;1;;;;;1
04/03/2021;05:17:00;31;AC03 - ACIDENTE SEM VÍTIMA;301,887;BR-364/MT;Sul;Tombamento;1;1;;;;;1
04/03/2021;08:24:00;80;AC03 - ACIDENTE SEM VÍTIMA;101,623;BR-163/MT;Norte;Capotamento;1;1;;;;;1
04/03/2021;11:47:00;178;AC02 - ACIDENTE COM VÍTIMA;435,9;BR-364/MT;Sul;Colisão Transversal;1;1;;1;;;2
04/03/2021;12:51:00;192;AC03 - ACIDENTE SEM VÍTIMA;499,637;BR-364/MT;Norte;Colisão Lateral;2;2;;;;;1
04/03/2021;13:16:00;198;AC03 - ACIDENTE SEM VÍTIMA;388,77;BR-364/MT;Sul;Colisão Traseira;2;2;;;;;1
04/03/2021;15:17:00;241;AC03 - ACIDENTE SEM VÍTIMA;551,569;BR-163/MT;Sul;Saida de Pista;1;1;;;;;1
04/03/2021;23:00:00;376;AC02 - ACIDENTE COM VÍTIMA;678,918;BR-163/MT;Norte;Tombamento;1;1;1;;;;1
05/03/2021;10:46:00;139;AC02 - ACIDENTE COM VÍTIMA;514,228;BR-163/MT;Sul;Colisão Traseira;2;1;1;;;;1
05/03/2021;12:20:00;165;AC03 - ACIDENTE SEM VÍTIMA;517,142;BR-163/MT;Norte;Tombamento;1;1;;;;;1
05/03/2021;13:44:00;185;AC03 - ACIDENTE SEM VÍTIMA;291,137;BR-364/MT;Norte;Saida de Pista;1;1;;;;;1
05/03/2021;14:53:00;209;AC03 - ACIDENTE SEM VÍTIMA;575,366;BR-163/MT;Norte;Engavetamento;3;4;;;;;1
05/03/2021;15:41:00;225;AC03 - ACIDENTE SEM VÍTIMA;495,184;BR-364/MT;Sul;Engavetamento;2;3;;;;;1
05/03/2021;18:40:00;271;AC02 - ACIDENTE COM VÍTIMA;542,39;BR-364/MT;Sul;Atropelamento - Ciclista;1;1;1;;;;1
06/03/2021;06:33:00;26;AC02 - ACIDENTE COM VÍTIMA;615,749;BR-163/MT;Norte;Colisão Lateral;2;2;1;;;;1
06/03/2021;06:41:00;28;AC03 - ACIDENTE SEM VÍTIMA;529,736;BR-364/MT;Sul;Engavetamento;2;46;;;;;1
06/03/2021;13:07:00;160;AC02 - ACIDENTE COM VÍTIMA;663,869;BR-163/MT;Sul;Tombamento;1;0;1;;;;1
06/03/2021;13:53:00;172;AC03 - ACIDENTE SEM VÍTIMA;548,579;BR-364/MT;Sul;Saida de Pista;1;2;;;;;1
06/03/2021;15:35:00;195;AC03 - ACIDENTE SEM VÍTIMA;250,2;BR-364/MT;Sul;Colisão Traseira;1;4;;;;;1
06/03/2021;16:54:00;212;AC02 - ACIDENTE COM VÍTIMA;349,738;BR-364/MT;Norte;Tombamento;1;0;;2;;;2
06/03/2021;16:59:00;214;AC03 - ACIDENTE SEM VÍTIMA;521,342;BR-070/MT;Sul;Colisão Lateral;1;2;;;;;1
06/03/2021;17:12:00;219;AC01 - ACIDENTE COM VÍTIMA FATAL;299,442;BR-364/MT;Sul;Choque - Veiculo parado no acostamento;2;1;;;;1;3
06/03/2021;22:08:00;289;AC03 - ACIDENTE SEM VÍTIMA;766,112;BR-163/MT;Sul;Colisão Traseira;2;2;;;;;1
07/03/2021;04:00:00;28;AC03 - ACIDENTE SEM VÍTIMA;374,413;BR-364/MT;Norte;Saida de Pista;1;1;;;;;1
07/03/2021;06:48:00;49;AC03 - ACIDENTE SEM VÍTIMA;827,212;BR-163/MT;Sul;Colisão Lateral;1;4;;;;;1
07/03/2021;19:13:00;236;AC03 - ACIDENTE SEM VÍTIMA;276,958;BR-364/MT;Sul;Tombamento;1;1;;;;;1
07/03/2021;21:07:00;270;AC03 - ACIDENTE SEM VÍTIMA;513,976;BR-163/MT;Sul;Saida de Pista;1;2;;;;;1
07/03/2021;23:16:00;295;AC03 - ACIDENTE SEM VÍTIMA;362,735;BR-364/MT;Norte;Saida de Pista;1;1;;;;;1
08/03/2021;02:56:00;14;AC03 - ACIDENTE SEM VÍTIMA;640,8;BR-163/MT;Norte;Atropelamento de Animal;1;1;;;;;1
08/03/2021;06:04:00;31;AC03 - ACIDENTE SEM VÍTIMA;752,738;BR-163/MT;Norte;Colisão Traseira;3;3;;;;;1
08/03/2021;12:49:00;191;AC03 - ACIDENTE SEM VÍTIMA;543,8;BR-163/MT;Norte;Saida de Pista;1;1;;;;;1
08/03/2021;17:24:00;302;AC02 - ACIDENTE COM VÍTIMA;522,769;BR-070/MT;Sul;Colisão Transversal;1;1;1;1;;;2
08/03/2021;20:38:00;352;AC02 - ACIDENTE COM VÍTIMA;440,484;BR-364/MT;Norte;Saida de Pista;1;0;;1;;;2
09/03/2021;09:24:00;120;AC03 - ACIDENTE SEM VÍTIMA;767,825;BR-163/MT;Norte;Colisão Traseira;2;5;;;;;1
09/03/2021;13:31:00;221;AC02 - ACIDENTE COM VÍTIMA;536,265;BR-364/MT;Norte;Tombamento;1;0;1;;;;1
09/03/2021;15:44:00;309;AC02 - ACIDENTE COM VÍTIMA;464,162;BR-364/MT;Norte;Colisão Frontal;1;1;;1;;;2
09/03/2021;16:29:00;326;AC02 - ACIDENTE COM VÍTIMA;666,267;BR-163/MT;Norte;Tombamento;1;0;;1;;;2
10/03/2021;04:13:00;19;AC03 - ACIDENTE SEM VÍTIMA;584,037;BR-364/MT;Norte;Tombamento;1;1;;;;;1
10/03/2021;11:44:00;177;AC02 - ACIDENTE COM VÍTIMA;440,276;BR-364/MT;Norte;Colisão Frontal;1;1;;1;;;2
10/03/2021;22:59:00;367;AC02 - ACIDENTE COM VÍTIMA;251,805;BR-364/MT;Sul;Colisão Traseira;2;1;1;;;;1
11/03/2021;10:08:00;141;AC02 - ACIDENTE COM VÍTIMA;826,163;BR-163/MT;Norte;Colisão Traseira;1;2;1;;;;1
11/03/2021;14:32:00;230;AC02 - ACIDENTE COM VÍTIMA;93,137;BR-163/MT;Norte;Colisão Traseira;1;1;;1;;;2
12/03/2021;08:28:00;82;AC03 - ACIDENTE SEM VÍTIMA;517,034;BR-070/MT;Sul;Colisão Lateral;1;6;;;;;1
12/03/2021;10:44:00;154;AC03 - ACIDENTE SEM VÍTIMA;643,917;BR-163/MT;Norte;Colisão Lateral;1;4;;;;;1
12/03/2021;11:26:00;170;AC03 - ACIDENTE SEM VÍTIMA;573,15;BR-364/MT;Sul;Choque - Defensa, barreira ou "submarino";1;1;;;;;1
12/03/2021;12:49:00;187;AC03 - ACIDENTE SEM VÍTIMA;623,232;BR-163/MT;Sul;Tombamento;2;2;;;;;1
12/03/2021;13:42:00;199;AC03 - ACIDENTE SEM VÍTIMA;514,274;BR-163/MT;Sul;Tombamento;1;1;;;;;1
12/03/2021;13:52:00;204;AC03 - ACIDENTE SEM VÍTIMA;582,872;BR-364/MT;Norte;Saida de Pista;1;1;;;;;1
12/03/2021;13:56:00;206;AC03 - ACIDENTE SEM VÍTIMA;399,73;BR-364/MT;Sul;Colisão Lateral;1;2;;;;;1
12/03/2021;14:04:00;209;AC02 - ACIDENTE COM VÍTIMA;718,511;BR-163/MT;Sul;Colisão Frontal;1;1;;2;1;;2
12/03/2021;14:20:00;219;AC03 - ACIDENTE SEM VÍTIMA;617,1;BR-163/MT;Sul;Saida de Pista;1;3;;;;;1
12/03/2021;17:46:00;301;AC03 - ACIDENTE SEM VÍTIMA;814,202;BR-163/MT;Sul;Colisão Traseira;1;3;;;;;1
12/03/2021;19:55:00;328;AC03 - ACIDENTE SEM VÍTIMA;251,584;BR-364/MT;Norte;Saida de Pista;1;1;;;;;1