data;horario;n_da_ocorrencia;tipo_de_ocorrencia;km;trecho;sentido;tipo_de_acidente;caminhao;ilesos;levemente_feridos;moderadamente_feridos;gravemente_feridos;mortos;3
12/03/2021;22:22:00;354;AC03 - ACIDENTE SEM VÍTIMA;105,824;BR-163/MT;Norte;Saida de Pista;1;1;;;;;1
13/03/2021;04:46:00;26;AC03 - ACIDENTE SEM VÍTIMA;491,471;BR-364/MT;Norte;Atropelamento de Animal;1;1;;;;;1
13/03/2021;07:09:00;45;AC03 - ACIDENTE SEM VÍTIMA;650,035;BR-163/MT;Norte;Colisão Frontal;3;4;;;;;1
13/03/2021;08:32:00;71;AC03 - ACIDENTE SEM VÍTIMA;434,663;BR-364/MT;Norte;Colisão Lateral;1;3;;;;;1
13/03/2021;10:15:00;104;AC03 - ACIDENTE SEM VÍTIMA;522,022;BR-070/MT;Norte;Colisão Traseira;1;2;;;;;1
13/03/2021;12:56:00;153;AC03 - ACIDENTE SEM VÍTIMA;77,957;BR-163/MT;Norte;Saida de Pista;1;1;;;;;1
13/03/2021;13:51:00;165;AC01 - ACIDENTE COM VÍTIMA FATAL;439,924;BR-364/MT;Norte;Colisão Frontal;2;1;;;;1;3
13/03/2021;14:47:00;177;AC01 - ACIDENTE COM VÍTIMA FATAL;539,777;BR-163/MT;Sul;Colisão Frontal;2;1;;;;1;3
13/03/2021;18:38:00;225;AC02 - ACIDENTE COM VÍTIMA;828,7;BR-163/MT;Sul;Choque - Veiculo parado na pista;1;1;;1;;;2
13/03/2021;18:48:00;230;AC01 - ACIDENTE COM VÍTIMA FATAL;203,368;BR-364/MT;Norte;Colisão Lateral;1;1;;;;1;3
13/03/2021;22:05:00;261;AC03 - ACIDENTE SEM VÍTIMA;104,451;BR-163/MT;Sul;Saida de Pista;1;1;;;;;1
14/03/2021;03:09:00;25;AC03 - ACIDENTE SEM VÍTIMA;470,25;BR-364/MT;Sul;Tombamento;1;1;;;;;1
14/03/2021;14:50:00;174;AC03 - ACIDENTE SEM VÍTIMA;276,7;BR-364/MT;Sul;Tombamento;1;1;;;;;1
15/03/2021;00:44:00;2;AC03 - ACIDENTE SEM VÍTIMA;560,15;BR-364/MT;Norte;Saida de Pista;1;1;;;;;1
15/03/2021;12:32:00;136;AC02 - ACIDENTE COM VÍTIMA;435,791;BR-364/MT;Sul;Colisão Transversal;2;1;1;;;;1
15/03/2021;14:57:00;173;AC02 - ACIDENTE COM VÍTIMA;827,105;BR-163/MT;Norte;Colisão Transversal;1;1;;1;;;2
16/03/2021;11:12:00;131;AC03 - ACIDENTE SEM VÍTIMA;119,579;BR-163/MT;Norte;Colisão Traseira;1;4;;;;;1
16/03/2021;13:01:00;157;AC03 - ACIDENTE SEM VÍTIMA;586,075;BR-364/MT;Norte;Saida de Pista;1;1;;;;;1
16/03/2021;17:22:00;245;AC03 - ACIDENTE SEM VÍTIMA;441,63;BR-364/MT;Norte;Saida de Pista;1;1;;;;;1
16/03/2021;18:27:00;254;AC03 - ACIDENTE SEM VÍTIMA;262,8;BR-364/MT;Sul;Tombamento;1;1;;;;;1
17/03/2021;08:14:00;51;AC03 - ACIDENTE SEM VÍTIMA;766,7;BR-163/MT;Norte;Colisão Traseira;1;3;;;;;1
17/03/2021;08:34:00;57;AC02 - ACIDENTE COM VÍTIMA;349,742;BR-364/MT;Norte;Tombamento;1;0;1;;;;1
17/03/2021;11:31:00;113;AC03 - ACIDENTE SEM VÍTIMA;462,1;BR-364/MT;Norte;Tombamento;1;3;;;;;1
17/03/2021;12:01:00;122;AC03 - ACIDENTE SEM VÍTIMA;261,1;BR-364/MT;Sul;Choque - Veiculo parado no acostamento;1;2;;;;;1
17/03/2021;17:09:00;221;AC02 - ACIDENTE COM VÍTIMA;826,232;BR-163/MT;Sul;Colisão Lateral;1;2;1;;;;1
17/03/2021;19:04:00;246;AC03 - ACIDENTE SEM VÍTIMA;202,322;BR-364/MT;Sul;Colisão Lateral;1;2;;;;;1
17/03/2021;23:20:00;293;AC03 - ACIDENTE SEM VÍTIMA;16,373;BR-163/MT;Norte;Choque - Suporte de Sinalização;1;1;;;;;1
18/03/2021;03:49:00;24;AC03 - ACIDENTE SEM VÍTIMA;574,97;BR-163/MT;Norte;Tombamento;1;1;;;;;1
18/03/2021;06:07:00;39;AC03 - ACIDENTE SEM VÍTIMA;508,719;BR-364/MT;Norte;Colisão Traseira;1;2;;;;;1
18/03/2021;06:37:00;45;AC03 - ACIDENTE SEM VÍTIMA;587,257;BR-364/MT;Norte;Saida de Pista;1;1;;;;;1
18/03/2021;07:16:00;54;AC03 - ACIDENTE SEM VÍTIMA;627,119;BR-163/MT;Sul;Colisão Traseira;2;4;;;;;1
18/03/2021;10:15:00;133;AC01 - ACIDENTE COM VÍTIMA FATAL;636,281;BR-163/MT;Sul;Colisão Traseira;2;1;;;;1;3
18/03/2021;11:21:00;159;AC03 - ACIDENTE SEM VÍTIMA;33,103;BR-163/MT;Sul;Colisão Traseira;2;2;;;;;1
18/03/2021;14:58:00;225;AC03 - ACIDENTE SEM VÍTIMA;493,977;BR-364/MT;Norte;Colisão Traseira;2;2;;;;;1
18/03/2021;17:43:00;266;AC03 - ACIDENTE SEM VÍTIMA;852,966;BR-163/MT;Norte;Colisão Transversal;1;5;;;;;1
18/03/2021;19:53:00;297;AC03 - ACIDENTE SEM VÍTIMA;665,286;BR-163/MT;Norte;Tombamento;1;1;;;;;1
18/03/2021;20:04:00;301;AC03 - ACIDENTE SEM VÍTIMA;204,109;BR-364/MT;Norte;Colisão Lateral;2;3;;;;;1
19/03/2021;08:00:00;92;AC03 - ACIDENTE SEM VÍTIMA;814,146;BR-163/MT;Norte;Saida de Pista;1;1;;;;;1
19/03/2021;11:40:00;181;AC03 - ACIDENTE SEM VÍTIMA;395,271;BR-364/MT;Sul;Colisão Traseira;1;2;;;;;1
19/03/2021;11:57:00;189;AC03 - ACIDENTE SEM VÍTIMA;511,348;BR-070/MT;Norte;Engavetamento;2;3;;;;;1
19/03/2021;15:49:00;265;AC03 - ACIDENTE SEM VÍTIMA;492,318;BR-364/MT;Norte;Colisão Lateral;2;2;;;;;1
19/03/2021;19:28:00;333;AC03 - ACIDENTE SEM VÍTIMA;346,986;BR-364/MT;Norte;Colisão Lateral;2;3;;;;;1
19/03/2021;20:26:00;351;AC01 - ACIDENTE COM VÍTIMA FATAL;676,137;BR-163/MT;Sul;Colisão Traseira;1;1;3;;;1;3
19/03/2021;21:47:00;359;AC03 - ACIDENTE SEM VÍTIMA;320,02;BR-364/MT;Sul;Colisão Traseira;2;2;;;;;1
19/03/2021;22:59:00;370;AC03 - ACIDENTE SEM VÍTIMA;391,135;BR-364/MT;Sul;Tombamento;1;2;;;;;1
20/03/2021;03:06:00;18;AC03 - ACIDENTE SEM VÍTIMA;380,021;BR-364/MT;Sul;Saida de Pista;1;2;;;;;1
20/03/2021;03:19:00;19;AC02 - ACIDENTE COM VÍTIMA;644,108;BR-163/MT;Norte;Tombamento;1;0;1;;;;1
20/03/2021;07:43:00;74;AC03 - ACIDENTE SEM VÍTIMA;513,122;BR-364/MT;Sul;Engavetamento;4;5;;;;;1
20/03/2021;17:37:00;233;AC02 - ACIDENTE COM VÍTIMA;566,356;BR-163/MT;Sul;Tombamento;1;0;;1;;;2
20/03/2021;19:00:00;253;AC01 - ACIDENTE COM VÍTIMA FATAL;727,217;BR-163/MT;Norte;Colisão Frontal;1;1;1;1;;1;3
21/03/2021;07:27:00;51;AC02 - ACIDENTE COM VÍTIMA;521,605;BR-070/MT;Norte;Colisão Transversal;1;1;1;1;;;2
21/03/2021;10:10:00;114;AC03 - ACIDENTE SEM VÍTIMA;269,751;BR-364/MT;Norte;Colisão Transversal;1;6;;;;;1
21/03/2021;11:25:00;131;AC02 - ACIDENTE COM VÍTIMA;839,04;BR-163/MT;Norte;Colisão Transversal;1;1;;1;1;;2
22/03/2021;14:53:00;211;AC03 - ACIDENTE SEM VÍTIMA;252,246;BR-364/MT;Norte;Saida de Pista;1;1;;;;;1
22/03/2021;15:21:00;226;AC03 - ACIDENTE SEM VÍTIMA;657,535;BR-163/MT;Norte;Colisão Lateral;1;2;;;;;1
22/03/2021;15:39:00;235;AC03 - ACIDENTE SEM VÍTIMA;271,856;BR-364/MT;Sul;Colisão Lateral;2;3;;;;;1
22/03/2021;20:35:00;327;AC02 - ACIDENTE COM VÍTIMA;520,3;BR-364/MT;Norte;Saida de Pista;1;0;1;;;;1
22/03/2021;20:41:00;331;AC03 - ACIDENTE SEM VÍTIMA;681,551;BR-163/MT;Sul;Colisão Traseira;1;2;;;;;1
22/03/2021;21:05:00;335;AC03 - ACIDENTE SEM VÍTIMA;554,963;BR-163/MT;Sul;Tombamento;1;1;;;;;1
23/03/2021;08:12:00;67;AC03 - ACIDENTE SEM VÍTIMA;715,262;BR-163/MT;Norte;Tombamento;1;1;;;;;1
23/03/2021;09:55:00;107;AC02 - ACIDENTE COM VÍTIMA;277,43;BR-364/MT;Sul;Saida de Pista;1;0;1;;;;1
23/03/2021;12:22:00;171;AC03 - ACIDENTE SEM VÍTIMA;538,882;BR-163/MT;Norte;Tombamento;1;1;;;;;1
23/03/2021;15:17:00;231;AC02 - ACIDENTE COM VÍTIMA;435,668;BR-364/MT;Norte;Colisão Transversal;2;1;;1;;;2
23/03/2021;18:00:00;273;AC03 - ACIDENTE SEM VÍTIMA;846,31;BR-163/MT;Sul;Colisão Traseira;2;2;;;;;1
23/03/2021;18:14:00;278;AC01 - ACIDENTE COM VÍTIMA FATAL;399,705;BR-364/MT;Norte;Colisão Lateral;2;2;;;;1;3
24/03/2021;07:20:00;52;AC03 - ACIDENTE SEM VÍTIMA;348,179;BR-364/MT;Norte;Tombamento;1;1;;;;;1
25/03/2021;05:42:00;27;AC03 - ACIDENTE SEM VÍTIMA;759,723;BR-163/MT;Norte;Tombamento;1;2;;;;;1
25/03/2021;06:34:00;30;AC03 - ACIDENTE SEM VÍTIMA;327,619;BR-364/MT;Sul;Tombamento;1;1;;;;;1
25/03/2021;07:44:00;51;AC03 - ACIDENTE SEM VÍTIMA;107,5;BR-163/MT;Norte;Atropelamento de Animal;1;2;;;;;1
25/03/2021;14:20:00;198;AC02 - ACIDENTE COM VÍTIMA;349,477;BR-364/MT;Norte;Choque - Talude;1;0;1;;;;1
25/03/2021;15:50:00;235;AC03 - ACIDENTE SEM VÍTIMA;289,515;BR-364/MT;Norte;Colisão Transversal;1;2;;;;;1
26/03/2021;15:38:00;241;AC03 - ACIDENTE SEM VÍTIMA;522,393;BR-070/MT;Sul;Colisão Traseira;1;2;;;;;1
26/03/2021;17:10:00;273;AC02 - ACIDENTE COM VÍTIMA;570,328;BR-163/MT;Norte;Colisão Traseira;1;1;1;;;;1
26/03/2021;20:32:00;326;AC03 - ACIDENTE SEM VÍTIMA;517,839;BR-070/MT;Sul;Engavetamento;3;3;;;;;1
26/03/2021;22:40:00;355;AC03 - ACIDENTE SEM VÍTIMA;320,091;BR-364/MT;Sul;Tombamento;1;1;;;;;1
27/03/2021;01:21:00;15;AC02 - ACIDENTE COM VÍTIMA;596,888;BR-163/MT;Sul;Choque - Veiculo parado no acostamento;1;1;1;;;;1
27/03/2021;11:33:00;157;AC03 - ACIDENTE SEM VÍTIMA;347,558;BR-364/MT;Norte;Colisão Traseira;2;3;;;;;1
27/03/2021;13:34:00;185;AC03 - ACIDENTE SEM VÍTIMA;536,724;BR-364/MT;Sul;Tombamento;1;1;;;;;1
27/03/2021;17:36:00;265;AC01 - ACIDENTE COM VÍTIMA FATAL;510,732;BR-070/MT;Norte;Colisão Frontal;1;1;;;;1;3
27/03/2021;20:27:00;299;AC03 - ACIDENTE SEM VÍTIMA;518,075;BR-070/MT;Norte;Colisão Lateral;1;3;;;;;1
28/03/2021;03:52:00;23;AC03 - ACIDENTE SEM VÍTIMA;568,75;BR-163/MT;Sul;Atropelamento de Animal;1;1;;;;;1
28/03/2021;08:25:00;69;AC03 - ACIDENTE SEM VÍTIMA;471,034;BR-364/MT;Sul;Tombamento;1;1;;;;;1
28/03/2021;18:31:00;243;AC02 - ACIDENTE COM VÍTIMA;690,792;BR-163/MT;Norte;Colisão Transversal;1;2;1;;;;1
28/03/2021;18:50:00;247;AC03 - ACIDENTE SEM VÍTIMA;209,76;BR-364/MT;Sul;Tombamento;1;3;;;;;1
28/03/2021;20:38:00;270;AC03 - ACIDENTE SEM VÍTIMA;294,926;BR-364/MT;Sul;Atropelamento de Animal;1;1;;;;;1
29/03/2021;09:38:00;99;AC03 - ACIDENTE SEM VÍTIMA;734,506;BR-163/MT;Sul;Choque - Defensa, barreira ou "submarino";1;2;;;;;1
29/03/2021;12:58:00;173;AC03 - ACIDENTE SEM VÍTIMA;664,573;BR-163/MT;Norte;Colisão Traseira;1;2;;;;;1
29/03/2021;16:44:00;246;AC01 - ACIDENTE COM VÍTIMA FATAL;350,317;BR-364/MT;Norte;Tombamento;1;0;;;;1;3
30/03/2021;09:54:00;112;AC01 - ACIDENTE COM VÍTIMA FATAL;565,812;BR-163/MT;Norte;Colisão Frontal;2;2;;;;2;3
30/03/2021;11:29:00;144;AC03 - ACIDENTE SEM VÍTIMA;832,6;BR-163/MT;Sul;Colisão Traseira;1;2;;;;;1
30/03/2021;16:20:00;233;AC03 - ACIDENTE SEM VÍTIMA;783,278;BR-163/MT;Norte;Choque - Veiculo parado no acostamento;2;2;;;;;1
31/03/2021;08:43:00;101;AC03 - ACIDENTE SEM VÍTIMA;452,652;BR-364/MT;Sul;Colisão Traseira;2;4;;;;;1
31/03/2021;09:09:00;116;AC03 - ACIDENTE SEM VÍTIMA;586,911;BR-163/MT;Sul;Choque - Veiculo parado na pista;2;2;;;;;1
31/03/2021;10:25:00;143;AC02 - ACIDENTE COM VÍTIMA;441,03;BR-364/MT;Norte;Colisão Transversal;1;1;;;1;;2
31/03/2021;10:45:00;150;AC03 - ACIDENTE SEM VÍTIMA;331,798;BR-364/MT;Norte;Saida de Pista;1;1;;;;;1
31/03/2021;16:48:00;241;AC03 - ACIDENTE SEM VÍTIMA;500,149;BR-070/MT;Norte;Colisão Transversal;2;4;;;;;1
01/04/2021;02:52:00;38;AC03 - ACIDENTE SEM VÍTIMA;374,82;BR-364/MT;Norte;Tombamento;1;1;;;;;1
01/04/2021;07:06:00;85;AC03 - ACIDENTE SEM VÍTIMA;852,797;BR-163/MT;Norte;Colisão Traseira;2;2;;;;;1
01/04/2021;08:20:00;127;AC03 - ACIDENTE SEM VÍTIMA;485,153;BR-364/MT;Sul;Engavetamento;2;3;;;;;1
01/04/2021;11:08:00;214;AC02 - ACIDENTE COM VÍTIMA;826,185;BR-163/MT;Sul;Colisão Lateral;1;3;1;;;;1
01/04/2021;15:31:00;308;AC02 - ACIDENTE COM VÍTIMA;853,333;BR-163/MT;Sul;Colisão Frontal;3;2;1;;;;1
02/04/2021;02:40:00;16;AC03 - ACIDENTE SEM VÍTIMA;684,984;BR-163/MT;Sul;Saida de Pista;1;1;;;;;1
02/04/2021;04:39:00;26;AC03 - ACIDENTE SEM VÍTIMA;516,371;BR-364/MT;Sul;Colisão Lateral;1;2;;;;;1
02/04/2021;14:53:00;202;AC02 - ACIDENTE COM VÍTIMA;557,17;BR-163/MT;Sul;Colisão Frontal;1;1;2;1;;;2
03/04/2021;13:22:00;139;AC03 - ACIDENTE SEM VÍTIMA;837,127;BR-163/MT;Norte;Choque - Poste;1;1;;;;;1
03/04/2021;15:07:00;166;AC02 - ACIDENTE COM VÍTIMA;526,075;BR-163/MT;Norte;Capotamento;1;0;;1;1;;2
03/04/2021;21:46:00;248;AC02 - ACIDENTE COM VÍTIMA;349,893;BR-364/MT;Norte;Choque - Talude;1;0;;2;1;;2
04/04/2021;11:43:00;86;AC03 - ACIDENTE SEM VÍTIMA;247;BR-364/MT;Norte;Colisão Lateral;2;2;;;;;1
04/04/2021;13:10:00;96;AC03 - ACIDENTE SEM VÍTIMA;101,369;BR-163/MT;Norte;Saida de Pista;1;1;;;;;1
04/04/2021;14:21:00;106;AC03 - ACIDENTE SEM VÍTIMA;439,912;BR-364/MT;Norte;Saida de Pista;1;1;;;;;1
04/04/2021;16:07:00;127;AC02 - ACIDENTE COM VÍTIMA;641,779;BR-163/MT;Norte;Tombamento;1;0;1;;;;1
05/04/2021;04:29:00;14;AC03 - ACIDENTE SEM VÍTIMA;395,084;BR-364/MT;Sul;Tombamento;1;1;;;;;1
05/04/2021;15:41:00;225;AC03 - ACIDENTE SEM VÍTIMA;119,634;BR-163/MT;Norte;Engavetamento;1;4;;;;;1
05/04/2021;18:15:00;261;AC03 - ACIDENTE SEM VÍTIMA;580,548;BR-163/MT;Norte;Saida de Pista;1;1;;;;;1
06/04/2021;04:59:00;22;AC03 - ACIDENTE SEM VÍTIMA;808,262;BR-163/MT;Sul;Colisão Lateral;1;2;;;;;1
06/04/2021;13:22:00;184;AC01 - ACIDENTE COM VÍTIMA FATAL;526,655;BR-163/MT;Sul;Colisão Frontal;1;0;1;;1;2;3
06/04/2021;13:25:00;185;AC03 - ACIDENTE SEM VÍTIMA;434,609;BR-364/MT;Norte;Colisão Traseira;1;3;;;;;1
06/04/2021;19:40:00;272;AC03 - ACIDENTE SEM VÍTIMA;375,814;BR-364/MT;Sul;Colisão Traseira;1;2;;;;;1
07/04/2021;03:27:00;10;AC03 - ACIDENTE SEM VÍTIMA;524,474;BR-364/MT;Sul;Tombamento;1;1;;;;;1
07/04/2021;12:42:00;145;AC03 - ACIDENTE SEM VÍTIMA;521;BR-070/MT;Sul;Colisão Traseira;1;6;;;;;1
07/04/2021;14:56:00;177;AC03 - ACIDENTE SEM VÍTIMA;440,273;BR-364/MT;Norte;Saida de Pista;1;1;;;;;1
07/04/2021;18:11:00;221;AC03 - ACIDENTE SEM VÍTIMA;575,812;BR-163/MT;Norte;Saida de Pista;1;2;;;;;1
07/04/2021;21:32:00;256;AC03 - ACIDENTE SEM VÍTIMA;280,457;BR-364/MT;Sul;Colisão Traseira;2;2;;;;;1
07/04/2021;22:15:00;263;AC02 - ACIDENTE COM VÍTIMA;309,007;BR-364/MT;Norte;Colisão Traseira;2;1;1;;;;1
08/04/2021;14:09:00;169;AC02 - ACIDENTE COM VÍTIMA;511,825;BR-070/MT;Norte;Colisão Lateral;1;1;1;;;;1
08/04/2021;22:00:00;257;AC03 - ACIDENTE SEM VÍTIMA;622,89;BR-163/MT;Norte;Colisão Transversal;1;2;;;;;1
09/04/2021;07:48:00;66;AC03 - ACIDENTE SEM VÍTIMA;203,7;BR-364/MT;Sul;Colisão Lateral;2;2;;;;;1
09/04/2021;09:40:00;115;AC03 - ACIDENTE SEM VÍTIMA;347,052;BR-364/MT;Norte;Saida de Pista;1;1;;;;;1
09/04/2021;10:31:00;137;AC02 - ACIDENTE COM VÍTIMA;764,102;BR-163/MT;Sul;Engavetamento;3;4;;1;;;2
09/04/2021;11:12:00;155;AC02 - ACIDENTE COM VÍTIMA;522,523;BR-364/MT;Norte;Engavetamento;4;4;2;;;;1
09/04/2021;12:33:00;178;AC03 - ACIDENTE SEM VÍTIMA;545,094;BR-163/MT;Sul;Tombamento;1;1;;;;;1
09/04/2021;13:21:00;189;AC03 - ACIDENTE SEM VÍTIMA;835,103;BR-163/MT;Norte;Engavetamento;2;9;;;;;1
09/04/2021;15:36:00;235;AC02 - ACIDENTE COM VÍTIMA;687,041;BR-163/MT;Sul;Colisão Transversal;2;3;1;;;;1
09/04/2021;15:46:00;260;AC03 - ACIDENTE SEM VÍTIMA;608,759;BR-163/MT;Sul;Choque - Veiculo parado no acostamento;2;4;;;;;1
09/04/2021;17:24:00;271;AC03 - ACIDENTE SEM VÍTIMA;513,903;BR-070/MT;Norte;Saida de Pista;1;1;;;;;1
09/04/2021;19:04:00;296;AC03 - ACIDENTE SEM VÍTIMA;328,15;BR-364/MT;Norte;Colisão Lateral;1;2;;;;;1
09/04/2021;19:54:00;307;AC02 - ACIDENTE COM VÍTIMA;494,549;BR-364/MT;Norte;Colisão Transversal;1;1;1;;;;1
10/04/2021;04:24:00;23;AC03 - ACIDENTE SEM VÍTIMA;829,367;BR-163/MT;Norte;Colisão Lateral;1;2;;;;;1
10/04/2021;16:50:00;266;AC03 - ACIDENTE SEM VÍTIMA;643,262;BR-163/MT;Norte;Objeto lançado contra veículo;1;3;;;;;1
11/04/2021;07:21:00;32;AC03 - ACIDENTE SEM VÍTIMA;530,25;BR-364/MT;Norte;Colisão Traseira;2;2;;;;;1
11/04/2021;08:50:00;57;AC03 - ACIDENTE SEM VÍTIMA;692,14;BR-163/MT;Sul;Colisão Transversal;1;2;;;;;1
11/04/2021;11:46:00;93;AC03 - ACIDENTE SEM VÍTIMA;626,059;BR-163/MT;Norte;Colisão Lateral;1;2;;;;;1
11/04/2021;19:57:00;209;AC03 - ACIDENTE SEM VÍTIMA;668,478;BR-163/MT;Sul;Saida de Pista;1;1;;;;;1
11/04/2021;21:56:00;228;AC03 - ACIDENTE SEM VÍTIMA;522,918;BR-070/MT;Sul;Saida de Pista;1;1;;;;;1
12/04/2021;09:20:00;90;AC03 - ACIDENTE SEM VÍTIMA;579,286;BR-364/MT;Sul;Choque - Veiculo parado na pista;1;4;;;;;1
12/04/2021;14:18:00;187;AC03 - ACIDENTE SEM VÍTIMA;749,492;BR-163/MT;Norte;Saida de Pista;1;1;;;;;1
12/04/2021;15:08:00;206;AC03 - ACIDENTE SEM VÍTIMA;520,039;BR-070/MT;Norte;Choque - Veiculo parado no acostamento;1;2;;;;;1
12/04/2021;21:21:00;300;AC03 - ACIDENTE SEM VÍTIMA;535;BR-163/MT;Sul;Saida de Pista;1;2;;;;;1
13/04/2021;13:30:00;209;AC03 - ACIDENTE SEM VÍTIMA;349,746;BR-364/MT;Norte;Tombamento;1;1;;;;;1
13/04/2021;17:27:00;292;AC03 - ACIDENTE SEM VÍTIMA;573,594;BR-163/MT;Norte;Tombamento;1;1;;;;;1
14/04/2021;06:54:00;43;AC03 - ACIDENTE SEM VÍTIMA;522,586;BR-070/MT;Sul;Colisão Lateral;1;2;;;;;1
14/04/2021;14:55:00;232;AC03 - ACIDENTE SEM VÍTIMA;579,06;BR-364/MT;Sul;Colisão Traseira;2;2;;;;;1
14/04/2021;17:39:00;282;AC03 - ACIDENTE SEM VÍTIMA;277,52;BR-364/MT;Sul;Tombamento;1;1;;;;;1
14/04/2021;20:48:00;323;AC01 - ACIDENTE COM VÍTIMA FATAL;509,092;BR-070/MT;Norte;Colisão Traseira;2;2;1;;;1;3
15/04/2021;05:27:00;20;AC03 - ACIDENTE SEM VÍTIMA;347,069;BR-364/MT;Norte;Colisão Traseira;2;2;;;;;1
15/04/2021;07:44:00;61;AC01 - ACIDENTE COM VÍTIMA FATAL;347,777;BR-364/MT;Norte;Colisão Traseira;3;4;;;;1;3
15/04/2021;22:03:00;333;AC03 - ACIDENTE SEM VÍTIMA;382,771;BR-364/MT;Norte;Choque - Objeto sobre a pista;1;2;;;;;1
16/04/2021;05:56:00;34;AC03 - ACIDENTE SEM VÍTIMA;490,89;BR-364/MT;Sul;Colisão Traseira;2;2;;;;;1
16/04/2021;10:55:00;165;AC03 - ACIDENTE SEM VÍTIMA;560,1;BR-163/MT;Sul;Colisão Traseira;1;2;;;;;1
16/04/2021;13:53:00;223;AC02 - ACIDENTE COM VÍTIMA;346,521;BR-364/MT;Sul;Tombamento;1;0;1;;;;1
16/04/2021;14:20:00;238;AC03 - ACIDENTE SEM VÍTIMA;511,741;BR-163/MT;Sul;Saida de Pista;1;1;;;;;1
16/04/2021;14:49:00;249;AC03 - ACIDENTE SEM VÍTIMA;394,51;BR-364/MT;Sul;Saida de Pista;1;1;;;;;1
16/04/2021;17:02:00;291;AC02 - ACIDENTE COM VÍTIMA;272,446;BR-364/MT;Sul;Colisão Traseira;1;1;;;1;;2
16/04/2021;21:06:00;347;AC03 - ACIDENTE SEM VÍTIMA;561,761;BR-364/MT;Sul;Colisão Traseira;1;5;;;;;1
17/04/2021;00:19:00;1;AC02 - ACIDENTE COM VÍTIMA;582;BR-163/MT;Norte;Tombamento;1;17;4;1;;;2
17/04/2021;00:51:00;10;AC02 - ACIDENTE COM VÍTIMA;203,054;BR-364/MT;Sul;Colisão Traseira;1;2;1;;;;1
17/04/2021;11:03:00;153;AC03 - ACIDENTE SEM VÍTIMA;776,893;BR-163/MT;Norte;Colisão Lateral;1;3;;;;;1
17/04/2021;14:26:00;209;AC03 - ACIDENTE SEM VÍTIMA;603,293;BR-163/MT;Sul;Choque - Defensa, barreira ou "submarino";1;1;;;;;1
17/04/2021;14:41:00;212;AC03 - ACIDENTE SEM VÍTIMA;601,239;BR-163/MT;Norte;Choque - Defensa, barreira ou "submarino";1;5;;;;;1
18/04/2021;01:35:00;10;AC03 - ACIDENTE SEM VÍTIMA;102,612;BR-163/MT;Sul;Colisão Lateral;2;2;;;;;1
18/04/2021;02:13:00;14;AC01 - ACIDENTE COM VÍTIMA FATAL;506,783;BR-070/MT;Sul;Colisão Frontal;1;2;;;;1;3
18/04/2021;14:48:00;155;AC03 - ACIDENTE SEM VÍTIMA;767,254;BR-163/MT;Norte;Tombamento;1;2;;;;;1
18/04/2021;18:24:00;218;AC03 - ACIDENTE SEM VÍTIMA;102,377;BR-163/MT;Sul;Tombamento;1;1;;;;;1
19/04/2021;06:44:00;32;AC02 - ACIDENTE COM VÍTIMA;552,298;BR-163/MT;Sul;Tombamento;1;0;1;;;;1
19/04/2021;07:23:00;41;AC03 - ACIDENTE SEM VÍTIMA;552,298;BR-163/MT;Sul;Saida de Pista;1;1;;;;;1
19/04/2021;12:53:00;136;AC02 - ACIDENTE COM VÍTIMA;642,597;BR-163/MT;Norte;Saida de Pista;1;0;1;;;;1
19/04/2021;15:16:00;186;AC03 - ACIDENTE SEM VÍTIMA;601,299;BR-163/MT;Norte;Choque - Defensa, barreira ou "submarino";1;1;;;;;1
19/04/2021;17:06:00;212;AC03 - ACIDENTE SEM VÍTIMA;521;BR-070/MT;Sul;Colisão Lateral;1;2;;;;;1
19/04/2021;17:13:00;213;AC03 - ACIDENTE SEM VÍTIMA;349,58;BR-364/MT;Norte;Tombamento;1;3;;;;;1
20/04/2021;15:15:00;211;AC03 - ACIDENTE SEM VÍTIMA;523;BR-070/MT;Sul;Colisão Transversal;1;3;;;;;1
20/04/2021;16:29:00;245;AC01 - ACIDENTE COM VÍTIMA FATAL;523,912;BR-070/MT;Norte;Colisão Lateral;1;2;;;;1;3
21/04/2021;06:14:00;29;AC03 - ACIDENTE SEM VÍTIMA;380,707;BR-364/MT;Sul;Saida de Pista;1;1;;;;;1
21/04/2021;09:18:00;83;AC02 - ACIDENTE COM VÍTIMA;346,042;BR-364/MT;Norte;Tombamento;1;1;1;;;;1
21/04/2021;11:42:00;143;AC03 - ACIDENTE SEM VÍTIMA;108,357;BR-163/MT;Sul;Colisão Traseira;2;2;;;;;1
21/04/2021;18:30:00;251;AC02 - ACIDENTE COM VÍTIMA;513,674;BR-070/MT;Norte;Engavetamento;2;2;;2;;;2
21/04/2021;19:12:00;256;AC03 - ACIDENTE SEM VÍTIMA;115,67;BR-163/MT;Norte;Atropelamento de Animal;1;1;;;;;1
21/04/2021;21:07:00;283;AC03 - ACIDENTE SEM VÍTIMA;586,236;BR-364/MT;Norte;Atropelamento de Animal;1;1;;;;;1
22/04/2021;09:00:00;107;AC03 - ACIDENTE SEM VÍTIMA;351,792;BR-364/MT;Norte;Colisão Traseira;1;2;;;;;1
22/04/2021;15:28:00;250;AC03 - ACIDENTE SEM VÍTIMA;593,325;BR-163/MT;Norte;Colisão Lateral;1;6;;;;;1
22/04/2021;17:32:00;289;AC02 - ACIDENTE COM VÍTIMA;347,953;BR-364/MT;Norte;Tombamento;1;0;1;;1;;2
22/04/2021;18:13:00;295;AC03 - ACIDENTE SEM VÍTIMA;522,206;BR-070/MT;Norte;Colisão Transversal;1;3;;;;;1
23/04/2021;02:52:00;7;AC03 - ACIDENTE SEM VÍTIMA;390,976;BR-364/MT;Sul;Tombamento;1;2;;;;;1
23/04/2021;18:08:00;268;AC01 - ACIDENTE COM VÍTIMA FATAL;476,277;BR-364/MT;Sul;Colisão Frontal;1;12;1;;2;1;3
23/04/2021;22:09:00;322;AC03 - ACIDENTE SEM VÍTIMA;343,859;BR-364/MT;Norte;Colisão Traseira;1;4;;;;;1
24/04/2021;07:24:00;42;AC03 - ACIDENTE SEM VÍTIMA;543,872;BR-364/MT;Norte;Saida de Pista;1;1;;;;;1
24/04/2021;08:56:00;68;AC03 - ACIDENTE SEM VÍTIMA;844,568;BR-163/MT;Sul;Colisão Lateral;1;3;;;;;1
24/04/2021;10:12:00;88;AC02 - ACIDENTE COM VÍTIMA;348,564;BR-364/MT;Norte;Colisão Traseira;2;1;;2;;;2
24/04/2021;12:51:00;123;AC02 - ACIDENTE COM VÍTIMA;572,623;BR-364/MT;Sul;Tombamento;1;0;1;;1;;2
24/04/2021;13:14:00;129;AC03 - ACIDENTE SEM VÍTIMA;271,529;BR-364/MT;Sul;Saida de Pista;1;1;;;;;1
24/04/2021;20:35:00;224;AC03 - ACIDENTE SEM VÍTIMA;286,553;BR-364/MT;Norte;Saida de Pista;1;4;;;;;1
25/04/2021;03:49:00;18;AC03 - ACIDENTE SEM VÍTIMA;439,984;BR-364/MT;Norte;Saida de Pista;1;1;;;;;1
25/04/2021;04:19:00;21;AC03 - ACIDENTE SEM VÍTIMA;440,629;BR-364/MT;Sul;Saida de Pista;1;1;;;;;1