data;horario;n_da_ocorrencia;tipo_de_ocorrencia;km;trecho;sentido;tipo_de_acidente;caminhao;ilesos;levemente_feridos;moderadamente_feridos;gravemente_feridos;mortos;3
31/05/2021;22:23:00;340;AC02 - ACIDENTE COM VÍTIMA;772,961;BR-163/MT;Sul;Choque - Objeto sobre a pista;2;1;1;;;;1
01/06/2021;06:02:00;52;AC03 - ACIDENTE SEM VÍTIMA;321,666;BR-364/MT;Sul;Saida de Pista;1;1;;;;;1
01/06/2021;10:18:00;152;AC03 - ACIDENTE SEM VÍTIMA;208,661;BR-364/MT;Sul;Saida de Pista;1;1;;;;;1
01/06/2021;14:07:00;221;AC03 - ACIDENTE SEM VÍTIMA;705,349;BR-163/MT;Norte;Tombamento;1;1;;;;;1
01/06/2021;14:44:00;236;AC03 - ACIDENTE SEM VÍTIMA;473,404;BR-364/MT;Sul;Colisão Lateral;2;2;;;;;1
01/06/2021;15:17:00;251;AC03 - ACIDENTE SEM VÍTIMA;549,103;BR-163/MT;Sul;Tombamento;1;1;;;;;1
01/06/2021;21:06:00;345;AC02 - ACIDENTE COM VÍTIMA;693,986;BR-163/MT;Sul;Tombamento;1;0;1;;;;1
02/06/2021;00:52:00;4;AC03 - ACIDENTE SEM VÍTIMA;439,433;BR-364/MT;Sul;Tombamento;1;1;;;;;1
02/06/2021;03:42:00;27;AC03 - ACIDENTE SEM VÍTIMA;652,559;BR-163/MT;Sul;Tombamento;1;1;;;;;1
02/06/2021;06:24:00;50;AC03 - ACIDENTE SEM VÍTIMA;571,792;BR-364/MT;Norte;Tombamento;1;1;;;;;1
02/06/2021;09:55:00;143;AC03 - ACIDENTE SEM VÍTIMA;744,974;BR-163/MT;Norte;Colisão Traseira;1;2;;;;;1
02/06/2021;14:24:00;227;AC02 - ACIDENTE COM VÍTIMA;827,215;BR-163/MT;Norte;Colisão Lateral;1;1;1;;;;1
02/06/2021;17:11:00;302;AC03 - ACIDENTE SEM VÍTIMA;523,933;BR-070/MT;Sul;Colisão Transversal;1;2;;;;;1
02/06/2021;18:53:00;333;AC03 - ACIDENTE SEM VÍTIMA;283,517;BR-364/MT;Sul;Tombamento;1;1;;;;;1
03/06/2021;01:06:00;9;AC03 - ACIDENTE SEM VÍTIMA;490,838;BR-364/MT;Sul;Colisão Traseira;2;4;;;;;1
03/06/2021;08:09:00;85;AC02 - ACIDENTE COM VÍTIMA;664,057;BR-163/MT;Norte;Colisão Frontal;2;0;1;1;;;2
03/06/2021;10:05:00;123;AC03 - ACIDENTE SEM VÍTIMA;499,155;BR-364/MT;Norte;Colisão Traseira;3;5;;;;;1
03/06/2021;18:38:00;303;AC03 - ACIDENTE SEM VÍTIMA;77,774;BR-163/MT;Norte;Choque - Suporte de Sinalização;1;1;;;;;1
03/06/2021;22:10:00;351;AC03 - ACIDENTE SEM VÍTIMA;216,585;BR-364/MT;Sul;Colisão Traseira;2;2;;;;;1
04/06/2021;06:36:00;45;AC03 - ACIDENTE SEM VÍTIMA;326,975;BR-364/MT;Norte;Saida de Pista;1;1;;;;;1
04/06/2021;09:30:00;96;AC03 - ACIDENTE SEM VÍTIMA;578,301;BR-163/MT;Norte;Colisão Traseira;2;3;;;;;1
04/06/2021;18:17:00;248;AC03 - ACIDENTE SEM VÍTIMA;688,072;BR-163/MT;Norte;Colisão Traseira;1;2;;;;;1
04/06/2021;22:11:00;297;AC03 - ACIDENTE SEM VÍTIMA;463,89;BR-364/MT;Sul;Tombamento;1;1;;;;;1
05/06/2021;00:18:00;10;AC02 - ACIDENTE COM VÍTIMA;498,223;BR-070/MT;Sul;Colisão Frontal;1;1;1;;;;1
05/06/2021;07:09:00;56;AC01 - ACIDENTE COM VÍTIMA FATAL;349,742;BR-364/MT;Norte;Tombamento;1;0;;1;1;1;3
05/06/2021;15:37:00;209;AC03 - ACIDENTE SEM VÍTIMA;520,001;BR-070/MT;Norte;Colisão Transversal;2;2;;;;;1
05/06/2021;16:04:00;220;AC03 - ACIDENTE SEM VÍTIMA;826,13;BR-163/MT;Norte;Tombamento;1;1;;;;;1
05/06/2021;17:08:00;237;AC03 - ACIDENTE SEM VÍTIMA;691,214;BR-163/MT;Norte;Colisão Lateral;1;3;;;;;1
06/06/2021;10:56:00;118;AC03 - ACIDENTE SEM VÍTIMA;260,346;BR-364/MT;Norte;Tombamento;1;1;;;;;1
06/06/2021;12:10:00;133;AC03 - ACIDENTE SEM VÍTIMA;279,677;BR-364/MT;Norte;Colisão Lateral;2;4;;;;;1
06/06/2021;16:48:00;194;AC03 - ACIDENTE SEM VÍTIMA;221,045;BR-364/MT;Sul;Tombamento;1;1;;;;;1
06/06/2021;18:17:00;213;AC03 - ACIDENTE SEM VÍTIMA;39,964;BR-163/MT;Norte;Atropelamento de Animal;1;3;;;;;1
06/06/2021;20:41:00;255;AC03 - ACIDENTE SEM VÍTIMA;93,14;BR-163/MT;Sul;Atropelamento de Animal;1;2;;;;;1
07/06/2021;05:03:00;42;AC02 - ACIDENTE COM VÍTIMA;707,761;BR-163/MT;Norte;Colisão Traseira;1;1;;1;;;2
07/06/2021;14:47:00;224;AC03 - ACIDENTE SEM VÍTIMA;280,065;BR-364/MT;Sul;Choque - Outros;1;1;;;;;1
07/06/2021;14:51:00;227;AC02 - ACIDENTE COM VÍTIMA;539,107;BR-163/MT;Norte;Colisão Traseira;1;2;1;;;;1
07/06/2021;15:40:00;239;AC03 - ACIDENTE SEM VÍTIMA;831,59;BR-163/MT;Norte;Colisão Lateral;1;2;;;;;1
07/06/2021;18:54:00;284;AC03 - ACIDENTE SEM VÍTIMA;203,143;BR-364/MT;Sul;Colisão Lateral;1;3;;;;;1
07/06/2021;20:03:00;299;AC03 - ACIDENTE SEM VÍTIMA;349,834;BR-364/MT;Norte;Colisão Lateral;2;3;;;;;1
08/06/2021;06:50:00;46;AC03 - ACIDENTE SEM VÍTIMA;204,658;BR-364/MT;Norte;Colisão Lateral;2;2;;;;;1
08/06/2021;09:10:00;103;AC03 - ACIDENTE SEM VÍTIMA;579,215;BR-364/MT;Sul;Colisão Traseira;1;3;;;;;1
08/06/2021;14:32:00;198;AC03 - ACIDENTE SEM VÍTIMA;435,608;BR-364/MT;Sul;Colisão Transversal;1;4;;;;;1
08/06/2021;16:25:00;236;AC03 - ACIDENTE SEM VÍTIMA;515,556;BR-163/MT;Sul;Tombamento;1;1;;;;;1
08/06/2021;18:31:00;274;AC03 - ACIDENTE SEM VÍTIMA;202,75;BR-364/MT;Norte;Colisão Lateral;1;2;;;;;1
08/06/2021;19:32:00;293;AC02 - ACIDENTE COM VÍTIMA;22,812;BR-163/MT;Sul;Colisão Traseira;2;1;;;1;;2
08/06/2021;20:00:00;296;AC01 - ACIDENTE COM VÍTIMA FATAL;23,221;BR-163/MT;Sul;Colisão Traseira;2;0;1;;;1;3
09/06/2021;05:50:00;59;AC02 - ACIDENTE COM VÍTIMA;523,576;BR-163/MT;Sul;Colisão Frontal;1;2;1;;;;1
09/06/2021;07:10:00;77;AC03 - ACIDENTE SEM VÍTIMA;387,765;BR-364/MT;Sul;Colisão Lateral;1;4;;;;;1
09/06/2021;09:33:00;133;AC03 - ACIDENTE SEM VÍTIMA;538,918;BR-163/MT;Sul;Colisão Lateral;1;2;;;;;1
09/06/2021;10:09:00;150;AC03 - ACIDENTE SEM VÍTIMA;98,697;BR-163/MT;Norte;Tombamento;1;1;;;;;1
09/06/2021;12:00:00;191;AC03 - ACIDENTE SEM VÍTIMA;109,529;BR-163/MT;Norte;Colisão Traseira;1;2;;;;;1
10/06/2021;01:46:00;21;AC03 - ACIDENTE SEM VÍTIMA;373,814;BR-364/MT;Sul;Atropelamento de Animal;1;2;;;;;1
10/06/2021;06:08:00;63;AC03 - ACIDENTE SEM VÍTIMA;718,51;BR-163/MT;Norte;Colisão Lateral;1;2;;;;;1
10/06/2021;08:50:00;124;AC03 - ACIDENTE SEM VÍTIMA;578,338;BR-163/MT;Norte;Colisão Lateral;2;2;;;;;1
10/06/2021;13:47:00;227;AC02 - ACIDENTE COM VÍTIMA;522,709;BR-070/MT;Norte;Engavetamento;2;2;;;1;;2
10/06/2021;15:41:00;271;AC02 - ACIDENTE COM VÍTIMA;522,983;BR-364/MT;Norte;Tombamento;1;0;1;;;;1
11/06/2021;15:10:00;232;AC03 - ACIDENTE SEM VÍTIMA;348,149;BR-364/MT;Norte;Saida de Pista;1;1;;;;;1
12/06/2021;11:17:00;128;AC03 - ACIDENTE SEM VÍTIMA;399,716;BR-364/MT;Norte;Colisão Lateral;1;4;;;;;1
12/06/2021;11:57:00;141;AC03 - ACIDENTE SEM VÍTIMA;470,695;BR-364/MT;Norte;Saida de Pista;1;2;;;;;1
12/06/2021;12:30:00;150;AC03 - ACIDENTE SEM VÍTIMA;46,551;BR-163/MT;Norte;Choque - Defensa, barreira ou "submarino";1;1;;;;;1
12/06/2021;18:30:00;277;AC03 - ACIDENTE SEM VÍTIMA;793,85;BR-163/MT;Sul;Colisão Lateral;1;6;;;;;1
12/06/2021;20:25:00;296;AC02 - ACIDENTE COM VÍTIMA;399,194;BR-364/MT;Sul;Choque - Veiculo parado na pista;1;1;;1;;;2
13/06/2021;08:25:00;72;AC03 - ACIDENTE SEM VÍTIMA;356,806;BR-364/MT;Sul;Tombamento;1;2;;;;;1
13/06/2021;12:26:00;124;AC02 - ACIDENTE COM VÍTIMA;573,812;BR-163/MT;Sul;Tombamento;1;0;1;;;;1
13/06/2021;16:07:00;180;AC03 - ACIDENTE SEM VÍTIMA;581,976;BR-163/MT;Sul;Tombamento;1;1;;;;;1
13/06/2021;16:07:00;204;AC02 - ACIDENTE COM VÍTIMA;582,975;BR-163/MT;Sul;Tombamento;1;0;1;;;;1
13/06/2021;22:02:00;260;AC03 - ACIDENTE SEM VÍTIMA;606,199;BR-163/MT;Sul;Saida de Pista;1;2;;;;;1
14/06/2021;08:08:00;92;AC03 - ACIDENTE SEM VÍTIMA;331,625;BR-364/MT;Norte;Tombamento;1;1;;;;;1
14/06/2021;11:31:00;173;AC03 - ACIDENTE SEM VÍTIMA;834,475;BR-163/MT;Norte;Colisão Lateral;1;2;;;;;1
14/06/2021;13:06:00;191;AC03 - ACIDENTE SEM VÍTIMA;347,678;BR-364/MT;Norte;Choque - Talude;1;2;;;;;1
14/06/2021;17:12:00;249;AC03 - ACIDENTE SEM VÍTIMA;597,376;BR-163/MT;Norte;Colisão Lateral;1;2;;;;;1
14/06/2021;23:03:00;311;AC03 - ACIDENTE SEM VÍTIMA;345,241;BR-364/MT;Sul;Capotamento;1;1;;;;;1
15/06/2021;15:05:00;229;AC03 - ACIDENTE SEM VÍTIMA;587,064;BR-364/MT;Norte;Saida de Pista;1;1;;;;;1
15/06/2021;15:07:00;230;AC03 - ACIDENTE SEM VÍTIMA;503,913;BR-070/MT;Sul;Tombamento;1;2;;;;;1
15/06/2021;16:33:00;252;AC03 - ACIDENTE SEM VÍTIMA;793,32;BR-163/MT;Sul;Engavetamento;3;3;;;;;1
15/06/2021;20:21:00;309;AC03 - ACIDENTE SEM VÍTIMA;458,845;BR-364/MT;Norte;Choque - Defensa, barreira ou "submarino";1;1;;;;;1
16/06/2021;04:53:00;33;AC03 - ACIDENTE SEM VÍTIMA;687,094;BR-163/MT;Norte;Colisão Transversal;1;2;;;;;1
16/06/2021;08:45:00;92;AC03 - ACIDENTE SEM VÍTIMA;754,001;BR-163/MT;Sul;Colisão Transversal;2;2;;;;;1
16/06/2021;16:47:00;265;AC03 - ACIDENTE SEM VÍTIMA;599,08;BR-163/MT;Sul;Colisão Lateral;1;2;;;;;1
16/06/2021;16:53:00;270;AC03 - ACIDENTE SEM VÍTIMA;209,978;BR-364/MT;Sul;Colisão Traseira;1;2;;;;;1
16/06/2021;22:00:00;343;AC03 - ACIDENTE SEM VÍTIMA;94,284;BR-163/MT;Norte;Colisão Traseira;2;2;;;;;1
16/06/2021;22:40:00;348;AC03 - ACIDENTE SEM VÍTIMA;55,677;BR-163/MT;Sul;Atropelamento de Animal;1;2;;;;;1
17/06/2021;10:09:00;139;AC03 - ACIDENTE SEM VÍTIMA;784,75;BR-163/MT;Norte;Saida de Pista;1;1;;;;;1
17/06/2021;10:36:00;145;AC03 - ACIDENTE SEM VÍTIMA;521,3;BR-070/MT;Norte;Colisão Lateral;1;2;;;;;1
17/06/2021;14:39:00;206;AC01 - ACIDENTE COM VÍTIMA FATAL;560,288;BR-163/MT;Sul;Colisão Traseira;3;3;2;;;2;3
17/06/2021;20:15:00;291;AC02 - ACIDENTE COM VÍTIMA;522,01;BR-070/MT;Sul;Colisão Traseira;1;2;1;;;;1
18/06/2021;05:26:00;45;AC03 - ACIDENTE SEM VÍTIMA;586,498;BR-364/MT;Norte;Colisão Traseira;2;2;;;;;1
18/06/2021;08:10:00;76;AC03 - ACIDENTE SEM VÍTIMA;838,948;BR-163/MT;Norte;Colisão Lateral;1;2;;;;;1
18/06/2021;13:04:00;170;AC02 - ACIDENTE COM VÍTIMA;291,09;BR-364/MT;Norte;Colisão Traseira;1;2;1;;;;1
18/06/2021;14:22:00;191;AC03 - ACIDENTE SEM VÍTIMA;457,997;BR-364/MT;Norte;Colisão Traseira;2;3;;;;;1
18/06/2021;18:09:00;253;AC03 - ACIDENTE SEM VÍTIMA;755,269;BR-163/MT;Sul;Colisão Traseira;1;6;;;;;1
18/06/2021;18:44:00;260;AC03 - ACIDENTE SEM VÍTIMA;744,891;BR-163/MT;Norte;Engavetamento;1;8;;;;;1
18/06/2021;22:00:00;310;AC02 - ACIDENTE COM VÍTIMA;769,059;BR-163/MT;Sul;Colisão Transversal;1;1;;2;;;2
19/06/2021;04:09:00;43;AC03 - ACIDENTE SEM VÍTIMA;354,4;BR-364/MT;Norte;Saida de Pista;1;1;;;;;1
19/06/2021;10:42:00;136;AC03 - ACIDENTE SEM VÍTIMA;204,231;BR-364/MT;Norte;Saida de Pista;1;1;;;;;1
19/06/2021;11:22:00;145;AC03 - ACIDENTE SEM VÍTIMA;214,418;BR-364/MT;Norte;Colisão Traseira;1;2;;;;;1
19/06/2021;12:59:00;162;AC03 - ACIDENTE SEM VÍTIMA;753,754;BR-163/MT;Sul;Colisão Lateral;1;3;;;;;1
19/06/2021;13:50:00;172;AC03 - ACIDENTE SEM VÍTIMA;745,328;BR-163/MT;Norte;Tombamento;1;2;;;;;1
19/06/2021;14:13:00;177;AC03 - ACIDENTE SEM VÍTIMA;110,998;BR-163/MT;Sul;Colisão Traseira;1;2;;;;;1
19/06/2021;20:34:00;266;AC03 - ACIDENTE SEM VÍTIMA;106,205;BR-163/MT;Norte;Colisão Lateral;2;2;;;;;1
20/06/2021;10:41:00;102;AC03 - ACIDENTE SEM VÍTIMA;562,115;BR-163/MT;Norte;Colisão Lateral;1;4;;;;;1
20/06/2021;15:16:00;178;AC02 - ACIDENTE COM VÍTIMA;565,345;BR-364/MT;Norte;Choque - Defensa, barreira ou "submarino";1;1;;3;;;2
20/06/2021;16:46:00;207;AC03 - ACIDENTE SEM VÍTIMA;245,712;BR-364/MT;Sul;Colisão Lateral;1;6;;;;;1
21/06/2021;04:50:00;36;AC03 - ACIDENTE SEM VÍTIMA;513,056;BR-364/MT;Norte;Tombamento;1;1;;;;;1
21/06/2021;13:08:00;201;AC03 - ACIDENTE SEM VÍTIMA;681,625;BR-163/MT;Norte;Colisão Lateral;3;4;;;;;1
21/06/2021;17:17:00;271;AC03 - ACIDENTE SEM VÍTIMA;519,213;BR-163/MT;Sul;Tombamento;1;1;;;;;1
21/06/2021;17:22:00;274;AC03 - ACIDENTE SEM VÍTIMA;831,604;BR-163/MT;Sul;Colisão Lateral;1;2;;;;;1
21/06/2021;19:19:00;310;AC03 - ACIDENTE SEM VÍTIMA;496,459;BR-070/MT;Norte;Colisão Lateral;1;3;;;;;1
22/06/2021;07:52:00;76;AC03 - ACIDENTE SEM VÍTIMA;688,608;BR-163/MT;Norte;Colisão Transversal;1;3;;;;;1
22/06/2021;09:00:00;102;AC03 - ACIDENTE SEM VÍTIMA;543,127;BR-163/MT;Norte;Tombamento;1;1;;;;;1
22/06/2021;10:15:00;123;AC02 - ACIDENTE COM VÍTIMA;702,229;BR-163/MT;Norte;Colisão Frontal;2;2;2;;2;;2
22/06/2021;10:44:00;131;AC03 - ACIDENTE SEM VÍTIMA;520,268;BR-163/MT;Sul;Saida de Pista;1;1;;;;;1
22/06/2021;12:30:00;154;AC03 - ACIDENTE SEM VÍTIMA;530,632;BR-163/MT;Norte;Tombamento;1;1;;;;;1
22/06/2021;13:36:00;170;AC02 - ACIDENTE COM VÍTIMA;691,163;BR-163/MT;Norte;Colisão Transversal;2;2;2;1;;;2
22/06/2021;16:50:00;244;AC03 - ACIDENTE SEM VÍTIMA;400,689;BR-364/MT;Norte;Colisão Traseira;1;4;;;;;1
22/06/2021;18:43:00;270;AC03 - ACIDENTE SEM VÍTIMA;753,895;BR-163/MT;Sul;Colisão Lateral;2;2;;;;;1
23/06/2021;00:10:00;1;AC03 - ACIDENTE SEM VÍTIMA;710,08;BR-163/MT;Norte;Atropelamento de Animal;1;1;;;;;1
23/06/2021;02:01:00;24;AC03 - ACIDENTE SEM VÍTIMA;203,392;BR-364/MT;Norte;Colisão Lateral;1;3;;;;;1
23/06/2021;06:52:00;59;AC03 - ACIDENTE SEM VÍTIMA;529,387;BR-364/MT;Sul;Colisão Traseira;2;3;;;;;1
23/06/2021;06:52:00;65;AC03 - ACIDENTE SEM VÍTIMA;529,387;BR-364/MT;Sul;Saida de Pista;1;3;;;;;1
23/06/2021;09:45:00;130;AC03 - ACIDENTE SEM VÍTIMA;616,761;BR-163/MT;Sul;Colisão Lateral;2;2;;;;;1
23/06/2021;10:38:00;147;AC03 - ACIDENTE SEM VÍTIMA;214,421;BR-364/MT;Norte;Colisão Traseira;1;2;;;;;1
23/06/2021;14:21:00;221;AC03 - ACIDENTE SEM VÍTIMA;72,067;BR-163/MT;Sul;Saida de Pista;1;1;;;;;1
23/06/2021;16:52:00;271;AC03 - ACIDENTE SEM VÍTIMA;512,6;BR-070/MT;Norte;Engavetamento;3;4;;;;;1
23/06/2021;17:21:00;280;AC03 - ACIDENTE SEM VÍTIMA;271,101;BR-364/MT;Sul;Colisão Traseira;2;2;;;;;1
24/06/2021;08:27:00;95;AC03 - ACIDENTE SEM VÍTIMA;249,989;BR-364/MT;Sul;Colisão Lateral;1;7;;;;;1
24/06/2021;08:48:00;103;AC03 - ACIDENTE SEM VÍTIMA;606,708;BR-163/MT;Norte;Engavetamento;1;3;;;;;1
24/06/2021;10:47:00;142;AC02 - ACIDENTE COM VÍTIMA;613,893;BR-163/MT;Sul;Engavetamento;2;1;3;1;;;2
24/06/2021;14:23:00;189;AC03 - ACIDENTE SEM VÍTIMA;668,679;BR-163/MT;Norte;Colisão Traseira;1;2;;;;;1
25/06/2021;03:46:00;41;AC03 - ACIDENTE SEM VÍTIMA;392,581;BR-364/MT;Norte;Tombamento;1;2;;;;;1
25/06/2021;09:49:00;143;AC02 - ACIDENTE COM VÍTIMA;522,333;BR-070/MT;Sul;Colisão Transversal;1;2;;1;;;2
25/06/2021;18:11:00;324;AC03 - ACIDENTE SEM VÍTIMA;715,611;BR-163/MT;Sul;Colisão Traseira;2;2;;;;;1
25/06/2021;20:25:00;364;AC03 - ACIDENTE SEM VÍTIMA;664,1;BR-163/MT;Norte;Colisão Traseira;1;2;;;;;1
26/06/2021;06:50:00;67;AC02 - ACIDENTE COM VÍTIMA;353,42;BR-364/MT;Sul;Colisão Traseira;1;2;1;;;;1
26/06/2021;11:10:00;157;AC03 - ACIDENTE SEM VÍTIMA;664,681;BR-163/MT;Norte;Colisão Traseira;2;2;;;;;1
26/06/2021;11:11:00;159;AC03 - ACIDENTE SEM VÍTIMA;523,743;BR-070/MT;Sul;Colisão Transversal;1;3;;;;;1
26/06/2021;11:52:00;174;AC02 - ACIDENTE COM VÍTIMA;813,616;BR-163/MT;Norte;Colisão Lateral;1;1;;1;;;2
26/06/2021;12:50:00;188;AC03 - ACIDENTE SEM VÍTIMA;660,122;BR-163/MT;Sul;Colisão Traseira;1;2;;;;;1
26/06/2021;14:56:00;222;AC03 - ACIDENTE SEM VÍTIMA;573,767;BR-364/MT;Sul;Colisão Lateral;2;2;;;;;1
26/06/2021;19:05:00;292;AC03 - ACIDENTE SEM VÍTIMA;372,214;BR-364/MT;Sul;Tombamento;1;1;;;;;1
27/06/2021;17:31:00;243;AC02 - ACIDENTE COM VÍTIMA;221,697;BR-364/MT;Sul;Saida de Pista;1;0;1;;;;1
28/06/2021;05:44:00;40;AC03 - ACIDENTE SEM VÍTIMA;760,583;BR-163/MT;Sul;Atropelamento de Animal;1;2;;;;;1
28/06/2021;08:20:00;74;AC02 - ACIDENTE COM VÍTIMA;568,618;BR-163/MT;Norte;Saida de Pista;1;1;1;;;;1
28/06/2021;18:26:00;268;AC03 - ACIDENTE SEM VÍTIMA;269,82;BR-364/MT;Norte;Colisão Lateral;1;2;;;;;1
29/06/2021;07:13:00;53;AC03 - ACIDENTE SEM VÍTIMA;117,646;BR-163/MT;Norte;Colisão Lateral;1;2;;;;;1
29/06/2021;10:57:00;146;AC03 - ACIDENTE SEM VÍTIMA;568,136;BR-163/MT;Norte;Colisão Traseira;1;2;;;;;1
29/06/2021;12:58:00;172;AC03 - ACIDENTE SEM VÍTIMA;538,603;BR-163/MT;Sul;Colisão Traseira;2;2;;;;;1
29/06/2021;13:21:00;175;AC03 - ACIDENTE SEM VÍTIMA;599,103;BR-163/MT;Norte;Colisão Lateral;2;5;;;;;1
29/06/2021;14:58:00;210;AC03 - ACIDENTE SEM VÍTIMA;509,791;BR-070/MT;Sul;Choque - Arvore;1;1;;;;;1
29/06/2021;17:11:00;251;AC03 - ACIDENTE SEM VÍTIMA;347,029;BR-364/MT;Norte;Saida de Pista;1;1;;;;;1
30/06/2021;06:44:00;52;AC03 - ACIDENTE SEM VÍTIMA;671,284;BR-163/MT;Sul;Colisão Traseira;2;2;;;;;1
30/06/2021;09:13:00;103;AC03 - ACIDENTE SEM VÍTIMA;521,536;BR-070/MT;Sul;Colisão Lateral;1;5;;;;;1
30/06/2021;11:05:00;146;AC03 - ACIDENTE SEM VÍTIMA;831,143;BR-163/MT;Norte;Choque - Outros;1;1;;;;;1
30/06/2021;14:37:00;200;AC02 - ACIDENTE COM VÍTIMA;6,554;BR-163/MT;Sul;Capotamento;1;0;;1;;;2
30/06/2021;15:48:00;220;AC03 - ACIDENTE SEM VÍTIMA;518,066;BR-070/MT;Sul;Colisão Transversal;2;2;;;;;1
30/06/2021;16:35:00;240;AC03 - ACIDENTE SEM VÍTIMA;827,196;BR-163/MT;Sul;Colisão Transversal;2;2;;;;;1
30/06/2021;18:03:00;262;AC02 - ACIDENTE COM VÍTIMA;27,544;BR-163/MT;Norte;Capotamento;1;1;1;;;;1
30/06/2021;18:24:00;267;AC03 - ACIDENTE SEM VÍTIMA;753,948;BR-163/MT;Sul;Colisão Lateral;1;2;;;;;1
30/06/2021;20:11:00;293;AC03 - ACIDENTE SEM VÍTIMA;273,051;BR-364/MT;Sul;Colisão Lateral;2;2;;;;;1
01/07/2021;07:32:00;74;AC03 - ACIDENTE SEM VÍTIMA;772,465;BR-163/MT;Sul;Tombamento;1;1;;;;;1
01/07/2021;09:54:00;133;AC03 - ACIDENTE SEM VÍTIMA;848,183;BR-163/MT;Sul;Colisão Lateral;1;2;;;;;1
01/07/2021;10:07:00;136;AC02 - ACIDENTE COM VÍTIMA;240,641;BR-364/MT;Sul;Colisão Lateral;1;1;2;;;;1
01/07/2021;13:55:00;206;AC03 - ACIDENTE SEM VÍTIMA;848,951;BR-163/MT;Sul;Tombamento;1;1;;;;;1
01/07/2021;14:48:00;224;AC03 - ACIDENTE SEM VÍTIMA;458,97;BR-364/MT;Norte;Choque - Defensa, barreira ou "submarino";1;1;;;;;1
01/07/2021;15:02:00;226;AC03 - ACIDENTE SEM VÍTIMA;379,537;BR-364/MT;Sul;Colisão Lateral;1;3;;;;;1
01/07/2021;22:46:00;328;AC03 - ACIDENTE SEM VÍTIMA;551,18;BR-163/MT;Norte;Tombamento;1;1;;;;;1
02/07/2021;07:15:00;60;AC03 - ACIDENTE SEM VÍTIMA;513,737;BR-163/MT;Norte;Colisão Lateral;2;2;;;;;1
02/07/2021;10:55:00;165;AC03 - ACIDENTE SEM VÍTIMA;34,465;BR-163/MT;Sul;Tombamento;1;1;;;;;1
02/07/2021;15:28:00;254;AC03 - ACIDENTE SEM VÍTIMA;531,058;BR-163/MT;Sul;Colisão Lateral;1;6;;;;;1
02/07/2021;15:36:00;255;AC03 - ACIDENTE SEM VÍTIMA;574,963;BR-364/MT;Norte;Colisão Traseira;2;2;;;;;1
02/07/2021;17:17:00;287;AC03 - ACIDENTE SEM VÍTIMA;461,859;BR-364/MT;Norte;Colisão Lateral;2;3;;;;;1
03/07/2021;03:23:00;37;AC02 - ACIDENTE COM VÍTIMA;519,955;BR-070/MT;Norte;Colisão Transversal;1;1;;;1;;2
03/07/2021;05:00:00;48;AC03 - ACIDENTE SEM VÍTIMA;701,417;BR-163/MT;Norte;Tombamento;1;1;;;;;1
04/07/2021;07:26:00;69;AC01 - ACIDENTE COM VÍTIMA FATAL;770,101;BR-163/MT;Sul;Colisão Frontal;1;1;1;;;1;3
04/07/2021;15:26:00;159;AC03 - ACIDENTE SEM VÍTIMA;543,001;BR-364/MT;Norte;Colisão Lateral;1;2;;;;;1
04/07/2021;16:58:00;190;AC03 - ACIDENTE SEM VÍTIMA;494,824;BR-364/MT;Norte;Choque - Veiculo parado no acostamento;2;2;;;;;1
04/07/2021;19:33:00;224;AC03 - ACIDENTE SEM VÍTIMA;610,695;BR-163/MT;Sul;Colisão Lateral;1;3;;;;;1
05/07/2021;07:13:00;66;AC03 - ACIDENTE SEM VÍTIMA;274,702;BR-364/MT;Sul;Colisão Transversal;1;2;;;;;1
05/07/2021;08:31:00;100;AC03 - ACIDENTE SEM VÍTIMA;348,675;BR-364/MT;Sul;Colisão Traseira;1;2;;;;;1
05/07/2021;08:52:00;112;AC03 - ACIDENTE SEM VÍTIMA;348,698;BR-364/MT;Norte;Saida de Pista;1;1;;;;;1
05/07/2021;15:25:00;235;AC03 - ACIDENTE SEM VÍTIMA;498,247;BR-070/MT;Norte;Colisão Traseira;1;2;;;;;1
05/07/2021;18:28:00;287;AC02 - ACIDENTE COM VÍTIMA;555,806;BR-163/MT;Sul;Colisão Lateral;1;1;1;;;;1
06/07/2021;11:37:00;184;AC02 - ACIDENTE COM VÍTIMA;435,589;BR-364/MT;Sul;Colisão Transversal;1;1;;1;;;2
06/07/2021;12:25:00;200;AC03 - ACIDENTE SEM VÍTIMA;573,265;BR-163/MT;Norte;Colisão Traseira;2;2;;;;;1
06/07/2021;15:08:00;252;AC03 - ACIDENTE SEM VÍTIMA;628,184;BR-163/MT;Norte;Colisão Lateral;1;2;;;;;1
06/07/2021;17:12:00;283;AC03 - ACIDENTE SEM VÍTIMA;506,76;BR-070/MT;Sul;Colisão Traseira;2;2;;;;;1
06/07/2021;17:53:00;298;AC03 - ACIDENTE SEM VÍTIMA;625,085;BR-163/MT;Sul;Saida de Pista;1;1;;;;;1
06/07/2021;17:58:00;300;AC03 - ACIDENTE SEM VÍTIMA;625,085;BR-163/MT;Norte;Saida de Pista;1;1;;;;;1
06/07/2021;20:02:00;327;AC02 - ACIDENTE COM VÍTIMA;266,533;BR-364/MT;Sul;Colisão Traseira;1;1;2;;;;1
07/07/2021;08:00:00;92;AC02 - ACIDENTE COM VÍTIMA;827,299;BR-163/MT;Norte;Colisão Lateral;1;1;1;;;;1
07/07/2021;10:32:00;149;AC03 - ACIDENTE SEM VÍTIMA;527,265;BR-163/MT;Norte;Colisão Traseira;1;2;;;;;1
08/07/2021;08:28:00;98;AC03 - ACIDENTE SEM VÍTIMA;500,946;BR-070/MT;Norte;Colisão Traseira;2;2;;;;;1
08/07/2021;14:10:00;215;AC03 - ACIDENTE SEM VÍTIMA;479,1;BR-364/MT;Norte;Choque - Veiculo parado na pista;1;2;;;;;1
08/07/2021;15:15:00;221;AC02 - ACIDENTE COM VÍTIMA;678,875;BR-163/MT;Sul;Colisão Lateral;1;1;;1;;;2
08/07/2021;19:08:00;290;AC03 - ACIDENTE SEM VÍTIMA;12,077;BR-163/MT;Sul;Atropelamento de Animal;1;1;;;;;1
09/07/2021;06:49:00;69;AC03 - ACIDENTE SEM VÍTIMA;117,816;BR-163/MT;Norte;Choque - Veiculo parado no acostamento;2;2;;;;;1
09/07/2021;07:18:00;79;AC02 - ACIDENTE COM VÍTIMA;687,075;BR-163/MT;Sul;Colisão Transversal;1;1;;;1;;2
09/07/2021;11:33:00;170;AC03 - ACIDENTE SEM VÍTIMA;511,646;BR-163/MT;Sul;Colisão Traseira;1;2;;;;;1
09/07/2021;14:20:00;214;AC03 - ACIDENTE SEM VÍTIMA;440,281;BR-364/MT;Norte;Colisão Lateral;2;2;;;;;1
09/07/2021;16:36:00;252;AC03 - ACIDENTE SEM VÍTIMA;119,573;BR-163/MT;Norte;Engavetamento;2;5;;;;;1
09/07/2021;22:23:00;335;AC03 - ACIDENTE SEM VÍTIMA;496,1;BR-070/MT;Norte;Colisão Lateral;1;2;;;;;1
10/07/2021;08:01:00;75;AC03 - ACIDENTE SEM VÍTIMA;512,87;BR-163/MT;Sul;Colisão Traseira;1;2;;;;;1
10/07/2021;12:29:00;175;AC03 - ACIDENTE SEM VÍTIMA;399,708;BR-364/MT;Sul;Colisão Traseira;1;7;;;;;1