data;horario;n_da_ocorrencia;tipo_de_ocorrencia;km;trecho;sentido;tipo_de_acidente;caminhao;ilesos;levemente_feridos;moderadamente_feridos;gravemente_feridos;mortos;3
10/07/2021;15:13:00;245;AC03 - ACIDENTE SEM VÍTIMA;452,578;BR-364/MT;Norte;Tombamento;1;1;;;;;1
10/07/2021;23:02:00;371;AC01 - ACIDENTE COM VÍTIMA FATAL;512,184;BR-163/MT;Norte;Colisão Frontal;1;1;;;;1;3
11/07/2021;01:30:00;14;AC03 - ACIDENTE SEM VÍTIMA;97,069;BR-163/MT;Sul;Tombamento;1;1;;;;;1
11/07/2021;06:17:00;51;AC03 - ACIDENTE SEM VÍTIMA;785,979;BR-163/MT;Norte;Colisão Lateral;1;3;;;;;1
11/07/2021;12:34:00;156;AC03 - ACIDENTE SEM VÍTIMA;618,479;BR-163/MT;Sul;Colisão Traseira;2;4;;;;;1
11/07/2021;18:11:00;270;AC03 - ACIDENTE SEM VÍTIMA;503,622;BR-070/MT;Norte;Colisão Traseira;1;2;;;;;1
11/07/2021;18:58:00;291;AC02 - ACIDENTE COM VÍTIMA;772,759;BR-163/MT;Sul;Colisão Transversal;1;3;1;;;;1
11/07/2021;19:00:00;293;AC03 - ACIDENTE SEM VÍTIMA;563,582;BR-163/MT;Sul;Saida de Pista;1;1;;;;;1
12/07/2021;03:13:00;30;AC01 - ACIDENTE COM VÍTIMA FATAL;522,875;BR-070/MT;Sul;Colisão Frontal;1;1;;;;1;3
12/07/2021;06:54:00;62;AC03 - ACIDENTE SEM VÍTIMA;838,817;BR-163/MT;Norte;Colisão Lateral;1;2;;;;;1
12/07/2021;11:41:00;150;AC03 - ACIDENTE SEM VÍTIMA;621,259;BR-163/MT;Sul;Engavetamento;2;7;;;;;1
12/07/2021;14:05:00;183;AC03 - ACIDENTE SEM VÍTIMA;758,217;BR-163/MT;Norte;Colisão Lateral;1;2;;;;;1
12/07/2021;22:21:00;294;AC02 - ACIDENTE COM VÍTIMA;519,102;BR-163/MT;Sul;Tombamento;1;1;1;;;;1
12/07/2021;23:50:00;307;AC02 - ACIDENTE COM VÍTIMA;110,324;BR-163/MT;Sul;Colisão Traseira;1;0;2;;;;1
13/07/2021;13:26:00;162;AC03 - ACIDENTE SEM VÍTIMA;521,593;BR-070/MT;Sul;Colisão Transversal;2;2;;;;;1
13/07/2021;14:18:00;175;AC03 - ACIDENTE SEM VÍTIMA;687,069;BR-163/MT;Sul;Colisão Transversal;1;2;;;;;1
13/07/2021;14:43:00;184;AC03 - ACIDENTE SEM VÍTIMA;752,364;BR-163/MT;Norte;Colisão Transversal;1;2;;;;;1
13/07/2021;14:57:00;186;AC03 - ACIDENTE SEM VÍTIMA;621,001;BR-163/MT;Sul;Colisão Traseira;1;3;;;;;1
13/07/2021;16:55:00;232;AC03 - ACIDENTE SEM VÍTIMA;346,878;BR-364/MT;Sul;Colisão Traseira;2;2;;;;;1
14/07/2021;09:34:00;124;AC02 - ACIDENTE COM VÍTIMA;514,901;BR-070/MT;Sul;Engavetamento;2;2;;2;;;2
14/07/2021;12:53:00;193;AC02 - ACIDENTE COM VÍTIMA;331,156;BR-364/MT;Norte;Tombamento;1;1;1;;;;1
14/07/2021;15:39:00;257;AC03 - ACIDENTE SEM VÍTIMA;210,21;BR-364/MT;Norte;Colisão Traseira;1;2;;;;;1
15/07/2021;06:57:00;72;AC03 - ACIDENTE SEM VÍTIMA;479,701;BR-364/MT;Norte;Colisão Lateral;2;2;;;;;1
15/07/2021;07:41:00;94;AC03 - ACIDENTE SEM VÍTIMA;513,659;BR-070/MT;Sul;Colisão Traseira;1;2;;;;;1
15/07/2021;18:38:00;366;AC03 - ACIDENTE SEM VÍTIMA;519,571;BR-163/MT;Norte;Saida de Pista;1;1;;;;;1
15/07/2021;19:41:00;385;AC03 - ACIDENTE SEM VÍTIMA;539,15;BR-163/MT;Norte;Colisão Traseira;1;2;;;;;1
15/07/2021;20:40:00;398;AC02 - ACIDENTE COM VÍTIMA;493,75;BR-364/MT;Norte;Atropelamento - Ciclista;1;2;;1;;;2
16/07/2021;07:31:00;73;AC02 - ACIDENTE COM VÍTIMA;821,897;BR-163/MT;Sul;Colisão Transversal;1;1;2;;;;1
16/07/2021;07:43:00;78;AC03 - ACIDENTE SEM VÍTIMA;316,599;BR-364/MT;Sul;Colisão Traseira;1;5;;;;;1
16/07/2021;11:39:00;163;AC03 - ACIDENTE SEM VÍTIMA;511,959;BR-070/MT;Norte;Colisão Traseira;1;2;;;;;1
16/07/2021;12:34:00;176;AC02 - ACIDENTE COM VÍTIMA;574,992;BR-364/MT;Sul;Colisão Traseira;2;1;1;;;;1
16/07/2021;13:13:00;183;AC02 - ACIDENTE COM VÍTIMA;689,745;BR-163/MT;Norte;Colisão Transversal;1;2;1;;;;1
16/07/2021;14:00:00;195;AC01 - ACIDENTE COM VÍTIMA FATAL;523,141;BR-163/MT;Norte;Colisão Frontal;2;1;;;;1;3
16/07/2021;14:55:00;213;AC03 - ACIDENTE SEM VÍTIMA;514,014;BR-070/MT;Sul;Colisão Traseira;2;2;;;;;1
17/07/2021;01:54:00;30;AC03 - ACIDENTE SEM VÍTIMA;97,851;BR-163/MT;Sul;Tombamento;1;1;;;;;1
17/07/2021;03:04:00;35;AC03 - ACIDENTE SEM VÍTIMA;346,039;BR-364/MT;Sul;Choque - Defensa, barreira ou "submarino";1;1;;;;;1
17/07/2021;10:20:00;142;AC03 - ACIDENTE SEM VÍTIMA;239,64;BR-364/MT;Norte;Tombamento;1;3;;;;;1
17/07/2021;10:28:00;145;AC03 - ACIDENTE SEM VÍTIMA;579,034;BR-364/MT;Norte;Colisão Frontal;2;2;;;;;1
17/07/2021;13:56:00;217;AC03 - ACIDENTE SEM VÍTIMA;613,435;BR-163/MT;Sul;Colisão Traseira;1;38;;;;;1
17/07/2021;15:00:00;235;AC02 - ACIDENTE COM VÍTIMA;324,423;BR-364/MT;Sul;Choque - Veiculo parado na pista;1;3;3;;;;1
18/07/2021;17:16:00;225;AC02 - ACIDENTE COM VÍTIMA;827,5;BR-163/MT;Sul;Colisão Transversal;1;2;1;;;;1
19/07/2021;09:00:00;106;AC03 - ACIDENTE SEM VÍTIMA;609,739;BR-163/MT;Norte;Colisão Traseira;1;3;;;;;1
19/07/2021;09:01:00;107;AC03 - ACIDENTE SEM VÍTIMA;400,151;BR-364/MT;Sul;Colisão Traseira;2;2;;;;;1
19/07/2021;10:05:00;139;AC03 - ACIDENTE SEM VÍTIMA;347,869;BR-364/MT;Norte;Tombamento;1;1;;;;;1
19/07/2021;14:05:00;196;AC03 - ACIDENTE SEM VÍTIMA;737,26;BR-163/MT;Sul;Colisão Lateral;1;3;;;;;1
19/07/2021;15:30:00;221;AC03 - ACIDENTE SEM VÍTIMA;746,581;BR-163/MT;Norte;Tombamento;1;1;;;;;1
19/07/2021;17:42:00;260;AC02 - ACIDENTE COM VÍTIMA;802,887;BR-163/MT;Sul;Tombamento;1;0;2;1;;;2
19/07/2021;18:48:00;275;AC03 - ACIDENTE SEM VÍTIMA;347,176;BR-364/MT;Norte;Colisão Transversal;1;3;;;;;1
19/07/2021;19:52:00;284;AC03 - ACIDENTE SEM VÍTIMA;119,631;BR-163/MT;Norte;Saida de Pista;1;1;;;;;1
19/07/2021;20:19:00;291;AC03 - ACIDENTE SEM VÍTIMA;119,575;BR-163/MT;Norte;Colisão Lateral;1;3;;;;;1
20/07/2021;06:38:00;48;AC03 - ACIDENTE SEM VÍTIMA;753,688;BR-163/MT;Norte;Colisão Lateral;1;5;;;;;1
20/07/2021;16:30:00;230;AC03 - ACIDENTE SEM VÍTIMA;119,708;BR-163/MT;Norte;Saida de Pista;1;1;;;;;1
20/07/2021;21:37:00;292;AC03 - ACIDENTE SEM VÍTIMA;476,204;BR-364/MT;Sul;Colisão Traseira;1;24;;;;;1
20/07/2021;23:35:00;311;AC03 - ACIDENTE SEM VÍTIMA;461,079;BR-364/MT;Norte;Atropelamento de Animal;1;1;;;;;1
21/07/2021;08:12:00;71;AC03 - ACIDENTE SEM VÍTIMA;629,21;BR-163/MT;Sul;Colisão Traseira;2;2;;;;;1
21/07/2021;08:35:00;80;AC03 - ACIDENTE SEM VÍTIMA;760,329;BR-163/MT;Sul;Engavetamento;2;6;;;;;1
21/07/2021;10:13:00;119;AC03 - ACIDENTE SEM VÍTIMA;677,191;BR-163/MT;Sul;Tombamento;1;1;;;;;1
21/07/2021;11:29:00;149;AC03 - ACIDENTE SEM VÍTIMA;807,195;BR-163/MT;Sul;Engavetamento;3;3;;;;;1
21/07/2021;16:00:00;228;AC03 - ACIDENTE SEM VÍTIMA;544,172;BR-163/MT;Sul;Tombamento;1;1;;;;;1
21/07/2021;16:15:00;234;AC03 - ACIDENTE SEM VÍTIMA;665,46;BR-163/MT;Norte;Tombamento;1;1;;;;;1
21/07/2021;19:46:00;296;AC03 - ACIDENTE SEM VÍTIMA;523,151;BR-070/MT;Sul;Colisão Traseira;2;2;;;;;1
22/07/2021;05:51:00;43;AC02 - ACIDENTE COM VÍTIMA;117,599;BR-163/MT;Sul;Colisão Traseira;1;1;2;;;;1
22/07/2021;08:48:00;118;AC03 - ACIDENTE SEM VÍTIMA;343,331;BR-364/MT;Norte;Saida de Pista;1;1;;;;;1
22/07/2021;11:06:00;180;AC03 - ACIDENTE SEM VÍTIMA;603,636;BR-163/MT;Norte;Colisão Traseira;1;2;;;;;1
22/07/2021;14:49:00;257;AC03 - ACIDENTE SEM VÍTIMA;227,2;BR-364/MT;Norte;Tombamento;1;1;;;;;1
22/07/2021;15:49:00;281;AC02 - ACIDENTE COM VÍTIMA;522,23;BR-070/MT;Sul;Colisão Transversal;1;1;;1;;;2
22/07/2021;17:58:00;320;AC03 - ACIDENTE SEM VÍTIMA;119,003;BR-163/MT;Norte;Colisão Lateral;1;3;;;;;1
23/07/2021;06:45:00;64;AC03 - ACIDENTE SEM VÍTIMA;204,545;BR-364/MT;Sul;Queda de Moto;1;1;;;;;1
23/07/2021;11:01:00;186;AC02 - ACIDENTE COM VÍTIMA;828,453;BR-163/MT;Sul;Tombamento;1;1;1;;;;1
23/07/2021;14:45:00;262;AC02 - ACIDENTE COM VÍTIMA;496,034;BR-070/MT;Norte;Engavetamento;2;5;1;;;;1
23/07/2021;19:18:00;352;AC03 - ACIDENTE SEM VÍTIMA;657,1;BR-163/MT;Norte;Saida de Pista;1;1;;;;;1
23/07/2021;22:25:00;384;AC03 - ACIDENTE SEM VÍTIMA;579,583;BR-163/MT;Sul;Choque - Defensa, barreira ou "submarino";1;1;;;;;1
24/07/2021;07:43:00;79;AC02 - ACIDENTE COM VÍTIMA;544,248;BR-364/MT;Norte;Colisão Lateral;2;1;3;1;;;2
24/07/2021;08:07:00;88;AC03 - ACIDENTE SEM VÍTIMA;510,447;BR-364/MT;Norte;Saida de Pista;1;1;;;;;1
24/07/2021;09:07:00;104;AC03 - ACIDENTE SEM VÍTIMA;510,384;BR-070/MT;Sul;Colisão Lateral;1;3;;;;;1
24/07/2021;13:04:00;181;AC03 - ACIDENTE SEM VÍTIMA;603,09;BR-163/MT;Norte;Colisão Traseira;2;2;;;;;1
24/07/2021;14:41:00;216;AC03 - ACIDENTE SEM VÍTIMA;261,683;BR-364/MT;Sul;Colisão Traseira;1;4;;;;;1
24/07/2021;15:41:00;232;AC03 - ACIDENTE SEM VÍTIMA;640,8;BR-163/MT;Norte;Colisão Lateral;2;3;;;;;1
24/07/2021;17:24:00;271;AC03 - ACIDENTE SEM VÍTIMA;512,371;BR-163/MT;Sul;Colisão Traseira;2;2;;;;;1
25/07/2021;00:13:00;10;AC02 - ACIDENTE COM VÍTIMA;539,633;BR-163/MT;Sul;Tombamento;1;0;1;;;;1
25/07/2021;05:34:00;32;AC02 - ACIDENTE COM VÍTIMA;439,033;BR-364/MT;Sul;Colisão Traseira;1;15;1;4;2;;2
25/07/2021;09:03:00;67;AC02 - ACIDENTE COM VÍTIMA;581,727;BR-163/MT;Norte;Colisão Lateral;2;1;1;;;;1
25/07/2021;14:58:00;156;AC03 - ACIDENTE SEM VÍTIMA;688,715;BR-163/MT;Norte;Colisão Traseira;1;6;;;;;1
25/07/2021;20:21:00;249;AC03 - ACIDENTE SEM VÍTIMA;285,078;BR-364/MT;Sul;Tombamento;1;1;;;;;1
25/07/2021;20:23:00;250;AC03 - ACIDENTE SEM VÍTIMA;37,749;BR-163/MT;Norte;Saida de Pista;1;2;;;;;1
25/07/2021;21:02:00;257;AC02 - ACIDENTE COM VÍTIMA;810,766;BR-163/MT;Norte;Colisão Frontal;1;1;;3;1;;2
26/07/2021;06:05:00;31;AC03 - ACIDENTE SEM VÍTIMA;209,315;BR-364/MT;Norte;Choque - Defensa, barreira ou "submarino";1;1;;;;;1
26/07/2021;07:48:00;62;AC03 - ACIDENTE SEM VÍTIMA;562,346;BR-364/MT;Sul;Colisão Lateral;1;3;;;;;1
26/07/2021;10:16:00;119;AC03 - ACIDENTE SEM VÍTIMA;770,361;BR-163/MT;Sul;Saida de Pista;1;1;;;;;1
26/07/2021;10:20:00;121;AC03 - ACIDENTE SEM VÍTIMA;831,579;BR-163/MT;Norte;Colisão Transversal;1;2;;;;;1
26/07/2021;14:13:00;187;AC03 - ACIDENTE SEM VÍTIMA;633,95;BR-163/MT;Sul;Colisão Traseira;2;2;;;;;1
26/07/2021;16:38:00;242;AC03 - ACIDENTE SEM VÍTIMA;832,649;BR-163/MT;Norte;Colisão Lateral;1;2;;;;;1
26/07/2021;17:54:00;269;AC03 - ACIDENTE SEM VÍTIMA;601,213;BR-163/MT;Sul;Tombamento;1;1;;;;;1
27/07/2021;06:35:00;73;AC03 - ACIDENTE SEM VÍTIMA;844,943;BR-163/MT;Norte;Colisão Lateral;1;4;;;;;1
27/07/2021;10:19:00;155;AC02 - ACIDENTE COM VÍTIMA;349,695;BR-364/MT;Norte;Tombamento;1;0;;1;;;2
27/07/2021;11:42:00;181;AC03 - ACIDENTE SEM VÍTIMA;805,767;BR-163/MT;Sul;Colisão Lateral;2;2;;;;;1
27/07/2021;13:36:00;211;AC03 - ACIDENTE SEM VÍTIMA;579,164;BR-364/MT;Sul;Colisão Traseira;1;3;;;;;1
27/07/2021;20:06:00;330;AC03 - ACIDENTE SEM VÍTIMA;721,027;BR-163/MT;Norte;Saida de Pista;1;1;;;;;1
28/07/2021;12:59:00;161;AC03 - ACIDENTE SEM VÍTIMA;578,1;BR-163/MT;Sul;Colisão Lateral;1;2;;;;;1
28/07/2021;14:13:00;186;AC02 - ACIDENTE COM VÍTIMA;646,928;BR-163/MT;Norte;Colisão Traseira;2;1;1;;;;1
28/07/2021;14:20:00;188;AC02 - ACIDENTE COM VÍTIMA;349,738;BR-364/MT;Norte;Choque - Veiculo parado no acostamento;1;1;1;;;;1
28/07/2021;15:41:00;209;AC02 - ACIDENTE COM VÍTIMA;241,11;BR-364/MT;Sul;Colisão Lateral;1;1;;1;;;2
29/07/2021;08:12:00;74;AC03 - ACIDENTE SEM VÍTIMA;551,074;BR-163/MT;Norte;Saida de Pista;1;1;;;;;1
29/07/2021;11:44:00;151;AC03 - ACIDENTE SEM VÍTIMA;532,528;BR-364/MT;Norte;Colisão Traseira;2;2;;;;;1
29/07/2021;13:18:00;167;AC03 - ACIDENTE SEM VÍTIMA;801,522;BR-163/MT;Norte;Colisão Traseira;1;2;;;;;1
29/07/2021;14:24:00;185;AC01 - ACIDENTE COM VÍTIMA FATAL;501,494;BR-364/MT;Norte;Colisão Transversal;1;2;;;;1;3
30/07/2021;06:53:00;41;AC03 - ACIDENTE SEM VÍTIMA;536,386;BR-163/MT;Norte;Colisão Lateral;1;3;;;;;1
30/07/2021;07:16:00;47;AC03 - ACIDENTE SEM VÍTIMA;803,84;BR-163/MT;Sul;Colisão Traseira;2;2;;;;;1
30/07/2021;07:22:00;49;AC02 - ACIDENTE COM VÍTIMA;350,309;BR-364/MT;Norte;Saida de Pista;1;0;1;;;;1
30/07/2021;08:02:00;59;AC03 - ACIDENTE SEM VÍTIMA;525,975;BR-364/MT;Norte;Saida de Pista;1;1;;;;;1
30/07/2021;08:49:00;77;AC03 - ACIDENTE SEM VÍTIMA;831,591;BR-163/MT;Sul;Colisão Traseira;1;2;;;;;1
30/07/2021;09:35:00;96;AC03 - ACIDENTE SEM VÍTIMA;766,697;BR-163/MT;Norte;Colisão Traseira;2;2;;;;;1
30/07/2021;10:46:00;126;AC03 - ACIDENTE SEM VÍTIMA;509,346;BR-070/MT;Norte;Colisão Traseira;2;2;;;;;1
30/07/2021;10:56:00;135;AC03 - ACIDENTE SEM VÍTIMA;832,871;BR-163/MT;Sul;Tombamento;1;1;;;;;1
30/07/2021;15:11:00;217;AC03 - ACIDENTE SEM VÍTIMA;624,86;BR-163/MT;Sul;Engavetamento;2;7;;;;;1
30/07/2021;15:53:00;231;AC03 - ACIDENTE SEM VÍTIMA;305,375;BR-364/MT;Sul;Colisão Traseira;3;3;;;;;1
30/07/2021;21:00:00;324;AC03 - ACIDENTE SEM VÍTIMA;447,521;BR-364/MT;Sul;Atropelamento de Animal;1;1;;;;;1
31/07/2021;03:33:00;44;AC03 - ACIDENTE SEM VÍTIMA;341,287;BR-364/MT;Sul;Tombamento;1;1;;;;;1
31/07/2021;06:48:00;79;AC03 - ACIDENTE SEM VÍTIMA;489,881;BR-364/MT;Norte;Colisão Lateral;1;3;;;;;1
31/07/2021;13:18:00;196;AC01 - ACIDENTE COM VÍTIMA FATAL;60,227;BR-163/MT;Sul;Capotamento;1;0;;;;1;3
31/07/2021;13:50:00;209;AC03 - ACIDENTE SEM VÍTIMA;560,927;BR-364/MT;Sul;Colisão Traseira;1;2;;;;;1
31/07/2021;14:53:00;227;AC03 - ACIDENTE SEM VÍTIMA;399,756;BR-364/MT;Sul;Colisão Lateral;1;5;;;;;1
01/08/2021;11:22:00;101;AC03 - ACIDENTE SEM VÍTIMA;710,513;BR-163/MT;Sul;Colisão Lateral;2;2;;;;;1
02/08/2021;07:32:00;73;AC03 - ACIDENTE SEM VÍTIMA;272,68;BR-364/MT;Sul;Colisão Traseira;2;3;;;;;1
02/08/2021;08:38:00;94;AC03 - ACIDENTE SEM VÍTIMA;606,9;BR-163/MT;Sul;Colisão Lateral;1;3;;;;;1
02/08/2021;18:05:00;275;AC03 - ACIDENTE SEM VÍTIMA;571,783;BR-163/MT;Sul;Choque - Poste;1;1;;;;;1
02/08/2021;19:05:00;287;AC02 - ACIDENTE COM VÍTIMA;347,456;BR-364/MT;Norte;Colisão Traseira;3;2;;1;1;;2
03/08/2021;06:39:00;28;AC03 - ACIDENTE SEM VÍTIMA;595,679;BR-163/MT;Sul;Colisão Traseira;2;4;;;;;1
03/08/2021;08:59:00;77;AC03 - ACIDENTE SEM VÍTIMA;400,565;BR-364/MT;Norte;Colisão Lateral;2;4;;;;;1
03/08/2021;09:09:00;81;AC03 - ACIDENTE SEM VÍTIMA;117,834;BR-163/MT;Norte;Colisão Lateral;2;2;;;;;1
03/08/2021;12:05:00;150;AC03 - ACIDENTE SEM VÍTIMA;579,121;BR-364/MT;Sul;Colisão Traseira;1;4;;;;;1
03/08/2021;16:02:00;240;AC03 - ACIDENTE SEM VÍTIMA;587,1;BR-163/MT;Sul;Colisão Traseira;1;2;;;;;1
03/08/2021;21:25:00;312;AC03 - ACIDENTE SEM VÍTIMA;360,954;BR-364/MT;Norte;Atropelamento de Animal;1;1;;;;;1
03/08/2021;23:30:00;331;AC02 - ACIDENTE COM VÍTIMA;590,079;BR-163/MT;Sul;Atropelamento - Ciclista;1;1;;1;;;2
04/08/2021;03:24:00;26;AC02 - ACIDENTE COM VÍTIMA;116,217;BR-163/MT;Sul;Tombamento;1;0;1;;;;1
04/08/2021;09:11:00;104;AC03 - ACIDENTE SEM VÍTIMA;209,247;BR-364/MT;Norte;Choque - Defensa, barreira ou "submarino";1;1;;;;;1
04/08/2021;13:06:00;184;AC02 - ACIDENTE COM VÍTIMA;837,832;BR-163/MT;Sul;Atropelamento - Ciclista;1;1;2;;;;1
05/08/2021;07:06:00;45;AC03 - ACIDENTE SEM VÍTIMA;752,795;BR-163/MT;Norte;Colisão Lateral;1;4;;;;;1
05/08/2021;07:11:00;48;AC03 - ACIDENTE SEM VÍTIMA;249,897;BR-364/MT;Norte;Colisão Traseira;1;7;;;;;1
05/08/2021;07:56:00;67;AC03 - ACIDENTE SEM VÍTIMA;510,379;BR-364/MT;Norte;Objeto lançado contra veículo;2;2;;;;;1
05/08/2021;07:56:00;100;AC03 - ACIDENTE SEM VÍTIMA;510,379;BR-364/MT;Norte;Objeto lançado contra veículo;2;2;;;;;1
05/08/2021;14:31:00;207;AC02 - ACIDENTE COM VÍTIMA;732,801;BR-163/MT;Norte;Engavetamento;3;2;1;;;;1
05/08/2021;14:33:00;208;AC02 - ACIDENTE COM VÍTIMA;829,267;BR-163/MT;Sul;Colisão Lateral;2;2;1;;;;1
05/08/2021;15:41:00;228;AC03 - ACIDENTE SEM VÍTIMA;539,816;BR-163/MT;Norte;Colisão Transversal;2;2;;;;;1
05/08/2021;16:38:00;245;AC03 - ACIDENTE SEM VÍTIMA;574,18;BR-364/MT;Sul;Colisão Traseira;2;2;;;;;1
05/08/2021;16:38:00;246;AC03 - ACIDENTE SEM VÍTIMA;118,232;BR-163/MT;Norte;Saida de Pista;1;1;;;;;1
05/08/2021;20:33:00;297;AC01 - ACIDENTE COM VÍTIMA FATAL;349,399;BR-364/MT;Norte;Colisão Traseira;3;2;;1;;1;3
05/08/2021;20:39:00;299;AC02 - ACIDENTE COM VÍTIMA;574,35;BR-364/MT;Sul;Colisão Traseira;2;1;1;;;;1
06/08/2021;06:45:00;44;AC03 - ACIDENTE SEM VÍTIMA;736,675;BR-163/MT;Sul;Tombamento;1;1;;;;;1
06/08/2021;09:48:00;116;AC03 - ACIDENTE SEM VÍTIMA;276,964;BR-364/MT;Sul;Tombamento;1;1;;;;;1
06/08/2021;11:49:00;168;AC03 - ACIDENTE SEM VÍTIMA;117,632;BR-163/MT;Sul;Colisão Traseira;1;3;;;;;1
06/08/2021;15:50:00;243;AC03 - ACIDENTE SEM VÍTIMA;119,092;BR-163/MT;Norte;Colisão Lateral;1;2;;;;;1
07/08/2021;06:27:00;56;AC03 - ACIDENTE SEM VÍTIMA;844,575;BR-163/MT;Sul;Tombamento;1;1;;;;;1
07/08/2021;08:16:00;102;AC03 - ACIDENTE SEM VÍTIMA;497,177;BR-070/MT;Norte;Colisão Traseira;1;3;;;;;1
07/08/2021;17:57:00;303;AC03 - ACIDENTE SEM VÍTIMA;561,633;BR-163/MT;Sul;Colisão Lateral;4;5;;;;;1
07/08/2021;22:09:00;350;AC01 - ACIDENTE COM VÍTIMA FATAL;517,031;BR-070/MT;Sul;Colisão Lateral;1;1;;;1;1;3
07/08/2021;22:10:00;351;AC03 - ACIDENTE SEM VÍTIMA;533,9;BR-163/MT;Norte;Saida de Pista;1;1;;;;;1
08/08/2021;06:40:00;49;AC02 - ACIDENTE COM VÍTIMA;789,257;BR-163/MT;Sul;Colisão Transversal;1;3;;;1;;2
08/08/2021;06:56:00;57;AC02 - ACIDENTE COM VÍTIMA;402,092;BR-364/MT;Norte;Colisão Lateral;1;1;2;;;;1
09/08/2021;05:34:00;36;AC01 - ACIDENTE COM VÍTIMA FATAL;717,573;BR-163/MT;Norte;Colisão Frontal;1;0;1;;;1;3
09/08/2021;09:17:00;93;AC03 - ACIDENTE SEM VÍTIMA;540,057;BR-163/MT;Norte;Saida de Pista;1;1;;;;;1
10/08/2021;06:44:00;44;AC03 - ACIDENTE SEM VÍTIMA;521,663;BR-070/MT;Norte;Colisão Lateral;1;3;;;;;1
10/08/2021;07:39:00;63;AC02 - ACIDENTE COM VÍTIMA;474,61;BR-364/MT;Norte;Colisão Lateral;2;1;1;;;;1
10/08/2021;10:16:00;131;AC03 - ACIDENTE SEM VÍTIMA;588,972;BR-163/MT;Sul;Colisão Lateral;1;2;;;;;1
10/08/2021;11:00:00;142;AC03 - ACIDENTE SEM VÍTIMA;539,629;BR-163/MT;Sul;Colisão Frontal;3;3;;;;;1
10/08/2021;11:11:00;145;AC02 - ACIDENTE COM VÍTIMA;375,918;BR-364/MT;Norte;Saida de Pista;1;0;1;;;;1
10/08/2021;14:35:00;193;AC03 - ACIDENTE SEM VÍTIMA;755,67;BR-163/MT;Sul;Colisão Lateral;1;2;;;;;1
11/08/2021;07:32:00;65;AC03 - ACIDENTE SEM VÍTIMA;522,096;BR-070/MT;Sul;Colisão Traseira;2;2;;;;;1
11/08/2021;07:45:00;71;AC03 - ACIDENTE SEM VÍTIMA;658,729;BR-163/MT;Norte;Colisão Traseira;2;2;;;;;1
11/08/2021;20:04:00;310;AC03 - ACIDENTE SEM VÍTIMA;840,725;BR-163/MT;Norte;Choque - Poste;1;1;;;;;1
12/08/2021;07:53:00;88;AC03 - ACIDENTE SEM VÍTIMA;513,31;BR-364/MT;Norte;Saida de Pista;1;1;;;;;1
12/08/2021;08:01:00;93;AC02 - ACIDENTE COM VÍTIMA;785,314;BR-163/MT;Norte;Colisão Traseira;2;2;2;;;;1
12/08/2021;08:33:00;108;AC03 - ACIDENTE SEM VÍTIMA;579,214;BR-364/MT;Sul;Choque - Defensa, barreira ou "submarino";1;1;;;;;1
12/08/2021;10:42:00;159;AC03 - ACIDENTE SEM VÍTIMA;770,733;BR-163/MT;Sul;Colisão Traseira;2;3;;;;;1
12/08/2021;14:06:00;227;AC03 - ACIDENTE SEM VÍTIMA;493,923;BR-364/MT;Norte;Colisão Traseira;2;2;;;;;1
12/08/2021;17:13:00;287;AC03 - ACIDENTE SEM VÍTIMA;364,06;BR-364/MT;Sul;Colisão Lateral;3;4;;;;;1
13/08/2021;05:46:00;36;AC03 - ACIDENTE SEM VÍTIMA;516,833;BR-070/MT;Sul;Colisão Frontal;2;4;;;;;1
13/08/2021;06:38:00;44;AC02 - ACIDENTE COM VÍTIMA;355,405;BR-364/MT;Norte;Tombamento;1;0;1;;;;1
13/08/2021;09:15:00;100;AC03 - ACIDENTE SEM VÍTIMA;829,267;BR-163/MT;Sul;Colisão Lateral;1;4;;;;;1
13/08/2021;09:42:00;110;AC03 - ACIDENTE SEM VÍTIMA;208,015;BR-364/MT;Norte;Colisão Frontal;1;2;;;;;1
13/08/2021;10:19:00;122;AC03 - ACIDENTE SEM VÍTIMA;434,63;BR-364/MT;Sul;Colisão Lateral;2;2;;;;;1
13/08/2021;21:19:00;309;AC03 - ACIDENTE SEM VÍTIMA;225,3;BR-364/MT;Sul;Atropelamento de Animal;1;1;;;;;1
13/08/2021;23:37:00;332;AC03 - ACIDENTE SEM VÍTIMA;241,853;BR-364/MT;Sul;Tombamento;1;2;;;;;1
14/08/2021;02:43:00;22;AC03 - ACIDENTE SEM VÍTIMA;572,608;BR-163/MT;Sul;Tombamento;1;1;;;;;1
14/08/2021;02:49:00;23;AC03 - ACIDENTE SEM VÍTIMA;211,69;BR-364/MT;Sul;Tombamento;1;1;;;;;1
14/08/2021;08:19:00;80;AC03 - ACIDENTE SEM VÍTIMA;584,66;BR-163/MT;Sul;Tombamento;1;1;;;;;1
14/08/2021;11:20:00;125;AC03 - ACIDENTE SEM VÍTIMA;56,91;BR-163/MT;Norte;Colisão Traseira;2;2;;;;;1
14/08/2021;12:16:00;133;AC03 - ACIDENTE SEM VÍTIMA;744,344;BR-163/MT;Norte;Colisão Lateral;2;3;;;;;1
14/08/2021;12:47:00;141;AC02 - ACIDENTE COM VÍTIMA;3,912;BR-163/MT;Sul;Choque - Defensa, barreira ou "submarino";1;0;1;;;;1
14/08/2021;19:43:00;244;AC03 - ACIDENTE SEM VÍTIMA;770,46;BR-163/MT;Sul;Colisão Traseira;1;2;;;;;1
16/08/2021;07:02:00;44;AC02 - ACIDENTE COM VÍTIMA;829,163;BR-163/MT;Norte;Colisão Traseira;1;1;2;;;;1
16/08/2021;13:34:00;184;AC03 - ACIDENTE SEM VÍTIMA;730,158;BR-163/MT;Sul;Colisão Traseira;1;2;;;;;1
16/08/2021;17:18:00;259;AC03 - ACIDENTE SEM VÍTIMA;645,162;BR-163/MT;Norte;Colisão Transversal;1;2;;;;;1
16/08/2021;21:57:00;324;AC03 - ACIDENTE SEM VÍTIMA;605,543;BR-163/MT;Sul;Tombamento;1;1;;;;;1
17/08/2021;09:41:00;109;AC01 - ACIDENTE COM VÍTIMA FATAL;496,421;BR-070/MT;Norte;Atropelamento - Usuário;1;2;;;;1;3
17/08/2021;12:39:00;159;AC02 - ACIDENTE COM VÍTIMA;545,198;BR-163/MT;Sul;Tombamento;1;0;1;;;;1
17/08/2021;13:57:00;180;AC03 - ACIDENTE SEM VÍTIMA;831,575;BR-163/MT;Sul;Colisão Lateral;1;2;;;;;1
17/08/2021;15:07:00;199;AC02 - ACIDENTE COM VÍTIMA;503,006;BR-070/MT;Sul;Tombamento;1;1;;1;;;2
17/08/2021;17:04:00;234;AC03 - ACIDENTE SEM VÍTIMA;509,584;BR-364/MT;Sul;Saida de Pista;1;1;;;;;1
18/08/2021;03:44:00;28;AC03 - ACIDENTE SEM VÍTIMA;664,566;BR-163/MT;Norte;Colisão Traseira;2;2;;;;;1
18/08/2021;07:13:00;68;AC03 - ACIDENTE SEM VÍTIMA;780,299;BR-163/MT;Norte;Colisão Traseira;2;2;;;;;1
18/08/2021;16:13:00;231;AC03 - ACIDENTE SEM VÍTIMA;536,605;BR-163/MT;Sul;Saida de Pista;1;1;;;;;1