data;horario;n_da_ocorrencia;tipo_de_ocorrencia;km;trecho;sentido;tipo_de_acidente;caminhao;ilesos;levemente_feridos;moderadamente_feridos;gravemente_feridos;mortos;3
25/09/2021;19:16:00;286;AC03 - ACIDENTE SEM VÍTIMA;201,127;BR-364/MT;Norte;Colisão Lateral;1;3;;;;;1
26/09/2021;09:21:00;79;AC03 - ACIDENTE SEM VÍTIMA;271,101;BR-364/MT;Sul;Colisão Lateral;2;4;;;;;1
26/09/2021;14:18:00;149;AC02 - ACIDENTE COM VÍTIMA;494,607;BR-364/MT;Norte;Choque - Veiculo parado no acostamento;1;2;;1;;;2
26/09/2021;14:32:00;151;AC03 - ACIDENTE SEM VÍTIMA;319,348;BR-364/MT;Norte;Colisão Traseira;1;4;;;;;1
26/09/2021;15:33:00;165;AC03 - ACIDENTE SEM VÍTIMA;347,037;BR-364/MT;Norte;Saida de Pista;1;1;;;;;1
26/09/2021;16:22:00;179;AC03 - ACIDENTE SEM VÍTIMA;440,747;BR-364/MT;Norte;Saida de Pista;1;1;;;;;1
26/09/2021;19:34:00;239;AC03 - ACIDENTE SEM VÍTIMA;522,398;BR-070/MT;Sul;Colisão Lateral;1;2;;;;;1
27/09/2021;05:25:00;40;AC02 - ACIDENTE COM VÍTIMA;542,097;BR-163/MT;Norte;Tombamento;1;1;1;;;;1
27/09/2021;06:48:00;55;AC02 - ACIDENTE COM VÍTIMA;519,465;BR-070/MT;Norte;Colisão Lateral;1;1;;1;;;2
27/09/2021;15:02:00;191;AC02 - ACIDENTE COM VÍTIMA;794,3;BR-163/MT;Sul;Tombamento;1;2;;1;;;2
27/09/2021;17:16:00;236;AC02 - ACIDENTE COM VÍTIMA;346,298;BR-364/MT;Norte;Colisão Traseira;2;1;1;;;;1
27/09/2021;17:58:00;249;AC02 - ACIDENTE COM VÍTIMA;349,74;BR-364/MT;Norte;Colisão Traseira;2;1;1;1;;;2
28/09/2021;17:18:00;320;AC03 - ACIDENTE SEM VÍTIMA;258,5;BR-364/MT;Norte;Tombamento;1;1;;;;;1
28/09/2021;17:50:00;330;AC02 - ACIDENTE COM VÍTIMA;350,243;BR-364/MT;Norte;Colisão Lateral;3;3;;;1;;2
28/09/2021;19:14:00;351;AC03 - ACIDENTE SEM VÍTIMA;210,791;BR-364/MT;Sul;Colisão Lateral;2;2;;;;;1
29/09/2021;05:20:00;44;AC03 - ACIDENTE SEM VÍTIMA;575,958;BR-364/MT;Sul;Colisão Lateral;2;2;;;;;1
29/09/2021;13:58:00;192;AC03 - ACIDENTE SEM VÍTIMA;575,943;BR-364/MT;Sul;Choque - Talude;1;1;;;;;1
29/09/2021;14:08:00;195;AC03 - ACIDENTE SEM VÍTIMA;769,079;BR-163/MT;Norte;Colisão Transversal;1;2;;;;;1
29/09/2021;15:11:00;224;AC03 - ACIDENTE SEM VÍTIMA;546,854;BR-163/MT;Norte;Colisão Traseira;1;4;;;;;1
29/09/2021;16:52:00;264;AC03 - ACIDENTE SEM VÍTIMA;493,981;BR-364/MT;Norte;Colisão Traseira;2;4;;;;;1
30/09/2021;13:31:00;212;AC03 - ACIDENTE SEM VÍTIMA;751,645;BR-163/MT;Sul;Colisão Lateral;1;2;;;;;1
30/09/2021;14:01:00;220;AC03 - ACIDENTE SEM VÍTIMA;826,436;BR-163/MT;Norte;Colisão Lateral;2;2;;;;;1
30/09/2021;14:30:00;224;AC03 - ACIDENTE SEM VÍTIMA;759,165;BR-163/MT;Sul;Choque - Poste;1;1;;;;;1
30/09/2021;14:34:00;225;AC03 - ACIDENTE SEM VÍTIMA;397,037;BR-364/MT;Sul;Colisão Transversal;1;5;;;;;1
30/09/2021;14:37:00;226;AC03 - ACIDENTE SEM VÍTIMA;759,165;BR-163/MT;Sul;Colisão Traseira;1;15;;;;;1
30/09/2021;18:17:00;303;AC03 - ACIDENTE SEM VÍTIMA;203,8;BR-364/MT;Sul;Colisão Traseira;2;2;;;;;1
30/09/2021;18:21:00;305;AC03 - ACIDENTE SEM VÍTIMA;250,214;BR-364/MT;Sul;Colisão Traseira;1;3;;;;;1
01/10/2021;10:15:00;125;AC02 - ACIDENTE COM VÍTIMA;592,925;BR-163/MT;Sul;Colisão Traseira;2;1;2;;;;1
01/10/2021;12:39:00;164;AC03 - ACIDENTE SEM VÍTIMA;651,247;BR-163/MT;Norte;Saida de Pista;1;1;;;;;1
01/10/2021;13:22:00;177;AC03 - ACIDENTE SEM VÍTIMA;572,069;BR-163/MT;Sul;Colisão Traseira;2;2;;;;;1
01/10/2021;13:51:00;186;AC03 - ACIDENTE SEM VÍTIMA;516,99;BR-070/MT;Norte;Colisão Transversal;2;2;;;;;1
02/10/2021;05:53:00;36;AC03 - ACIDENTE SEM VÍTIMA;206,1;BR-364/MT;Norte;Colisão Lateral;2;2;;;;;1
02/10/2021;07:10:00;51;AC03 - ACIDENTE SEM VÍTIMA;690,19;BR-163/MT;Norte;Colisão Traseira;1;2;;;;;1
02/10/2021;10:20:00;130;AC03 - ACIDENTE SEM VÍTIMA;565,367;BR-163/MT;Sul;Tombamento;1;2;;;;;1
02/10/2021;12:11:00;160;AC03 - ACIDENTE SEM VÍTIMA;349,74;BR-364/MT;Norte;Saida de Pista;1;2;;;;;1
02/10/2021;13:22:00;186;AC03 - ACIDENTE SEM VÍTIMA;595,303;BR-163/MT;Sul;Tombamento;1;1;;;;;1
02/10/2021;19:49:00;304;AC01 - ACIDENTE COM VÍTIMA FATAL;207,691;BR-364/MT;Norte;Colisão Traseira;1;3;;;;1;3
03/10/2021;09:29:00;96;AC03 - ACIDENTE SEM VÍTIMA;634,684;BR-163/MT;Sul;Tombamento;1;1;;;;;1
04/10/2021;15:11:00;183;AC03 - ACIDENTE SEM VÍTIMA;755,9;BR-163/MT;Norte;Colisão Lateral;1;2;;;;;1
04/10/2021;17:40:00;228;AC02 - ACIDENTE COM VÍTIMA;522,772;BR-070/MT;Norte;Colisão Transversal;1;1;;1;;;2
05/10/2021;16:15:00;193;AC03 - ACIDENTE SEM VÍTIMA;348,355;BR-364/MT;Norte;Tombamento;1;1;;;;;1
05/10/2021;18:04:00;229;AC03 - ACIDENTE SEM VÍTIMA;583,329;BR-163/MT;Sul;Tombamento;1;1;;;;;1
05/10/2021;19:06:00;237;AC03 - ACIDENTE SEM VÍTIMA;507,446;BR-364/MT;Norte;Saida de Pista;1;1;;;;;1
05/10/2021;19:29:00;241;AC02 - ACIDENTE COM VÍTIMA;847,904;BR-163/MT;Sul;Choque - Outros;1;1;2;;;;1
05/10/2021;19:33:00;242;AC02 - ACIDENTE COM VÍTIMA;583,635;BR-163/MT;Norte;Tombamento;1;1;;1;;;2
05/10/2021;20:34:00;251;AC03 - ACIDENTE SEM VÍTIMA;645,938;BR-163/MT;Norte;Saida de Pista;1;1;;;;;1
06/10/2021;14:10:00;209;AC03 - ACIDENTE SEM VÍTIMA;244,848;BR-364/MT;Sul;Colisão Lateral;2;2;;;;;1
07/10/2021;08:16:00;69;AC01 - ACIDENTE COM VÍTIMA FATAL;765,186;BR-163/MT;Sul;Colisão Frontal;1;2;;3;1;1;3
07/10/2021;11:53:00;148;AC03 - ACIDENTE SEM VÍTIMA;758,828;BR-163/MT;Norte;Colisão Traseira;2;3;;;;;1
07/10/2021;13:53:00;178;AC01 - ACIDENTE COM VÍTIMA FATAL;349,979;BR-364/MT;Norte;Colisão Traseira;2;1;;;;1;3
07/10/2021;15:46:00;224;AC03 - ACIDENTE SEM VÍTIMA;816,466;BR-163/MT;Sul;Colisão Transversal;1;9;;;;;1
07/10/2021;16:28:00;241;AC03 - ACIDENTE SEM VÍTIMA;601,763;BR-163/MT;Sul;Choque - Poste;1;1;;;;;1
07/10/2021;20:23:00;292;AC03 - ACIDENTE SEM VÍTIMA;48,593;BR-163/MT;Sul;Tombamento;1;1;;;;;1
08/10/2021;02:06:00;18;AC03 - ACIDENTE SEM VÍTIMA;454,91;BR-364/MT;Sul;Tombamento;1;2;;;;;1
08/10/2021;07:00:00;61;AC03 - ACIDENTE SEM VÍTIMA;829,249;BR-163/MT;Norte;Saida de Pista;1;1;;;;;1
08/10/2021;11:23:00;166;AC03 - ACIDENTE SEM VÍTIMA;260,101;BR-364/MT;Sul;Tombamento;1;1;;;;;1
08/10/2021;14:43:00;226;AC02 - ACIDENTE COM VÍTIMA;387,299;BR-364/MT;Sul;Colisão Traseira;2;1;;;1;;2
08/10/2021;16:25:00;260;AC03 - ACIDENTE SEM VÍTIMA;579,688;BR-163/MT;Sul;Saida de Pista;1;1;;;;;1
09/10/2021;04:37:00;43;AC02 - ACIDENTE COM VÍTIMA;346,475;BR-364/MT;Norte;Tombamento;1;0;;1;;;2
09/10/2021;08:46:00;108;AC03 - ACIDENTE SEM VÍTIMA;494,807;BR-364/MT;Norte;Colisão Lateral;1;6;;;;;1
09/10/2021;11:39:00;181;AC02 - ACIDENTE COM VÍTIMA;829,905;BR-163/MT;Norte;Objeto lançado contra veículo;1;1;1;;;;1
09/10/2021;15:43:00;245;AC02 - ACIDENTE COM VÍTIMA;380,193;BR-364/MT;Sul;Tombamento;1;2;3;;;;1
09/10/2021;16:40:00;262;AC03 - ACIDENTE SEM VÍTIMA;536,311;BR-364/MT;Norte;Colisão Lateral;1;3;;;;;1
10/10/2021;01:43:00;18;AC01 - ACIDENTE COM VÍTIMA FATAL;669,781;BR-163/MT;Norte;Colisão Frontal;1;2;;;;1;3
10/10/2021;05:11:00;37;AC03 - ACIDENTE SEM VÍTIMA;523,902;BR-070/MT;Sul;Colisão Lateral;1;3;;;;;1
10/10/2021;11:55:00;146;AC02 - ACIDENTE COM VÍTIMA;504,891;BR-070/MT;Norte;Tombamento;1;0;;1;;;2
10/10/2021;15:29:00;193;AC01 - ACIDENTE COM VÍTIMA FATAL;764,994;BR-163/MT;Norte;Colisão Frontal;1;0;;1;;2;3
10/10/2021;16:06:00;201;AC03 - ACIDENTE SEM VÍTIMA;582,475;BR-163/MT;Norte;Saida de Pista;1;1;;;;;1
10/10/2021;19:01:00;247;AC03 - ACIDENTE SEM VÍTIMA;346,469;BR-364/MT;Norte;Tombamento;1;1;;;;;1
11/10/2021;13:27:00;155;AC03 - ACIDENTE SEM VÍTIMA;440,47;BR-364/MT;Sul;Tombamento;1;1;;;;;1
11/10/2021;13:53:00;162;AC03 - ACIDENTE SEM VÍTIMA;750,156;BR-163/MT;Norte;Colisão Traseira;1;3;;;;;1
11/10/2021;14:03:00;165;AC02 - ACIDENTE COM VÍTIMA;707,443;BR-163/MT;Norte;Colisão Transversal;1;1;1;;;;1
11/10/2021;15:16:00;180;AC02 - ACIDENTE COM VÍTIMA;468,952;BR-364/MT;Norte;Colisão Lateral;2;1;1;2;;;2
11/10/2021;19:42:00;248;AC03 - ACIDENTE SEM VÍTIMA;604,755;BR-163/MT;Sul;Colisão Traseira;2;7;;;;;1
11/10/2021;20:26:00;259;AC02 - ACIDENTE COM VÍTIMA;605,289;BR-163/MT;Norte;Colisão Lateral;2;1;1;;;;1
12/10/2021;08:56:00;89;AC03 - ACIDENTE SEM VÍTIMA;668,281;BR-163/MT;Sul;Colisão Traseira;2;3;;;;;1
12/10/2021;11:51:00;141;AC03 - ACIDENTE SEM VÍTIMA;513,424;BR-070/MT;Norte;Colisão Traseira;1;5;;;;;1
12/10/2021;14:14:00;170;AC03 - ACIDENTE SEM VÍTIMA;668,738;BR-163/MT;Norte;Tombamento;1;1;;;;;1
12/10/2021;14:22:00;171;AC03 - ACIDENTE SEM VÍTIMA;527,8;BR-364/MT;Sul;Engavetamento;3;4;;;;;1
12/10/2021;14:57:00;177;AC03 - ACIDENTE SEM VÍTIMA;343,634;BR-364/MT;Norte;Colisão Traseira;1;5;;;;;1
12/10/2021;20:31:00;260;AC03 - ACIDENTE SEM VÍTIMA;96,632;BR-163/MT;Sul;Colisão Lateral;2;2;;;;;1
12/10/2021;23:13:00;280;AC03 - ACIDENTE SEM VÍTIMA;260,8;BR-364/MT;Sul;Tombamento;1;1;;;;;1
13/10/2021;11:49:00;164;AC03 - ACIDENTE SEM VÍTIMA;117,773;BR-163/MT;Norte;Colisão Transversal;2;2;;;;;1
13/10/2021;17:28:00;260;AC03 - ACIDENTE SEM VÍTIMA;205,628;BR-364/MT;Norte;Colisão Traseira;1;2;;;;;1
13/10/2021;17:42:00;264;AC03 - ACIDENTE SEM VÍTIMA;551,379;BR-163/MT;Norte;Colisão Traseira;1;2;;;;;1
14/10/2021;05:49:00;27;AC03 - ACIDENTE SEM VÍTIMA;365,109;BR-364/MT;Sul;Colisão Lateral;1;3;;;;;1
14/10/2021;06:09:00;29;AC03 - ACIDENTE SEM VÍTIMA;675,228;BR-163/MT;Sul;Colisão Traseira;2;2;;;;;1
14/10/2021;07:22:00;54;AC03 - ACIDENTE SEM VÍTIMA;494,604;BR-364/MT;Sul;Colisão Lateral;1;4;;;;;1
14/10/2021;08:24:00;81;AC03 - ACIDENTE SEM VÍTIMA;497,523;BR-070/MT;Sul;Colisão Lateral;2;2;;;;;1
14/10/2021;12:44:00;176;AC01 - ACIDENTE COM VÍTIMA FATAL;592,295;BR-163/MT;Norte;Colisão Frontal;1;0;1;;;1;3
14/10/2021;12:47:00;179;AC03 - ACIDENTE SEM VÍTIMA;486,462;BR-364/MT;Norte;Colisão Lateral;2;2;;;;;1
14/10/2021;12:48:00;180;AC03 - ACIDENTE SEM VÍTIMA;514,191;BR-070/MT;Sul;Colisão Traseira;1;2;;;;;1
14/10/2021;18:22:00;261;AC02 - ACIDENTE COM VÍTIMA;589,428;BR-163/MT;Sul;Engavetamento;3;3;4;1;;;2
14/10/2021;19:39:00;280;AC03 - ACIDENTE SEM VÍTIMA;510,695;BR-364/MT;Norte;Colisão Traseira;2;3;;;;;1
14/10/2021;19:42:00;281;AC03 - ACIDENTE SEM VÍTIMA;237,783;BR-364/MT;Sul;Atropelamento de Animal;1;1;;;;;1
14/10/2021;19:56:00;284;AC03 - ACIDENTE SEM VÍTIMA;537,105;BR-163/MT;Sul;Colisão Traseira;2;2;;;;;1
14/10/2021;23:06:00;305;AC03 - ACIDENTE SEM VÍTIMA;70,198;BR-163/MT;Sul;Tombamento;1;1;;;;;1
14/10/2021;23:20:00;309;AC03 - ACIDENTE SEM VÍTIMA;509,844;BR-163/MT;Norte;Choque - Veiculo parado no acostamento;1;2;;;;;1
15/10/2021;12:52:00;185;AC03 - ACIDENTE SEM VÍTIMA;346,066;BR-364/MT;Sul;Colisão Traseira;2;2;;;;;1
15/10/2021;13:35:00;195;AC03 - ACIDENTE SEM VÍTIMA;572,774;BR-163/MT;Norte;Tombamento;1;1;;;;;1
15/10/2021;19:10:00;327;AC03 - ACIDENTE SEM VÍTIMA;688,74;BR-163/MT;Sul;Colisão Lateral;1;2;;;;;1
15/10/2021;20:55:00;353;AC03 - ACIDENTE SEM VÍTIMA;201,602;BR-364/MT;Sul;Choque - Poste;1;1;;;;;1
16/10/2021;00:50:00;12;AC03 - ACIDENTE SEM VÍTIMA;381,541;BR-364/MT;Norte;Tombamento;1;1;;;;;1
16/10/2021;03:47:00;25;AC02 - ACIDENTE COM VÍTIMA;464,162;BR-364/MT;Norte;Tombamento;1;0;;;1;;2
16/10/2021;21:12:00;272;AC03 - ACIDENTE SEM VÍTIMA;117,753;BR-163/MT;Norte;Saida de Pista;1;1;;;;;1
17/10/2021;11:12:00;116;AC02 - ACIDENTE COM VÍTIMA;349,739;BR-364/MT;Norte;Colisão Traseira;2;1;1;1;;;2
17/10/2021;18:54:00;216;AC03 - ACIDENTE SEM VÍTIMA;271,767;BR-364/MT;Sul;Colisão Transversal;1;3;;;;;1
18/10/2021;00:42:00;3;AC03 - ACIDENTE SEM VÍTIMA;465,116;BR-364/MT;Norte;Choque - Defensa, barreira ou "submarino";1;1;;;;;1
18/10/2021;07:25:00;56;AC03 - ACIDENTE SEM VÍTIMA;203,023;BR-364/MT;Sul;Colisão Traseira;1;3;;;;;1
18/10/2021;14:39:00;187;AC03 - ACIDENTE SEM VÍTIMA;688,689;BR-163/MT;Sul;Colisão Lateral;1;4;;;;;1
18/10/2021;18:16:00;247;AC03 - ACIDENTE SEM VÍTIMA;201,863;BR-364/MT;Norte;Colisão Traseira;1;3;;;;;1
19/10/2021;08:40:00;82;AC03 - ACIDENTE SEM VÍTIMA;499,579;BR-070/MT;Sul;Colisão Traseira;2;3;;;;;1
19/10/2021;08:52:00;89;AC03 - ACIDENTE SEM VÍTIMA;834,438;BR-163/MT;Sul;Tombamento;1;1;;;;;1
19/10/2021;10:36:00;121;AC03 - ACIDENTE SEM VÍTIMA;839,78;BR-163/MT;Norte;Colisão Transversal;1;2;;;;;1
19/10/2021;11:59:00;140;AC03 - ACIDENTE SEM VÍTIMA;800,782;BR-163/MT;Norte;Colisão Lateral;1;6;;;;;1
19/10/2021;16:58:00;212;AC03 - ACIDENTE SEM VÍTIMA;397,458;BR-364/MT;Norte;Choque - Outros;1;2;;;;;1
19/10/2021;18:02:00;222;AC02 - ACIDENTE COM VÍTIMA;828,167;BR-163/MT;Sul;Colisão Transversal;1;1;;1;;;2
20/10/2021;02:44:00;19;AC02 - ACIDENTE COM VÍTIMA;570,865;BR-163/MT;Sul;Colisão Traseira;2;1;;1;;;2
20/10/2021;04:47:00;22;AC03 - ACIDENTE SEM VÍTIMA;276,964;BR-364/MT;Sul;Saida de Pista;1;1;;;;;1
20/10/2021;08:53:00;85;AC03 - ACIDENTE SEM VÍTIMA;504,917;BR-070/MT;Norte;Colisão Traseira;2;4;;;;;1
20/10/2021;14:23:00;177;AC03 - ACIDENTE SEM VÍTIMA;690,766;BR-163/MT;Sul;Colisão Transversal;1;2;;;;;1
20/10/2021;14:27:00;180;AC03 - ACIDENTE SEM VÍTIMA;269,784;BR-364/MT;Sul;Colisão Transversal;1;2;;;;;1
20/10/2021;16:12:00;209;AC03 - ACIDENTE SEM VÍTIMA;635,91;BR-163/MT;Norte;Colisão Traseira;1;2;;;;;1
20/10/2021;16:52:00;222;AC03 - ACIDENTE SEM VÍTIMA;308,616;BR-364/MT;Sul;Colisão Traseira;2;2;;;;;1
21/10/2021;00:48:00;22;AC03 - ACIDENTE SEM VÍTIMA;107,376;BR-163/MT;Sul;Colisão Traseira;2;3;;;;;1
21/10/2021;09:56:00;120;AC03 - ACIDENTE SEM VÍTIMA;749,65;BR-163/MT;Sul;Colisão Traseira;2;2;;;;;1
21/10/2021;10:19:00;126;AC03 - ACIDENTE SEM VÍTIMA;614,588;BR-163/MT;Norte;Colisão Traseira;2;2;;;;;1
21/10/2021;15:01:00;223;AC03 - ACIDENTE SEM VÍTIMA;113,181;BR-163/MT;Norte;Choque - Defensa, barreira ou "submarino";1;1;;;;;1
21/10/2021;15:39:00;234;AC02 - ACIDENTE COM VÍTIMA;638,327;BR-163/MT;Sul;Engavetamento;4;4;3;;;;1
21/10/2021;15:46:00;237;AC03 - ACIDENTE SEM VÍTIMA;113,181;BR-163/MT;Sul;Choque - Veiculo parado na pista;1;2;;;;;1
21/10/2021;22:49:00;326;AC03 - ACIDENTE SEM VÍTIMA;332,037;BR-364/MT;Sul;Atropelamento de Animal;1;2;;;;;1
22/10/2021;12:40:00;204;AC03 - ACIDENTE SEM VÍTIMA;772,236;BR-163/MT;Sul;Tombamento;1;3;;;;;1
22/10/2021;18:19:00;317;AC03 - ACIDENTE SEM VÍTIMA;523,913;BR-070/MT;Sul;Colisão Traseira;2;3;;;;;1
23/10/2021;00:36:00;15;AC03 - ACIDENTE SEM VÍTIMA;396,685;BR-364/MT;Norte;Atropelamento de Animal;1;1;;;;;1
23/10/2021;08:05:00;97;AC03 - ACIDENTE SEM VÍTIMA;511,328;BR-070/MT;Norte;Engavetamento;1;5;;;;;1
23/10/2021;12:40:00;178;AC03 - ACIDENTE SEM VÍTIMA;350,734;BR-364/MT;Norte;Colisão Traseira;2;2;;;;;1
24/10/2021;11:43:00;125;AC02 - ACIDENTE COM VÍTIMA;209,195;BR-364/MT;Norte;Tombamento;1;0;1;;;;1
24/10/2021;13:02:00;143;AC03 - ACIDENTE SEM VÍTIMA;349,533;BR-364/MT;Norte;Saida de Pista;1;2;;;;;1
24/10/2021;13:18:00;144;AC03 - ACIDENTE SEM VÍTIMA;574,865;BR-364/MT;Sul;Choque - Talude;1;1;;;;;1
25/10/2021;09:44:00;91;AC03 - ACIDENTE SEM VÍTIMA;390,738;BR-364/MT;Sul;Tombamento;1;1;;;;;1
25/10/2021;10:20:00;102;AC02 - ACIDENTE COM VÍTIMA;682,869;BR-163/MT;Sul;Tombamento;1;0;1;;;;1
26/10/2021;02:30:00;24;AC03 - ACIDENTE SEM VÍTIMA;240,309;BR-364/MT;Norte;Atropelamento de Animal;1;1;;;;;1
26/10/2021;02:31:00;25;AC03 - ACIDENTE SEM VÍTIMA;240,309;BR-364/MT;Norte;Atropelamento de Animal;1;1;;;;;1
26/10/2021;13:18:00;186;AC03 - ACIDENTE SEM VÍTIMA;593,752;BR-163/MT;Sul;Choque - Veiculo parado no acostamento;2;2;;;;;1
26/10/2021;13:38:00;189;AC03 - ACIDENTE SEM VÍTIMA;634,676;BR-163/MT;Norte;Saida de Pista;1;3;;;;;1
26/10/2021;16:50:00;245;AC03 - ACIDENTE SEM VÍTIMA;635,124;BR-163/MT;Norte;Saida de Pista;1;1;;;;;1
27/10/2021;08:26:00;88;AC03 - ACIDENTE SEM VÍTIMA;659,159;BR-163/MT;Norte;Tombamento;2;3;;;;;1
27/10/2021;10:52:00;155;AC03 - ACIDENTE SEM VÍTIMA;209,307;BR-364/MT;Sul;Tombamento;1;5;;;;;1
27/10/2021;13:49:00;203;AC03 - ACIDENTE SEM VÍTIMA;601,854;BR-163/MT;Sul;Saida de Pista;1;1;;;;;1
27/10/2021;15:33:00;244;AC03 - ACIDENTE SEM VÍTIMA;206,15;BR-364/MT;Sul;Engavetamento;2;3;;;;;1
27/10/2021;15:46:00;246;AC03 - ACIDENTE SEM VÍTIMA;747,186;BR-163/MT;Sul;Colisão Transversal;2;2;;;;;1
27/10/2021;16:17:00;255;AC03 - ACIDENTE SEM VÍTIMA;349,473;BR-364/MT;Norte;Choque - Talude;1;1;;;;;1
27/10/2021;17:58:00;278;AC02 - ACIDENTE COM VÍTIMA;844,58;BR-163/MT;Norte;Colisão Transversal;1;1;;1;;;2
27/10/2021;18:30:00;284;AC03 - ACIDENTE SEM VÍTIMA;349,731;BR-364/MT;Norte;Colisão Traseira;1;2;;;;;1
27/10/2021;20:52:00;316;AC03 - ACIDENTE SEM VÍTIMA;587,112;BR-163/MT;Norte;Colisão Lateral;2;2;;;;;1
28/10/2021;04:32:00;29;AC02 - ACIDENTE COM VÍTIMA;261,512;BR-364/MT;Sul;Tombamento;1;0;1;1;;;2
28/10/2021;05:02:00;32;AC03 - ACIDENTE SEM VÍTIMA;726,319;BR-163/MT;Norte;Tombamento;1;2;;;;;1
28/10/2021;05:38:00;35;AC03 - ACIDENTE SEM VÍTIMA;701,135;BR-163/MT;Norte;Colisão Traseira;2;2;;;;;1
28/10/2021;06:40:00;48;AC02 - ACIDENTE COM VÍTIMA;289,71;BR-364/MT;Sul;Tombamento;1;0;1;;;;1
28/10/2021;08:56:00;96;AC03 - ACIDENTE SEM VÍTIMA;586,778;BR-163/MT;Norte;Colisão Traseira;1;2;;;;;1
28/10/2021;08:59:00;97;AC03 - ACIDENTE SEM VÍTIMA;647,625;BR-163/MT;Sul;Colisão Traseira;2;2;;;;;1
28/10/2021;11:32:00;136;AC03 - ACIDENTE SEM VÍTIMA;842,4;BR-163/MT;Sul;Saida de Pista;1;1;;;;;1
28/10/2021;14:18:00;181;AC03 - ACIDENTE SEM VÍTIMA;585,404;BR-163/MT;Sul;Saida de Pista;1;1;;;;;1
28/10/2021;15:15:00;202;AC03 - ACIDENTE SEM VÍTIMA;512,101;BR-070/MT;Norte;Colisão Traseira;1;2;;;;;1
28/10/2021;16:39:00;225;AC03 - ACIDENTE SEM VÍTIMA;17,096;BR-163/MT;Sul;Saida de Pista;1;1;;;;;1
29/10/2021;09:15:00;99;AC03 - ACIDENTE SEM VÍTIMA;487,001;BR-364/MT;Norte;Colisão Lateral;1;2;;;;;1
29/10/2021;09:23:00;103;AC03 - ACIDENTE SEM VÍTIMA;498,246;BR-070/MT;Sul;Colisão Traseira;1;2;;;;;1
29/10/2021;14:41:00;187;AC03 - ACIDENTE SEM VÍTIMA;460,739;BR-364/MT;Sul;Tombamento;1;1;;;;;1
29/10/2021;17:44:00;251;AC02 - ACIDENTE COM VÍTIMA;498,1;BR-070/MT;Sul;Colisão Transversal;2;2;1;;;;1
31/10/2021;04:42:00;42;AC01 - ACIDENTE COM VÍTIMA FATAL;814,669;BR-163/MT;Sul;Colisão Frontal;1;0;1;;;1;3
31/10/2021;13:54:00;173;AC03 - ACIDENTE SEM VÍTIMA;444,678;BR-364/MT;Sul;Colisão Traseira;2;2;;;;;1
31/10/2021;14:30:00;184;AC03 - ACIDENTE SEM VÍTIMA;633,923;BR-163/MT;Norte;Colisão Lateral;2;2;;;;;1
01/11/2021;06:44:00;33;AC03 - ACIDENTE SEM VÍTIMA;221,82;BR-364/MT;Sul;Saida de Pista;1;2;;;;;1
01/11/2021;11:02:00;98;AC02 - ACIDENTE COM VÍTIMA;825,197;BR-163/MT;Sul;Colisão Frontal;1;2;1;;;;1
02/11/2021;13:44:00;127;AC03 - ACIDENTE SEM VÍTIMA;565,6;BR-163/MT;Sul;Tombamento;1;2;;;;;1
02/11/2021;19:33:00;199;AC03 - ACIDENTE SEM VÍTIMA;687,065;BR-163/MT;Sul;Colisão Transversal;1;3;;;;;1
02/11/2021;20:44:00;211;AC03 - ACIDENTE SEM VÍTIMA;209,665;BR-364/MT;Norte;Choque - Defensa, barreira ou "submarino";1;1;;;;;1
02/11/2021;21:26:00;219;AC02 - ACIDENTE COM VÍTIMA;567,363;BR-364/MT;Norte;Saida de Pista;1;1;1;;;;1
03/11/2021;06:30:00;36;AC03 - ACIDENTE SEM VÍTIMA;770,637;BR-163/MT;Norte;Tombamento;1;1;;;;;1
03/11/2021;06:33:00;40;AC02 - ACIDENTE COM VÍTIMA;594,457;BR-163/MT;Sul;Colisão Frontal;2;2;4;;;;1
03/11/2021;10:02:00;106;AC03 - ACIDENTE SEM VÍTIMA;773,648;BR-163/MT;Norte;Colisão Traseira;2;3;;;;;1
03/11/2021;17:17:00;241;AC03 - ACIDENTE SEM VÍTIMA;469,035;BR-364/MT;Sul;Choque - Defensa, barreira ou "submarino";1;1;;;;;1
04/11/2021;12:38:00;173;AC03 - ACIDENTE SEM VÍTIMA;816,983;BR-163/MT;Norte;Colisão Transversal;2;2;;;;;1
04/11/2021;14:01:00;192;AC03 - ACIDENTE SEM VÍTIMA;586,142;BR-364/MT;Sul;Tombamento;1;1;;;;;1
04/11/2021;17:04:00;248;AC03 - ACIDENTE SEM VÍTIMA;586,142;BR-364/MT;Sul;Colisão Lateral;1;2;;;;;1
05/11/2021;05:40:00;34;AC03 - ACIDENTE SEM VÍTIMA;664,647;BR-163/MT;Norte;Choque - Veiculo parado no acostamento;1;2;;;;;1
05/11/2021;07:04:00;58;AC03 - ACIDENTE SEM VÍTIMA;659,188;BR-163/MT;Norte;Colisão Lateral;1;2;;;;;1
05/11/2021;09:52:00;130;AC02 - ACIDENTE COM VÍTIMA;209,984;BR-364/MT;Sul;Tombamento;1;0;;1;;;2
05/11/2021;13:31:00;181;AC03 - ACIDENTE SEM VÍTIMA;318,287;BR-364/MT;Norte;Tombamento;1;1;;;;;1
05/11/2021;13:43:00;183;AC03 - ACIDENTE SEM VÍTIMA;513,369;BR-070/MT;Sul;Colisão Transversal;1;3;;;;;1
05/11/2021;13:57:00;189;AC03 - ACIDENTE SEM VÍTIMA;529,428;BR-364/MT;Norte;Tombamento;1;1;;;;;1
05/11/2021;14:49:00;204;AC02 - ACIDENTE COM VÍTIMA;463,837;BR-364/MT;Norte;Colisão Lateral;1;1;1;;;;1
05/11/2021;15:29:00;216;AC03 - ACIDENTE SEM VÍTIMA;333,662;BR-364/MT;Sul;Tombamento;1;1;;;;;1
05/11/2021;19:34:00;283;AC03 - ACIDENTE SEM VÍTIMA;517,117;BR-070/MT;Sul;Engavetamento;1;8;;;;;1
06/11/2021;07:07:00;43;AC03 - ACIDENTE SEM VÍTIMA;464,246;BR-364/MT;Norte;Choque - Defensa, barreira ou "submarino";1;1;;;;;1
06/11/2021;17:27:00;174;AC02 - ACIDENTE COM VÍTIMA;686,189;BR-163/MT;Sul;Colisão Lateral;1;1;1;;;;1
07/11/2021;07:34:00;58;AC03 - ACIDENTE SEM VÍTIMA;202,982;BR-364/MT;Norte;Tombamento;1;1;;;;;1
07/11/2021;11:36:00;109;AC03 - ACIDENTE SEM VÍTIMA;586,926;BR-163/MT;Sul;Colisão Traseira;2;2;;;;;1
08/11/2021;06:28:00;40;AC02 - ACIDENTE COM VÍTIMA;686,489;BR-163/MT;Sul;Colisão Lateral;1;1;1;;;;1
08/11/2021;11:01:00;143;AC02 - ACIDENTE COM VÍTIMA;831,54;BR-163/MT;Sul;Colisão Traseira;1;1;1;;;;1
08/11/2021;13:11:00;172;AC03 - ACIDENTE SEM VÍTIMA;494,679;BR-364/MT;Norte;Colisão Traseira;2;2;;;;;1
08/11/2021;14:06:00;187;AC03 - ACIDENTE SEM VÍTIMA;383,523;BR-364/MT;Sul;Saida de Pista;1;1;;;;;1
08/11/2021;15:49:00;208;AC02 - ACIDENTE COM VÍTIMA;629,436;BR-163/MT;Sul;Tombamento;1;2;1;;;;1