data;horario;n_da_ocorrencia;tipo_de_ocorrencia;km;trecho;sentido;tipo_de_acidente;caminhao;ilesos;levemente_feridos;moderadamente_feridos;gravemente_feridos;mortos;3
08/11/2021;16:17:00;214;AC03 - ACIDENTE SEM VÍTIMA;463,221;BR-364/MT;Norte;Tombamento;1;1;;;;;1
08/11/2021;18:30:00;249;AC02 - ACIDENTE COM VÍTIMA;521,53;BR-070/MT;Sul;Colisão Transversal;1;2;1;;;;1
08/11/2021;20:37:00;277;AC02 - ACIDENTE COM VÍTIMA;435,676;BR-364/MT;Norte;Colisão Transversal;1;2;;1;;;2
09/11/2021;06:39:00;41;AC02 - ACIDENTE COM VÍTIMA;841,471;BR-163/MT;Sul;Colisão Transversal;2;1;1;;;;1
09/11/2021;12:04:00;162;AC03 - ACIDENTE SEM VÍTIMA;546,492;BR-364/MT;Norte;Saida de Pista;1;2;;;;;1
09/11/2021;14:52:00;199;AC03 - ACIDENTE SEM VÍTIMA;639,219;BR-163/MT;Norte;Capotamento;1;1;;;;;1
10/11/2021;06:13:00;35;AC03 - ACIDENTE SEM VÍTIMA;276,802;BR-364/MT;Sul;Saida de Pista;1;1;;;;;1
10/11/2021;07:04:00;45;AC03 - ACIDENTE SEM VÍTIMA;621,338;BR-163/MT;Sul;Colisão Traseira;2;2;;;;;1
10/11/2021;07:37:00;54;AC03 - ACIDENTE SEM VÍTIMA;516,897;BR-070/MT;Sul;Colisão Transversal;1;2;;;;;1
10/11/2021;17:18:00;260;AC03 - ACIDENTE SEM VÍTIMA;744,132;BR-163/MT;Sul;Colisão Lateral;1;2;;;;;1
11/11/2021;03:41:00;30;AC02 - ACIDENTE COM VÍTIMA;748,838;BR-163/MT;Norte;Colisão Traseira;2;1;1;;;;1
11/11/2021;03:59:00;32;AC03 - ACIDENTE SEM VÍTIMA;700,5;BR-163/MT;Norte;Saida de Pista;1;1;;;;;1
11/11/2021;08:53:00;93;AC02 - ACIDENTE COM VÍTIMA;351,302;BR-364/MT;Norte;Colisão Lateral;3;2;1;;;;1
11/11/2021;09:21:00;105;AC03 - ACIDENTE SEM VÍTIMA;351,202;BR-364/MT;Norte;Saida de Pista;1;4;;;;;1
11/11/2021;09:50:00;115;AC03 - ACIDENTE SEM VÍTIMA;832,655;BR-163/MT;Norte;Saida de Pista;1;2;;;;;1
11/11/2021;09:51:00;116;AC02 - ACIDENTE COM VÍTIMA;742,883;BR-163/MT;Sul;Colisão Lateral;1;2;1;;;;1
11/11/2021;09:58:00;120;AC03 - ACIDENTE SEM VÍTIMA;579,168;BR-364/MT;Norte;Colisão Traseira;1;2;;;;;1
11/11/2021;11:13:00;146;AC03 - ACIDENTE SEM VÍTIMA;677,9;BR-163/MT;Norte;Colisão Traseira;2;2;;;;;1
11/11/2021;15:20:00;215;AC03 - ACIDENTE SEM VÍTIMA;639,5;BR-163/MT;Sul;Saida de Pista;1;1;;;;;1
11/11/2021;16:08:00;230;AC02 - ACIDENTE COM VÍTIMA;836,65;BR-163/MT;Sul;Colisão Lateral;1;1;1;;;;1
12/11/2021;10:26:00;144;AC01 - ACIDENTE COM VÍTIMA FATAL;632,162;BR-163/MT;Norte;Colisão Lateral;2;2;;1;;1;3
12/11/2021;11:31:00;164;AC03 - ACIDENTE SEM VÍTIMA;204,825;BR-364/MT;Sul;Colisão Lateral;1;2;;;;;1
12/11/2021;16:39:00;258;AC03 - ACIDENTE SEM VÍTIMA;349,732;BR-364/MT;Norte;Saida de Pista;1;3;;;;;1
12/11/2021;20:13:00;312;AC02 - ACIDENTE COM VÍTIMA;98,321;BR-163/MT;Sul;Engavetamento;3;2;;;1;;2
12/11/2021;20:14:00;313;AC03 - ACIDENTE SEM VÍTIMA;622,156;BR-163/MT;Norte;Tombamento;1;1;;;;;1
13/11/2021;08:08:00;84;AC03 - ACIDENTE SEM VÍTIMA;581,536;BR-364/MT;Sul;Tombamento;1;2;;;;;1
13/11/2021;10:30:00;134;AC03 - ACIDENTE SEM VÍTIMA;394,063;BR-364/MT;Norte;Tombamento;1;1;;;;;1
13/11/2021;12:26:00;164;AC03 - ACIDENTE SEM VÍTIMA;632,639;BR-163/MT;Sul;Colisão Traseira;1;2;;;;;1
13/11/2021;13:04:00;175;AC03 - ACIDENTE SEM VÍTIMA;634,001;BR-163/MT;Sul;Saida de Pista;1;1;;;;;1
13/11/2021;13:55:00;190;AC03 - ACIDENTE SEM VÍTIMA;827,286;BR-163/MT;Sul;Colisão Transversal;1;4;;;;;1
13/11/2021;15:39:00;218;AC03 - ACIDENTE SEM VÍTIMA;641,139;BR-163/MT;Sul;Colisão Traseira;2;2;;;;;1
13/11/2021;18:47:00;257;AC03 - ACIDENTE SEM VÍTIMA;249,693;BR-364/MT;Sul;Objeto lançado contra veículo;1;5;;;;;1
13/11/2021;19:26:00;270;AC02 - ACIDENTE COM VÍTIMA;310,152;BR-364/MT;Norte;Colisão Traseira;1;2;1;;;;1
14/11/2021;03:32:00;31;AC02 - ACIDENTE COM VÍTIMA;517,721;BR-070/MT;Sul;Colisão Transversal;1;1;;;1;;2
14/11/2021;07:32:00;61;AC02 - ACIDENTE COM VÍTIMA;285,231;BR-364/MT;Norte;Tombamento;1;0;1;;;;1
14/11/2021;08:20:00;72;AC03 - ACIDENTE SEM VÍTIMA;357,527;BR-364/MT;Sul;Tombamento;1;1;;;;;1
14/11/2021;22:13:00;214;AC03 - ACIDENTE SEM VÍTIMA;334,437;BR-364/MT;Sul;Saida de Pista;1;1;;;;;1
15/11/2021;08:34:00;70;AC03 - ACIDENTE SEM VÍTIMA;578,91;BR-364/MT;Norte;Saida de Pista;1;1;;;;;1
15/11/2021;10:29:00;100;AC03 - ACIDENTE SEM VÍTIMA;646,016;BR-163/MT;Sul;Colisão Lateral;2;2;;;;;1
15/11/2021;13:15:00;131;AC03 - ACIDENTE SEM VÍTIMA;349,953;BR-364/MT;Sul;Tombamento;1;1;;;;;1
15/11/2021;16:12:00;194;AC03 - ACIDENTE SEM VÍTIMA;507,944;BR-163/MT;Sul;Tombamento;1;1;;;;;1
16/11/2021;05:47:00;45;AC03 - ACIDENTE SEM VÍTIMA;516,495;BR-070/MT;Norte;Engavetamento;3;4;;;;;1
16/11/2021;10:27:00;136;AC03 - ACIDENTE SEM VÍTIMA;827,053;BR-163/MT;Sul;Colisão Lateral;1;3;;;;;1
16/11/2021;12:42:00;172;AC03 - ACIDENTE SEM VÍTIMA;330,823;BR-364/MT;Sul;Saida de Pista;1;1;;;;;1
16/11/2021;13:28:00;187;AC03 - ACIDENTE SEM VÍTIMA;759,07;BR-163/MT;Sul;Tombamento;1;1;;;;;1
16/11/2021;14:06:00;201;AC02 - ACIDENTE COM VÍTIMA;98,21;BR-163/MT;Sul;Colisão Lateral;1;3;1;;;;1
16/11/2021;14:26:00;209;AC03 - ACIDENTE SEM VÍTIMA;108,6;BR-163/MT;Sul;Colisão Traseira;2;2;;;;;1
16/11/2021;18:51:00;287;AC03 - ACIDENTE SEM VÍTIMA;97,099;BR-163/MT;Sul;Colisão Traseira;2;2;;;;;1
16/11/2021;23:36:00;329;AC03 - ACIDENTE SEM VÍTIMA;571,139;BR-364/MT;Sul;Saida de Pista;1;2;;;;;1
16/11/2021;23:47:00;330;AC02 - ACIDENTE COM VÍTIMA;535,473;BR-364/MT;Norte;Colisão Traseira;2;1;1;;;;1
17/11/2021;01:44:00;20;AC03 - ACIDENTE SEM VÍTIMA;537,663;BR-163/MT;Sul;Tombamento;1;1;;;;;1
17/11/2021;05:35:00;33;AC03 - ACIDENTE SEM VÍTIMA;445,709;BR-364/MT;Sul;Tombamento;1;1;;;;;1
17/11/2021;14:41:00;179;AC03 - ACIDENTE SEM VÍTIMA;830,434;BR-163/MT;Sul;Colisão Transversal;2;2;;;;;1
17/11/2021;16:52:00;215;AC03 - ACIDENTE SEM VÍTIMA;766,841;BR-163/MT;Norte;Colisão Traseira;2;2;;;;;1
17/11/2021;16:57:00;217;AC03 - ACIDENTE SEM VÍTIMA;269,993;BR-364/MT;Sul;Tombamento;1;1;;;;;1
17/11/2021;18:02:00;228;AC03 - ACIDENTE SEM VÍTIMA;603,954;BR-163/MT;Sul;Saida de Pista;1;1;;;;;1
17/11/2021;18:54:00;242;AC03 - ACIDENTE SEM VÍTIMA;580,261;BR-163/MT;Norte;Tombamento;1;1;;;;;1
17/11/2021;20:06:00;255;AC03 - ACIDENTE SEM VÍTIMA;455,521;BR-364/MT;Norte;Colisão Traseira;2;2;;;;;1
18/11/2021;02:45:00;30;AC03 - ACIDENTE SEM VÍTIMA;489,268;BR-364/MT;Norte;Choque - Arvore;2;3;;;;;1
18/11/2021;06:14:00;38;AC03 - ACIDENTE SEM VÍTIMA;436,268;BR-364/MT;Norte;Colisão Lateral;3;3;;;;;1
18/11/2021;07:39:00;61;AC03 - ACIDENTE SEM VÍTIMA;99,271;BR-163/MT;Sul;Tombamento;1;1;;;;;1
18/11/2021;13:31:00;157;AC03 - ACIDENTE SEM VÍTIMA;491,139;BR-364/MT;Norte;Colisão Traseira;2;2;;;;;1
18/11/2021;15:02:00;190;AC02 - ACIDENTE COM VÍTIMA;498,529;BR-364/MT;Sul;Tombamento;1;0;1;;;;1
19/11/2021;08:25:00;101;AC01 - ACIDENTE COM VÍTIMA FATAL;832,952;BR-163/MT;Norte;Colisão Lateral;1;1;;;;1;3
19/11/2021;08:42:00;108;AC03 - ACIDENTE SEM VÍTIMA;766,718;BR-163/MT;Norte;Colisão Traseira;1;4;;;;;1
19/11/2021;10:14:00;146;AC03 - ACIDENTE SEM VÍTIMA;575,232;BR-163/MT;Sul;Tombamento;1;3;;;;;1
19/11/2021;10:39:00;156;AC03 - ACIDENTE SEM VÍTIMA;515,366;BR-070/MT;Sul;Colisão Traseira;2;3;;;;;1
19/11/2021;11:21:00;170;AC03 - ACIDENTE SEM VÍTIMA;203,205;BR-364/MT;Sul;Colisão Traseira;1;2;;;;;1
19/11/2021;12:50:00;199;AC03 - ACIDENTE SEM VÍTIMA;445,723;BR-364/MT;Sul;Saida de Pista;1;1;;;;;1
19/11/2021;15:53:00;268;AC03 - ACIDENTE SEM VÍTIMA;440,746;BR-364/MT;Sul;Saida de Pista;1;2;;;;;1
20/11/2021;12:06:00;199;AC03 - ACIDENTE SEM VÍTIMA;838,159;BR-163/MT;Sul;Colisão Transversal;2;2;;;;;1
20/11/2021;12:57:00;215;AC02 - ACIDENTE COM VÍTIMA;349,911;BR-364/MT;Norte;Tombamento;1;0;;1;;;2
20/11/2021;13:33:00;222;AC03 - ACIDENTE SEM VÍTIMA;586,902;BR-163/MT;Norte;Colisão Traseira;2;2;;;;;1
21/11/2021;04:14:00;54;AC03 - ACIDENTE SEM VÍTIMA;101,01;BR-163/MT;Sul;Tombamento;1;1;;;;;1
21/11/2021;09:15:00;114;AC03 - ACIDENTE SEM VÍTIMA;348,911;BR-364/MT;Norte;Choque - Veiculo parado no acostamento;1;2;;;;;1
21/11/2021;22:13:00;274;AC03 - ACIDENTE SEM VÍTIMA;347,828;BR-364/MT;Norte;Colisão Traseira;2;3;;;;;1
22/11/2021;00:45:00;7;AC02 - ACIDENTE COM VÍTIMA;794,106;BR-163/MT;Norte;Tombamento;1;0;1;;;;1
22/11/2021;04:10:00;23;AC03 - ACIDENTE SEM VÍTIMA;540,609;BR-163/MT;Norte;Tombamento;1;1;;;;;1
22/11/2021;14:42:00;202;AC03 - ACIDENTE SEM VÍTIMA;616,508;BR-163/MT;Sul;Tombamento;1;1;;;;;1
22/11/2021;18:10:00;263;AC03 - ACIDENTE SEM VÍTIMA;397,037;BR-364/MT;Sul;Saida de Pista;1;3;;;;;1
23/11/2021;02:15:00;18;AC03 - ACIDENTE SEM VÍTIMA;526,877;BR-163/MT;Sul;Tombamento;1;1;;;;;1
23/11/2021;04:53:00;25;AC03 - ACIDENTE SEM VÍTIMA;636,225;BR-163/MT;Sul;Colisão Lateral;2;2;;;;;1
23/11/2021;13:37:00;212;AC03 - ACIDENTE SEM VÍTIMA;593,411;BR-163/MT;Norte;Tombamento;1;1;;;;;1
23/11/2021;14:58:00;241;AC03 - ACIDENTE SEM VÍTIMA;335,178;BR-364/MT;Sul;Colisão Traseira;2;2;;;;;1
23/11/2021;15:28:00;249;AC03 - ACIDENTE SEM VÍTIMA;313,055;BR-364/MT;Norte;Colisão Lateral;1;5;;;;;1
23/11/2021;16:53:00;287;AC03 - ACIDENTE SEM VÍTIMA;487,888;BR-364/MT;Norte;Colisão Traseira;2;2;;;;;1
23/11/2021;17:16:00;293;AC03 - ACIDENTE SEM VÍTIMA;435,011;BR-364/MT;Sul;Choque - Outros;2;2;;;;;1
23/11/2021;17:38:00;305;AC03 - ACIDENTE SEM VÍTIMA;435,498;BR-364/MT;Sul;Colisão Transversal;1;2;;;;;1
23/11/2021;18:29:00;313;AC03 - ACIDENTE SEM VÍTIMA;96,06;BR-163/MT;Sul;Colisão Lateral;1;5;;;;;1
23/11/2021;23:01:00;363;AC03 - ACIDENTE SEM VÍTIMA;520,338;BR-070/MT;Norte;Saida de Pista;1;1;;;;;1
24/11/2021;11:57:00;225;AC03 - ACIDENTE SEM VÍTIMA;516,78;BR-070/MT;Sul;Colisão Traseira;1;3;;;;;1
24/11/2021;13:26:00;245;AC03 - ACIDENTE SEM VÍTIMA;355,401;BR-364/MT;Norte;Tombamento;1;1;;;;;1
24/11/2021;13:26:00;252;AC03 - ACIDENTE SEM VÍTIMA;355,401;BR-364/MT;Norte;Engavetamento;3;3;;;;;1
24/11/2021;14:20:00;259;AC02 - ACIDENTE COM VÍTIMA;477,249;BR-364/MT;Sul;Colisão Traseira;2;1;1;;;;1
24/11/2021;17:13:00;320;AC03 - ACIDENTE SEM VÍTIMA;328,01;BR-364/MT;Sul;Colisão Lateral;2;2;;;;;1
24/11/2021;18:26:00;342;AC03 - ACIDENTE SEM VÍTIMA;119,376;BR-163/MT;Sul;Colisão Lateral;1;2;;;;;1
24/11/2021;21:04:00;377;AC01 - ACIDENTE COM VÍTIMA FATAL;633,634;BR-163/MT;Sul;Colisão Lateral;2;3;;;;1;3
25/11/2021;06:31:00;52;AC03 - ACIDENTE SEM VÍTIMA;542,706;BR-163/MT;Sul;Saida de Pista;1;1;;;;;1
25/11/2021;08:01:00;89;AC03 - ACIDENTE SEM VÍTIMA;836,653;BR-163/MT;Sul;Colisão Lateral;2;3;;;;;1
25/11/2021;10:07:00;141;AC03 - ACIDENTE SEM VÍTIMA;752,754;BR-163/MT;Sul;Choque - Veiculo parado na pista;1;2;;;;;1
25/11/2021;12:18:00;185;AC03 - ACIDENTE SEM VÍTIMA;531,89;BR-364/MT;Norte;Engavetamento;2;3;;;;;1
25/11/2021;15:17:00;234;AC03 - ACIDENTE SEM VÍTIMA;533,552;BR-364/MT;Norte;Colisão Traseira;3;3;;;;;1
25/11/2021;18:21:00;303;AC03 - ACIDENTE SEM VÍTIMA;567,228;BR-364/MT;Norte;Choque - Defensa, barreira ou "submarino";1;1;;;;;1
25/11/2021;19:30:00;325;AC02 - ACIDENTE COM VÍTIMA;485,773;BR-364/MT;Norte;Tombamento;1;0;;1;;;2
25/11/2021;21:01:00;346;AC03 - ACIDENTE SEM VÍTIMA;540,058;BR-163/MT;Norte;Saida de Pista;1;1;;;;;1
27/11/2021;07:01:00;70;AC03 - ACIDENTE SEM VÍTIMA;350,498;BR-364/MT;Norte;Colisão Traseira;2;3;;;;;1
27/11/2021;10:33:00;147;AC02 - ACIDENTE COM VÍTIMA;830,026;BR-163/MT;Sul;Colisão Frontal;1;2;;1;;;2
28/11/2021;08:26:00;74;AC02 - ACIDENTE COM VÍTIMA;513,98;BR-070/MT;Sul;Atropelamento - Usuário;1;1;;;1;;2
28/11/2021;15:37:00;168;AC03 - ACIDENTE SEM VÍTIMA;348,711;BR-364/MT;Norte;Saida de Pista;1;1;;;;;1
28/11/2021;20:50:00;255;AC03 - ACIDENTE SEM VÍTIMA;364,91;BR-364/MT;Norte;Saida de Pista;1;1;;;;;1
28/11/2021;22:33:00;270;AC02 - ACIDENTE COM VÍTIMA;101,012;BR-163/MT;Sul;Colisão Traseira;1;1;;1;;;2
29/11/2021;07:14:00;40;AC03 - ACIDENTE SEM VÍTIMA;824,089;BR-163/MT;Sul;Colisão Lateral;2;2;;;;;1
29/11/2021;08:38:00;73;AC03 - ACIDENTE SEM VÍTIMA;274,699;BR-364/MT;Norte;Colisão Lateral;2;2;;;;;1
29/11/2021;08:46:00;76;AC03 - ACIDENTE SEM VÍTIMA;597,301;BR-163/MT;Norte;Colisão Lateral;1;2;;;;;1
29/11/2021;09:19:00;89;AC03 - ACIDENTE SEM VÍTIMA;807,53;BR-163/MT;Sul;Tombamento;1;1;;;;;1
29/11/2021;09:46:00;99;AC03 - ACIDENTE SEM VÍTIMA;387,28;BR-364/MT;Sul;Colisão Lateral;1;4;;;;;1
29/11/2021;12:36:00;150;AC03 - ACIDENTE SEM VÍTIMA;575,17;BR-163/MT;Sul;Choque - Defensa, barreira ou "submarino";1;1;;;;;1
29/11/2021;12:53:00;156;AC03 - ACIDENTE SEM VÍTIMA;577,62;BR-163/MT;Norte;Saida de Pista;1;1;;;;;1
29/11/2021;13:20:00;163;AC03 - ACIDENTE SEM VÍTIMA;575,17;BR-163/MT;Sul;Colisão Transversal;1;2;;;;;1
29/11/2021;15:09:00;201;AC03 - ACIDENTE SEM VÍTIMA;349,738;BR-364/MT;Norte;Colisão Traseira;2;3;;;;;1
29/11/2021;16:08:00;216;AC03 - ACIDENTE SEM VÍTIMA;573,294;BR-163/MT;Norte;Engavetamento;3;3;;;;;1
29/11/2021;16:18:00;220;AC03 - ACIDENTE SEM VÍTIMA;524,15;BR-163/MT;Norte;Colisão Traseira;1;42;;;;;1
29/11/2021;16:30:00;223;AC03 - ACIDENTE SEM VÍTIMA;468,734;BR-364/MT;Norte;Tombamento;1;1;;;;;1
29/11/2021;21:00:00;281;AC03 - ACIDENTE SEM VÍTIMA;686,503;BR-163/MT;Sul;Colisão Transversal;1;3;;;;;1
30/11/2021;07:33:00;62;AC03 - ACIDENTE SEM VÍTIMA;380,407;BR-364/MT;Norte;Saida de Pista;1;1;;;;;1
30/11/2021;14:29:00;180;AC03 - ACIDENTE SEM VÍTIMA;560,8;BR-163/MT;Sul;Saida de Pista;1;1;;;;;1
30/11/2021;15:23:00;193;AC03 - ACIDENTE SEM VÍTIMA;566,4;BR-163/MT;Sul;Tombamento;1;1;;;;;1
30/11/2021;15:52:00;200;AC03 - ACIDENTE SEM VÍTIMA;347,795;BR-364/MT;Norte;Colisão Lateral;2;2;;;;;1
30/11/2021;17:53:00;230;AC03 - ACIDENTE SEM VÍTIMA;771,584;BR-163/MT;Sul;Saida de Pista;1;1;;;;;1
30/11/2021;19:57:00;255;AC03 - ACIDENTE SEM VÍTIMA;574,987;BR-163/MT;Norte;Tombamento;1;1;;;;;1
30/11/2021;20:36:00;266;AC03 - ACIDENTE SEM VÍTIMA;527,01;BR-163/MT;Sul;Saida de Pista;1;2;;;;;1
01/12/2021;05:16:00;47;AC03 - ACIDENTE SEM VÍTIMA;838,296;BR-163/MT;Sul;Choque - Suporte de Sinalização;1;1;;;;;1
01/12/2021;08:07:00;100;AC03 - ACIDENTE SEM VÍTIMA;724,71;BR-163/MT;Sul;Engavetamento;2;3;;;;;1
01/12/2021;08:43:00;114;AC03 - ACIDENTE SEM VÍTIMA;487,739;BR-364/MT;Norte;Engavetamento;3;3;;;;;1
01/12/2021;09:38:00;137;AC03 - ACIDENTE SEM VÍTIMA;831,338;BR-163/MT;Norte;Colisão Transversal;1;3;;;;;1
01/12/2021;09:55:00;143;AC02 - ACIDENTE COM VÍTIMA;389,169;BR-364/MT;Sul;Colisão Traseira;2;1;;;1;;2
01/12/2021;12:30:00;186;AC03 - ACIDENTE SEM VÍTIMA;627,175;BR-163/MT;Sul;Tombamento;1;1;;;;;1
01/12/2021;22:03:00;326;AC03 - ACIDENTE SEM VÍTIMA;730,585;BR-163/MT;Sul;Tombamento;1;1;;;;;1
02/12/2021;06:37:00;65;AC03 - ACIDENTE SEM VÍTIMA;119,679;BR-163/MT;Norte;Colisão Lateral;1;2;;;;;1
02/12/2021;09:50:00;160;AC03 - ACIDENTE SEM VÍTIMA;202,987;BR-364/MT;Sul;Colisão Traseira;1;2;;;;;1
02/12/2021;13:46:00;245;AC03 - ACIDENTE SEM VÍTIMA;777,176;BR-163/MT;Norte;Tombamento;1;1;;;;;1
02/12/2021;13:51:00;246;AC03 - ACIDENTE SEM VÍTIMA;623,348;BR-163/MT;Norte;Colisão Traseira;2;3;;;;;1
02/12/2021;13:59:00;249;AC03 - ACIDENTE SEM VÍTIMA;487,681;BR-364/MT;Norte;Tombamento;1;1;;;;;1
02/12/2021;13:59:00;250;AC03 - ACIDENTE SEM VÍTIMA;4,199;BR-163/MT;Sul;Choque - Defensa, barreira ou "submarino";1;2;;;;;1
02/12/2021;14:45:00;263;AC03 - ACIDENTE SEM VÍTIMA;552,857;BR-163/MT;Norte;Saida de Pista;1;1;;;;;1
02/12/2021;19:20:00;338;AC03 - ACIDENTE SEM VÍTIMA;649,369;BR-163/MT;Sul;Colisão Lateral;1;3;;;;;1
02/12/2021;20:02:00;347;AC02 - ACIDENTE COM VÍTIMA;72,623;BR-163/MT;Sul;Colisão Traseira;2;1;1;;;;1
02/12/2021;23:49:00;381;AC03 - ACIDENTE SEM VÍTIMA;802,965;BR-163/MT;Sul;Saida de Pista;1;1;;;;;1
03/12/2021;07:14:00;65;AC03 - ACIDENTE SEM VÍTIMA;579,168;BR-364/MT;Norte;Colisão Traseira;2;2;;;;;1
03/12/2021;08:55:00;95;AC03 - ACIDENTE SEM VÍTIMA;458,866;BR-364/MT;Sul;Tombamento;1;1;;;;;1
03/12/2021;10:05:00;119;AC03 - ACIDENTE SEM VÍTIMA;464,242;BR-364/MT;Sul;Tombamento;1;1;;;;;1
03/12/2021;11:28:00;151;AC02 - ACIDENTE COM VÍTIMA;350,303;BR-364/MT;Norte;Capotamento;1;0;1;;;;1
03/12/2021;13:42:00;178;AC03 - ACIDENTE SEM VÍTIMA;358,733;BR-364/MT;Sul;Saida de Pista;1;1;;;;;1
03/12/2021;13:46:00;180;AC03 - ACIDENTE SEM VÍTIMA;274,685;BR-364/MT;Sul;Colisão Transversal;2;2;;;;;1
03/12/2021;14:31:00;193;AC02 - ACIDENTE COM VÍTIMA;596,2;BR-163/MT;Sul;Atropelamento - Usuário;1;0;2;;;;1
03/12/2021;18:10:00;255;AC03 - ACIDENTE SEM VÍTIMA;852,874;BR-163/MT;Sul;Tombamento;1;1;;;;;1
03/12/2021;20:13:00;287;AC03 - ACIDENTE SEM VÍTIMA;506,919;BR-364/MT;Norte;Choque - Defensa, barreira ou "submarino";1;1;;;;;1
04/12/2021;08:19:00;77;AC03 - ACIDENTE SEM VÍTIMA;348,482;BR-364/MT;Norte;Colisão Traseira;2;2;;;;;1
04/12/2021;18:02:00;241;AC03 - ACIDENTE SEM VÍTIMA;275,66;BR-364/MT;Sul;Saida de Pista;1;1;;;;;1
05/12/2021;12:37:00;160;AC03 - ACIDENTE SEM VÍTIMA;119,452;BR-163/MT;Norte;Colisão Lateral;1;6;;;;;1
05/12/2021;13:04:00;166;AC03 - ACIDENTE SEM VÍTIMA;344,73;BR-364/MT;Norte;Choque - Defensa, barreira ou "submarino";1;1;;;;;1
05/12/2021;13:34:00;172;AC03 - ACIDENTE SEM VÍTIMA;550,837;BR-163/MT;Sul;Tombamento;1;1;;;;;1
05/12/2021;13:00:00;180;AC03 - ACIDENTE SEM VÍTIMA;119,46;BR-163/MT;Norte;Colisão Lateral;1;2;;;;;1
05/12/2021;14:22:00;186;AC03 - ACIDENTE SEM VÍTIMA;469,289;BR-364/MT;Norte;Tombamento;1;1;;;;;1
05/12/2021;20:59:00;295;AC03 - ACIDENTE SEM VÍTIMA;361,388;BR-364/MT;Sul;Tombamento;1;1;;;;;1
05/12/2021;22:33:00;309;AC02 - ACIDENTE COM VÍTIMA;217,089;BR-364/MT;Sul;Colisão Traseira;1;11;1;;;;1
06/12/2021;07:55:00;95;AC03 - ACIDENTE SEM VÍTIMA;607,755;BR-163/MT;Norte;Colisão Lateral;1;2;;;;;1
06/12/2021;13:16:00;175;AC01 - ACIDENTE COM VÍTIMA FATAL;725,212;BR-163/MT;Norte;Colisão Frontal;2;0;;1;1;1;3
06/12/2021;15:52:00;230;AC03 - ACIDENTE SEM VÍTIMA;714,024;BR-163/MT;Norte;Colisão Traseira;1;3;;;;;1
06/12/2021;19:50:00;296;AC02 - ACIDENTE COM VÍTIMA;539,356;BR-364/MT;Norte;Colisão Lateral;1;1;;1;;;2
06/12/2021;21:53:00;317;AC03 - ACIDENTE SEM VÍTIMA;349,564;BR-364/MT;Norte;Tombamento;1;1;;;;;1
07/12/2021;08:12:00;83;AC03 - ACIDENTE SEM VÍTIMA;792,095;BR-163/MT;Sul;Colisão Traseira;1;3;;;;;1
07/12/2021;09:52:00;137;AC03 - ACIDENTE SEM VÍTIMA;521,543;BR-070/MT;Sul;Colisão Lateral;1;3;;;;;1
07/12/2021;10:21:00;151;AC03 - ACIDENTE SEM VÍTIMA;213,359;BR-364/MT;Norte;Colisão Lateral;1;5;;;;;1
07/12/2021;13:16:00;184;AC03 - ACIDENTE SEM VÍTIMA;650,889;BR-163/MT;Sul;Colisão Frontal;2;2;;;;;1
07/12/2021;16:21:00;237;AC03 - ACIDENTE SEM VÍTIMA;508,406;BR-070/MT;Norte;Colisão Traseira;2;3;;;;;1
07/12/2021;17:08:00;258;AC03 - ACIDENTE SEM VÍTIMA;119,1;BR-163/MT;Norte;Colisão Traseira;2;2;;;;;1
07/12/2021;18:26:00;284;AC03 - ACIDENTE SEM VÍTIMA;118,434;BR-163/MT;Norte;Engavetamento;2;3;;;;;1
08/12/2021;00:17:00;5;AC02 - ACIDENTE COM VÍTIMA;554,853;BR-364/MT;Sul;Atropelamento - Ciclista;1;1;1;;;;1
08/12/2021;06:51:00;64;AC03 - ACIDENTE SEM VÍTIMA;510,376;BR-070/MT;Sul;Colisão Transversal;1;2;;;;;1
08/12/2021;09:53:00;117;AC03 - ACIDENTE SEM VÍTIMA;593,774;BR-163/MT;Sul;Tombamento;1;1;;;;;1
08/12/2021;10:09:00;124;AC03 - ACIDENTE SEM VÍTIMA;214,428;BR-364/MT;Sul;Choque - Veiculo parado na pista;1;2;;;;;1
08/12/2021;14:30:00;195;AC03 - ACIDENTE SEM VÍTIMA;486,578;BR-364/MT;Norte;Saida de Pista;1;1;;;;;1
08/12/2021;14:31:00;196;AC03 - ACIDENTE SEM VÍTIMA;271,598;BR-364/MT;Sul;Colisão Lateral;1;2;;;;;1
08/12/2021;14:51:00;204;AC03 - ACIDENTE SEM VÍTIMA;680,824;BR-163/MT;Norte;Saida de Pista;1;2;;;;;1
08/12/2021;15:04:00;208;AC03 - ACIDENTE SEM VÍTIMA;511,534;BR-070/MT;Sul;Engavetamento;2;5;;;;;1
08/12/2021;18:54:00;262;AC03 - ACIDENTE SEM VÍTIMA;475,504;BR-364/MT;Sul;Tombamento;2;2;;;;;1
08/12/2021;20:26:00;283;AC03 - ACIDENTE SEM VÍTIMA;381,22;BR-364/MT;Norte;Saida de Pista;1;1;;;;;1
09/12/2021;01:05:00;23;AC03 - ACIDENTE SEM VÍTIMA;62,385;BR-163/MT;Sul;Colisão Traseira;2;2;;;;;1
09/12/2021;07:20:00;83;AC03 - ACIDENTE SEM VÍTIMA;652,868;BR-163/MT;Norte;Engavetamento;4;4;;;;;1
09/12/2021;09:41:00;150;AC03 - ACIDENTE SEM VÍTIMA;502,5;BR-364/MT;Norte;Colisão Lateral;1;2;;;;;1
09/12/2021;10:10:00;157;AC03 - ACIDENTE SEM VÍTIMA;586,883;BR-163/MT;Norte;Colisão Traseira;2;8;;;;;1
09/12/2021;13:18:00;224;AC03 - ACIDENTE SEM VÍTIMA;797,786;BR-163/MT;Sul;Tombamento;1;1;;;;;1
09/12/2021;14:48:00;258;AC03 - ACIDENTE SEM VÍTIMA;602,074;BR-163/MT;Norte;Colisão Traseira;2;2;;;;;1
09/12/2021;15:35:00;281;AC03 - ACIDENTE SEM VÍTIMA;512,627;BR-070/MT;Norte;Colisão Traseira;2;2;;;;;1
09/12/2021;16:27:00;302;AC03 - ACIDENTE SEM VÍTIMA;336,512;BR-364/MT;Sul;Tombamento;1;1;;;;;1
10/12/2021;05:45:00;44;AC03 - ACIDENTE SEM VÍTIMA;209,451;BR-364/MT;Sul;Tombamento;1;1;;;;;1
10/12/2021;08:05:00;96;AC03 - ACIDENTE SEM VÍTIMA;277,706;BR-364/MT;Sul;Engavetamento;1;11;;;;;1
10/12/2021;08:15:00;99;AC03 - ACIDENTE SEM VÍTIMA;276,008;BR-364/MT;Sul;Colisão Traseira;1;3;;;;;1
10/12/2021;09:10:00;116;AC03 - ACIDENTE SEM VÍTIMA;729,185;BR-163/MT;Norte;Engavetamento;3;5;;;;;1
10/12/2021;10:52:00;147;AC03 - ACIDENTE SEM VÍTIMA;519,968;BR-070/MT;Sul;Colisão Traseira;1;5;;;;;1
10/12/2021;11:53:00;161;AC03 - ACIDENTE SEM VÍTIMA;734,132;BR-163/MT;Sul;Colisão Traseira;2;2;;;;;1
10/12/2021;12:02:00;169;AC03 - ACIDENTE SEM VÍTIMA;735,194;BR-163/MT;Sul;Colisão Lateral;2;3;;;;;1
10/12/2021;13:07:00;192;AC01 - ACIDENTE COM VÍTIMA FATAL;435,338;BR-364/MT;Norte;Colisão Lateral;1;2;;;;1;3