data;horario;n_da_ocorrencia;tipo_de_ocorrencia;km;trecho;sentido;tipo_de_acidente;caminhao;ilesos;levemente_feridos;moderadamente_feridos;gravemente_feridos;mortos;3
12/07/2022;12:52:00;173;Sem vítima;541,917;BR-163/MT;Decrescente;Colisão traseira;2;2;0;0;0;0;1
12/07/2022;23:30:00;303;Sem vítima;512,697;BR-163/MT;Crescente;Tombamento;1;1;0;0;0;0;1
14/07/2022;00:35:00;3;Com vítima;609,191;BR-163/MT;Crescente;Atropelamento de animal;1;1;0;0;0;0;1
15/07/2022;05:53:00;50;Sem vítima;565,585;BR-163/MT;Crescente;Acidentes de outra natureza;1;3;0;0;0;0;1
15/07/2022;10:41:00;137;Sem vítima;766,656;BR-163/MT;Crescente;Colisão traseira;1;2;0;0;0;0;1
15/07/2022;17:49:00;260;Sem vítima;637,310;BR-163/MT;Decrescente;Colisão traseira;2;2;0;0;0;0;1
16/07/2022;05:49:00;31;Sem vítima;246,950;BR-364/MT;Crescente;Choque;1;1;0;0;0;0;1
16/07/2022;07:40:00;57;Sem vítima;576,615;BR-163/MT;Crescente;Saída de pista;1;2;0;0;0;0;1
16/07/2022;10:36:00;120;Sem vítima;684,453;BR-163/MT;Crescente;Colisão lateral no mesmo sentido;1;3;0;0;0;0;1
16/07/2022;18:47:00;247;Com vítima;835,991;BR-163/MT;Crescente;Queda de moto;1;0;1;0;0;0;1
17/07/2022;15:18:00;175;Com vítima;491,316;BR-364/MT;Decrescente;Colisão lateral no mesmo sentido;1;1;0;1;0;0;2
18/07/2022;07:16:00;69;Sem vítima;579,136;BR-364/MT;Decrescente;Colisão traseira;1;2;0;0;0;0;1
18/07/2022;09:08:00;123;Sem vítima;834,960;BR-163/MT;Crescente;Colisão lateral no mesmo sentido;1;2;0;0;0;0;1
18/07/2022;14:28:00;231;Sem vítima;688,724;BR-163/MT;Crescente;Colisão lateral no mesmo sentido;1;2;0;0;0;0;1
18/07/2022;19:02:00;322;Sem vítima;540,560;BR-163/MT;Crescente;Colisão traseira;2;2;0;0;0;0;1
19/07/2022;06:11:00;63;Com vítima;831,593;BR-163/MT;Decrescente;Tombamento;1;0;1;0;0;0;1
19/07/2022;10:05:00;128;Sem vítima;844,562;BR-163/MT;Crescente;Colisão transversal;2;2;0;0;0;0;1
19/07/2022;11:13:00;151;Sem vítima;513,997;BR-70/MT;Crescente;Colisão transversal;1;2;0;0;0;0;1
19/07/2022;11:52:00;164;Sem vítima;512,643;BR-163/MT;Decrescente;Colisão traseira;1;2;0;0;0;0;1
19/07/2022;12:08:00;168;Sem vítima;513,997;BR-70/MT;Crescente;Choque;1;1;0;0;0;0;1
19/07/2022;17:11:00;246;Sem vítima;686,380;BR-163/MT;Crescente;Engavetamento;1;4;0;0;0;0;1
20/07/2022;10:24:00;157;Sem vítima;507,452;BR-163/MT;Decrescente;Engavetamento;2;4;0;0;0;0;1
20/07/2022;17:45:00;287;Com vítima;658,128;BR-163/MT;Crescente;Engavetamento;2;3;0;1;0;0;2
20/07/2022;22:00:00;335;Sem vítima;470,396;BR-364/MT;Decrescente;Colisão traseira;1;1;0;0;0;0;1
21/07/2022;00:47:00;10;Com vítima;23,670;BR-163/MT;Decrescente;Atropelamento de animal;1;1;0;0;0;0;1
21/07/2022;15:52:00;232;Com vítima;552,490;BR-163/MT;Decrescente;Tombamento;1;0;0;1;0;0;2
22/07/2022;04:09:00;34;Sem vítima;312,666;BR-364/MT;Decrescente;Tombamento;1;1;0;0;0;0;1
22/07/2022;09:07:00;112;Sem vítima;601,703;BR-163/MT;Decrescente;Colisão traseira;1;2;0;0;0;0;1
22/07/2022;11:49:00;170;Com vítima;607,360;BR-163/MT;Crescente;Colisão lateral no mesmo sentido;1;1;0;1;0;0;2
22/07/2022;15:01:00;221;Sem vítima;590,767;BR-163/MT;Crescente;Saída de pista;1;2;0;0;0;0;1
22/07/2022;16:28:00;252;Sem vítima;579,154;BR-364/MT;Crescente;Colisão traseira;1;6;0;0;0;0;1
22/07/2022;17:05:00;271;Com vítima;385,403;BR-364/MT;Decrescente;Colisão lateral no mesmo sentido;2;2;0;1;0;0;2
22/07/2022;20:17:00;324;Sem vítima;598,239;BR-163/MT;Crescente;Colisão traseira;1;4;0;0;0;0;1
23/07/2022;06:53:00;63;Sem vítima;383,212;BR-364/MT;Crescente;Colisão lateral no mesmo sentido;1;6;0;0;0;0;1
23/07/2022;10:10:00;122;Sem vítima;834,472;BR-163/MT;Decrescente;Colisão lateral no mesmo sentido;1;1;0;0;0;0;1
23/07/2022;11:31:00;147;Sem vítima;581,755;BR-163/MT;Decrescente;Colisão lateral no mesmo sentido;1;2;0;0;0;0;1
23/07/2022;20:32:00;299;Sem vítima;602,927;BR-163/MT;Decrescente;Tombamento;1;1;0;0;0;0;1
24/07/2022;11:32:00;118;Sem vítima;747,232;BR-163/MT;Crescente;Colisão transversal;1;3;0;0;0;0;1
24/07/2022;11:37:00;119;Sem vítima;535,400;BR-163/MT;Crescente;Colisão lateral no mesmo sentido;1;2;0;0;0;0;1
25/07/2022;06:25:00;42;Sem vítima;299,476;BR-364/MT;Decrescente;Colisão lateral no mesmo sentido;2;6;0;0;0;0;1
25/07/2022;10:05:00;106;Sem vítima;595,370;BR-163/MT;Decrescente;Colisão lateral no mesmo sentido;1;4;0;0;0;0;1
25/07/2022;13:03:00;154;Sem vítima;546,927;BR-163/MT;Crescente;Colisão lateral no mesmo sentido;1;5;0;0;0;0;1
25/07/2022;16:56:00;218;Sem vítima;523,999;BR-70/MT;Crescente;Colisão lateral no mesmo sentido;2;2;0;0;0;0;1
25/07/2022;17:39:00;231;Sem vítima;119,628;BR-163/MT;Decrescente;Colisão lateral no mesmo sentido;1;2;0;0;0;0;1
25/07/2022;20:18:00;257;Com vítima;820,449;BR-163/MT;Crescente;Colisão traseira;1;0;0;2;0;0;2
26/07/2022;03:11:00;36;Sem vítima;523,996;BR-70/MT;Decrescente;Tombamento;1;2;0;0;0;0;1
26/07/2022;03:57:00;40;Sem vítima;545,605;BR-163/MT;Decrescente;Colisão lateral no mesmo sentido;2;3;0;0;0;0;1
26/07/2022;09:38:00;115;Sem vítima;483,835;BR-364/MT;Decrescente;Colisão traseira;2;1;0;0;0;0;1
26/07/2022;10:41:00;134;Sem vítima;498,241;BR-70/MT;Decrescente;Colisão transversal;2;1;0;0;0;0;1
26/07/2022;13:01:00;177;Com vítima;266,368;BR-364/MT;Decrescente;Colisão transversal;1;2;1;0;0;0;1
26/07/2022;15:01:00;219;Sem vítima;665,405;BR-163/MT;Crescente;Engavetamento;3;3;0;0;0;0;1
26/07/2022;20:58:00;324;Sem vítima;435,435;BR-364/MT;Crescente;Colisão transversal;1;1;0;0;0;0;1
27/07/2022;06:56:00;50;Sem vítima;523,150;BR-70/MT;Crescente;Colisão traseira;1;5;0;0;0;0;1
27/07/2022;10:33:00;122;Sem vítima;12,236;BR-163/MT;Decrescente;Colisão lateral no mesmo sentido;2;3;0;0;0;0;1
27/07/2022;12:11:00;145;Sem vítima;587,878;BR-163/MT;Crescente;Colisão lateral no mesmo sentido;2;2;0;0;0;0;1
27/07/2022;13:42:00;158;Sem vítima;119,700;BR-163/MT;Crescente;Colisão lateral no mesmo sentido;1;2;0;0;0;0;1
27/07/2022;16:56:00;216;Sem vítima;386,332;BR-364/MT;Decrescente;Saída de pista;1;1;0;0;0;0;1
27/07/2022;17:03:00;220;Sem vítima;603,601;BR-163/MT;Crescente;Colisão lateral no mesmo sentido;2;2;0;0;0;0;1
28/07/2022;06:05:00;59;Sem vítima;456,381;BR-364/MT;Decrescente;Colisão lateral no mesmo sentido;2;2;0;0;0;0;1
28/07/2022;06:41:00;63;Sem vítima;633,283;BR-163/MT;Decrescente;Saída de pista;1;1;0;0;0;0;1
28/07/2022;16:35:00;235;Com vítima;348,280;BR-364/MT;Decrescente;Colisão traseira;1;1;0;1;0;0;2
28/07/2022;16:40:00;237;Sem vítima;244,730;BR-364/MT;Decrescente;Colisão lateral no mesmo sentido;2;2;0;0;0;0;1
28/07/2022;22:09:00;304;Com vítima;108,131;BR-163/MT;Crescente;Colisão traseira;2;1;1;0;0;0;1
28/07/2022;23:47:00;322;Com vítima;56,646;BR-163/MT;Crescente;Tombamento;1;0;1;0;0;0;1
29/07/2022;08:13:00;76;Com vítima;685,350;BR-163/MT;Crescente;Colisão traseira;1;28;1;0;0;0;1
29/07/2022;10:39:00;142;Sem vítima;209,900;BR-364/MT;Crescente;Colisão traseira;1;3;0;0;0;0;1
29/07/2022;13:20:00;189;Sem vítima;829,238;BR-163/MT;Crescente;Colisão lateral no mesmo sentido;1;3;0;0;0;0;1
29/07/2022;17:31:00;257;Sem vítima;662,473;BR-163/MT;Decrescente;Saída de pista;1;1;0;0;0;0;1
29/07/2022;21:26:00;315;Sem vítima;758,599;BR-163/MT;Decrescente;Colisão lateral no mesmo sentido;2;1;0;0;0;0;1
30/07/2022;05:24:00;49;Sem vítima;690,156;BR-163/MT;Crescente;Colisão traseira;1;1;0;0;0;0;1
30/07/2022;06:09:00;56;Com vítima;566,155;BR-163/MT;Decrescente;Tombamento;1;0;0;1;0;0;2
30/07/2022;08:38:00;88;Sem vítima;531,464;BR-163/MT;Crescente;Colisão lateral no mesmo sentido;1;1;0;0;0;0;1
30/07/2022;11:59:00;150;Sem vítima;823,839;BR-163/MT;Crescente;Colisão traseira;1;2;0;0;0;0;1
30/07/2022;12:56:00;162;Sem vítima;546,925;BR-163/MT;Crescente;Colisão lateral no mesmo sentido;2;2;0;0;0;0;1
30/07/2022;19:36:00;270;Sem vítima;839,877;BR-163/MT;Crescente;Colisão lateral no mesmo sentido;1;2;0;0;0;0;1
31/07/2022;17:26:00;201;Sem vítima;828,913;BR-163/MT;Decrescente;Colisão lateral no mesmo sentido;1;4;0;0;0;0;1
31/07/2022;23:36:00;272;Sem vítima;202,546;BR-364/MT;Crescente;Colisão lateral no mesmo sentido;1;1;0;0;0;0;1
01/08/2022;08:02:00;78;Sem vítima;267,459;BR-364/MT;Crescente;Colisão lateral no mesmo sentido;1;2;0;0;0;0;1
02/08/2022;06:56:00;57;Sem vítima;821,220;BR-163/MT;Decrescente;Colisão traseira;1;5;0;0;0;0;1
02/08/2022;06:58:00;60;Sem vítima;582,989;BR-163/MT;Crescente;Engavetamento;3;4;0;0;0;0;1
02/08/2022;07:30:00;67;Sem vítima;512,110;BR-70/MT;Decrescente;Colisão transversal;2;2;0;0;0;0;1
02/08/2022;08:45:00;91;Sem vítima;546,469;BR-163/MT;Decrescente;Colisão traseira;1;1;0;0;0;0;1
02/08/2022;13:37:00;199;Com vítima;845,128;BR-163/MT;Crescente;Colisão traseira;1;1;1;0;0;0;1
02/08/2022;15:26:00;228;Com vítima;664,654;BR-163/MT;Crescente;Atropelamento de pedestre;1;1;1;0;0;0;1
02/08/2022;15:55:00;233;Com vítima;544,544;BR-163/MT;Decrescente;Colisão lateral no mesmo sentido;1;0;0;1;0;0;2
02/08/2022;20:03:00;298;Sem vítima;354,546;BR-364/MT;Crescente;Acidentes de outra natureza;1;4;0;0;0;0;1
03/08/2022;08:26:00;102;Com vítima;521,450;BR-70/MT;Crescente;Colisão lateral no mesmo sentido;1;1;0;1;0;0;2
03/08/2022;20:07:00;319;Sem vítima;113,582;BR-163/MT;Decrescente;Atropelamento de animal;1;1;0;0;0;0;1
04/08/2022;11:34:00;153;Sem vítima;835,340;BR-163/MT;Crescente;Colisão lateral no mesmo sentido;1;2;0;0;0;0;1
04/08/2022;17:20:00;256;Sem vítima;513,651;BR-70/MT;Crescente;Colisão traseira;1;3;0;0;0;0;1
05/08/2022;01:10:00;23;Sem vítima;517,986;BR-364/MT;Decrescente;Colisão lateral no mesmo sentido;1;0;0;0;0;0;1
05/08/2022;14:52:00;214;Com vítima;514,554;BR-70/MT;Crescente;Colisão transversal;1;1;0;1;0;0;2
05/08/2022;15:22:00;228;Sem vítima;498,346;BR-364/MT;Decrescente;Colisão lateral no mesmo sentido;1;2;0;0;0;0;1
06/08/2022;08:26:00;88;Sem vítima;517,518;BR-163/MT;Decrescente;Tombamento;1;1;0;0;0;0;1
06/08/2022;15:44:00;236;Sem vítima;507,740;BR-364/MT;Crescente;Colisão traseira;3;3;0;0;0;0;1
06/08/2022;16:49:00;263;Sem vítima;586,960;BR-163/MT;Decrescente;Colisão lateral no mesmo sentido;1;2;0;0;0;0;1
06/08/2022;16:54:00;266;Sem vítima;307,612;BR-364/MT;Decrescente;Colisão traseira;2;2;0;0;0;0;1
06/08/2022;18:05:00;285;Sem vítima;834,972;BR-163/MT;Crescente;Colisão transversal;1;2;0;0;0;0;1
07/08/2022;07:23:00;59;Sem vítima;587,739;BR-163/MT;Decrescente;Colisão traseira;2;2;0;0;0;0;1
07/08/2022;10:07:00;104;Sem vítima;343,830;BR-364/MT;Crescente;Colisão lateral no mesmo sentido;1;4;0;0;0;0;1
07/08/2022;17:07:00;225;Com vítima;555,130;BR-163/MT;Crescente;Colisão lateral no mesmo sentido;1;1;3;0;0;0;1
07/08/2022;19:21:00;268;Sem vítima;848,144;BR-163/MT;Decrescente;Colisão lateral no mesmo sentido;1;4;0;0;0;0;1
08/08/2022;03:42:00;34;Com vítima;511,189;BR-70/MT;Crescente;Tombamento;1;0;1;0;0;0;1
08/08/2022;04:31:00;37;Sem vítima;458,939;BR-364/MT;Crescente;Saída de pista;1;1;0;0;0;0;1
08/08/2022;06:59:00;56;Sem vítima;271,811;BR-364/MT;Crescente;Colisão lateral no mesmo sentido;1;2;0;0;0;0;1
08/08/2022;07:35:00;60;Sem vítima;508,492;BR-70/MT;Decrescente;Colisão lateral no mesmo sentido;2;1;0;0;0;0;1
08/08/2022;08:31:00;68;Sem vítima;804,100;BR-163/MT;Decrescente;Saída de pista;1;1;0;0;0;0;1
08/08/2022;08:49:00;74;Sem vítima;513,986;BR-70/MT;Decrescente;Colisão transversal;1;3;0;0;0;0;1
08/08/2022;22:11:00;278;Sem vítima;549,887;BR-163/MT;Decrescente;Tombamento;1;1;0;0;0;0;1
08/08/2022;22:27:00;281;Com vítima;515,486;BR-364/MT;Decrescente;Capotamento;1;0;0;1;0;0;2
09/08/2022;04:07:00;37;Sem vítima;468,477;BR-364/MT;Crescente;Saída de pista;1;1;0;0;0;0;1
09/08/2022;04:55:00;42;Com vítima;584,833;BR-163/MT;Crescente;Tombamento;1;1;3;0;0;0;1
09/08/2022;07:15:00;59;Sem vítima;202,861;BR-364/MT;Decrescente;Colisão traseira;2;4;0;0;0;0;1
09/08/2022;07:36:00;64;Com vítima;504,424;BR-364/MT;Crescente;Colisão lateral no mesmo sentido;1;2;1;0;0;0;1
09/08/2022;16:29:00;212;Com vítima;743,371;BR-163/MT;Decrescente;Colisão transversal;2;0;3;0;0;0;1
10/08/2022;06:10:00;43;Sem vítima;521,796;BR-70/MT;Decrescente;Colisão traseira;1;1;0;0;0;0;1
10/08/2022;06:43:00;52;Sem vítima;786,253;BR-163/MT;Crescente;Colisão traseira;1;2;0;0;0;0;1
10/08/2022;09:25:00;101;Sem vítima;214,417;BR-364/MT;Crescente;Colisão lateral no mesmo sentido;1;5;0;0;0;0;1
10/08/2022;09:49:00;111;Sem vítima;559,274;BR-163/MT;Decrescente;Tombamento;1;1;0;0;0;0;1
10/08/2022;18:49:00;259;Sem vítima;714,341;BR-163/MT;Decrescente;Colisão transversal;1;2;0;0;0;0;1
11/08/2022;08:10:00;81;Sem vítima;828,509;BR-163/MT;Decrescente;Colisão lateral no mesmo sentido;1;2;0;0;0;0;1
11/08/2022;10:24:00;126;Sem vítima;202,967;BR-364/MT;Decrescente;Colisão lateral no mesmo sentido;2;2;0;0;0;0;1
11/08/2022;11:10:00;147;Sem vítima;203,510;BR-364/MT;Decrescente;Colisão traseira;1;3;0;0;0;0;1
11/08/2022;11:54:00;157;Sem vítima;832,600;BR-163/MT;Crescente;Colisão lateral no mesmo sentido;1;2;0;0;0;0;1
11/08/2022;14:19:00;195;Sem vítima;675,200;BR-163/MT;Crescente;Engavetamento;3;4;0;0;0;0;1
11/08/2022;14:58:00;207;Sem vítima;782,300;BR-163/MT;Decrescente;Saída de pista;1;1;0;0;0;0;1
12/08/2022;04:58:00;34;Com vítima;349,734;BR-364/MT;Crescente;Tombamento;1;0;0;1;0;0;2
12/08/2022;08:15:00;81;Sem vítima;603,120;BR-163/MT;Decrescente;Colisão traseira;1;2;0;0;0;0;1
12/08/2022;20:05:00;304;Sem vítima;603,785;BR-163/MT;Decrescente;Colisão traseira;2;2;0;0;0;0;1
12/08/2022;20:19:00;307;Sem vítima;241,650;BR-364/MT;Decrescente;Colisão lateral no mesmo sentido;1;4;0;0;0;0;1
13/08/2022;07:53:00;70;Com vítima;229,544;BR-364/MT;Crescente;Saída de pista;1;1;1;0;0;0;1
13/08/2022;10:39:00;122;Sem vítima;750,165;BR-163/MT;Decrescente;Colisão traseira;2;1;0;0;0;0;1
13/08/2022;14:19:00;189;Sem vítima;118,288;BR-163/MT;Crescente;Tombamento;1;1;0;0;0;0;1
13/08/2022;15:26:00;213;Com vítima;516,200;BR-70/MT;Decrescente;Colisão traseira;1;0;1;0;0;0;1
13/08/2022;20:05:00;282;Sem vítima;114,446;BR-163/MT;Crescente;Colisão traseira;1;1;0;0;0;0;1
14/08/2022;09:48:00;81;Sem vítima;513,794;BR-163/MT;Decrescente;Tombamento;1;1;0;0;0;0;1
14/08/2022;11:11:00;99;Sem vítima;339,518;BR-364/MT;Decrescente;Saída de pista;1;1;0;0;0;0;1
14/08/2022;16:54:00;194;Sem vítima;559,480;BR-163/MT;Decrescente;Tombamento;1;1;0;0;0;0;1
15/08/2022;10:07:00;111;Com vítima;275,965;BR-364/MT;Decrescente;Colisão lateral no mesmo sentido;2;1;1;0;0;0;1
15/08/2022;22:16:00;312;Com vítima;106,795;BR-163/MT;Decrescente;Colisão traseira;2;1;0;0;1;0;2
16/08/2022;04:52:00;30;Sem vítima;714,230;BR-163/MT;Decrescente;Colisão traseira;3;1;0;0;0;0;1
16/08/2022;04:56:00;31;Com vítima;540,250;BR-163/MT;Decrescente;Tombamento;1;2;1;1;0;0;2
16/08/2022;06:55:00;48;Sem vítima;756,450;BR-163/MT;Crescente;Colisão lateral no mesmo sentido;1;1;0;0;0;0;1
16/08/2022;07:52:00;69;Sem vítima;579,359;BR-364/MT;Decrescente;Colisão lateral no mesmo sentido;2;2;0;0;0;0;1
16/08/2022;09:11:00;88;Com vítima;575,400;BR-163/MT;Crescente;Colisão traseira;1;3;1;0;0;0;1
16/08/2022;09:21:00;93;Sem vítima;786,500;BR-163/MT;Decrescente;Colisão traseira;2;2;0;0;0;0;1
16/08/2022;09:22:00;94;Sem vítima;518,699;BR-70/MT;Crescente;Colisão traseira;2;2;0;0;0;0;1
16/08/2022;09:58:00;110;Sem vítima;532,740;BR-364/MT;Crescente;Colisão traseira;2;1;0;0;0;0;1
16/08/2022;18:39:00;269;Sem vítima;114,446;BR-163/MT;Crescente;Saída de pista;1;1;0;0;0;0;1
16/08/2022;19:14:00;280;Sem vítima;559,740;BR-163/MT;Crescente;Saída de pista;1;2;0;0;0;0;1
17/08/2022;14:12:00;209;Sem vítima;271,740;BR-364/MT;Crescente;Colisão lateral no mesmo sentido;2;1;0;0;0;0;1
17/08/2022;14:31:00;215;Sem vítima;538,926;BR-163/MT;Decrescente;Colisão traseira;2;2;0;0;0;0;1
17/08/2022;14:39:00;217;Com vítima;759,626;BR-163/MT;Decrescente;Colisão lateral no mesmo sentido;2;2;0;1;0;0;2
17/08/2022;18:09:00;272;Sem vítima;480,956;BR-364/MT;Decrescente;Colisão lateral no mesmo sentido;1;2;0;0;0;0;1
17/08/2022;18:32:00;275;Com vítima;30,758;BR-163/MT;Crescente;Atropelamento de animal;1;1;0;0;0;0;1
18/08/2022;10:26:00;153;Sem vítima;523,703;BR-364/MT;Decrescente;Tombamento;1;1;0;0;0;0;1
18/08/2022;10:54:00;167;Sem vítima;328,359;BR-364/MT;Decrescente;Tombamento;1;1;0;0;0;0;1
18/08/2022;15:11:00;264;Sem vítima;252,875;BR-364/MT;Decrescente;Saída de pista;1;1;0;0;0;0;1
18/08/2022;15:22:00;274;Sem vítima;486,676;BR-364/MT;Crescente;Saída de pista;1;1;0;0;0;0;1
18/08/2022;17:11:00;320;Sem vítima;510,393;BR-163/MT;Decrescente;Colisão lateral no mesmo sentido;1;3;0;0;0;0;1
18/08/2022;18:18:00;340;Sem vítima;56,457;BR-163/MT;Crescente;Saída de pista;1;2;0;0;0;0;1
19/08/2022;02:17:00;11;Sem vítima;307,442;BR-364/MT;Decrescente;Saída de pista;1;1;0;0;0;0;1
19/08/2022;14:19:00;199;Sem vítima;595,468;BR-163/MT;Decrescente;Colisão transversal;1;2;0;0;0;0;1
19/08/2022;15:08:00;211;Sem vítima;766,816;BR-163/MT;Crescente;Colisão lateral no mesmo sentido;1;0;0;0;0;0;1
19/08/2022;16:43:00;238;Sem vítima;832,832;BR-163/MT;Decrescente;Engavetamento;1;4;0;0;0;0;1
20/08/2022;08:55:00;91;Sem vítima;637,283;BR-163/MT;Decrescente;Tombamento;1;1;0;0;0;0;1
20/08/2022;09:13:00;99;Sem vítima;435,767;BR-364/MT;Crescente;Colisão transversal;1;2;0;0;0;0;1
20/08/2022;09:33:00;107;Sem vítima;603,300;BR-163/MT;Crescente;Tombamento;1;1;0;0;0;0;1
20/08/2022;15:04:00;196;Sem vítima;487,799;BR-364/MT;Crescente;Colisão traseira;2;3;0;0;0;0;1
20/08/2022;16:34:00;228;Sem vítima;521,584;BR-70/MT;Crescente;Choque;1;4;0;0;0;0;1
20/08/2022;18:39:00;257;Sem vítima;370,935;BR-364/MT;Crescente;Colisão lateral no mesmo sentido;1;3;0;0;0;0;1
21/08/2022;06:16:00;43;Sem vítima;580,411;BR-364/MT;Decrescente;Colisão traseira;1;2;0;0;0;0;1
21/08/2022;10:01:00;100;Sem vítima;582,966;BR-163/MT;Crescente;Tombamento;1;1;0;0;0;0;1
21/08/2022;15:35:00;161;Sem vítima;434,661;BR-364/MT;Decrescente;Colisão transversal;1;2;0;0;0;0;1
22/08/2022;12:33:00;167;Sem vítima;77,700;BR-163/MT;Crescente;Tombamento;1;1;0;0;0;0;1
22/08/2022;12:53:00;174;Com vítima;543,473;BR-163/MT;Crescente;Saída de pista;1;0;1;0;0;0;1
22/08/2022;17:05:00;253;Sem vítima;688,721;BR-163/MT;Crescente;Colisão traseira;1;0;0;0;0;0;1
23/08/2022;06:41:00;48;Sem vítima;514,890;BR-70/MT;Crescente;Colisão lateral no mesmo sentido;1;4;0;0;0;0;1
23/08/2022;07:25:00;66;Sem vítima;119,300;BR-163/MT;Decrescente;Colisão lateral no mesmo sentido;1;4;0;0;0;0;1
23/08/2022;09:55:00;129;Sem vítima;513,655;BR-70/MT;Crescente;Engavetamento;3;3;0;0;0;0;1
23/08/2022;15:28:00;221;Sem vítima;663,796;BR-163/MT;Decrescente;Saída de pista;1;1;0;0;0;0;1
23/08/2022;19:21:00;288;Com vítima;504,100;BR-70/MT;Decrescente;Colisão traseira;2;1;0;1;0;0;2
24/08/2022;11:33:00;153;Sem vítima;556,900;BR-163/MT;Decrescente;Saída de pista;1;1;0;0;0;0;1
25/08/2022;08:25:00;101;Sem vítima;832,580;BR-163/MT;Decrescente;Colisão lateral no mesmo sentido;1;2;0;0;0;0;1
25/08/2022;17:20:00;296;Sem vítima;782,530;BR-163/MT;Crescente;Tombamento;1;1;0;0;0;0;1
25/08/2022;17:32:00;302;Sem vítima;494,634;BR-364/MT;Decrescente;Colisão traseira;1;3;0;0;0;0;1
25/08/2022;17:49:00;306;Sem vítima;522,742;BR-70/MT;Decrescente;Colisão traseira;2;2;0;0;0;0;1
25/08/2022;20:59:00;340;Sem vítima;205,870;BR-364/MT;Crescente;Colisão lateral no mesmo sentido;2;2;0;0;0;0;1
26/08/2022;05:48:00;52;Sem vítima;456,734;BR-364/MT;Decrescente;Colisão lateral no mesmo sentido;2;2;0;0;0;0;1
26/08/2022;07:30:00;78;Sem vítima;592,460;BR-163/MT;Decrescente;Colisão traseira;2;3;0;0;0;0;1
26/08/2022;07:59:00;83;Sem vítima;203,320;BR-364/MT;Decrescente;Colisão traseira;1;2;0;0;0;0;1
26/08/2022;10:14:00;128;Sem vítima;767,822;BR-163/MT;Decrescente;Colisão traseira;1;2;0;0;0;0;1
26/08/2022;10:26:00;133;Sem vítima;452,453;BR-364/MT;Crescente;Colisão traseira;2;2;0;0;0;0;1
26/08/2022;10:57:00;143;Com vítima;349,730;BR-364/MT;Crescente;Colisão traseira;2;1;0;0;1;0;2
26/08/2022;14:16:00;203;Com vítima;596,200;BR-163/MT;Decrescente;Colisão transversal;1;1;0;1;0;0;2
26/08/2022;16:24:00;265;Sem vítima;659,269;BR-163/MT;Decrescente;Colisão traseira;1;2;0;0;0;0;1
26/08/2022;17:18:00;290;Sem vítima;270,766;BR-364/MT;Crescente;Colisão traseira;2;3;0;0;0;0;1
27/08/2022;07:50:00;98;Sem vítima;528,298;BR-364/MT;Decrescente;Choque;2;2;0;0;0;0;1
27/08/2022;11:18:00;188;Com vítima;310,860;BR-364/MT;Crescente;Saída de pista;1;0;1;0;0;0;1
27/08/2022;14:23:00;253;Sem vítima;346,709;BR-364/MT;Crescente;Choque;1;1;0;0;0;0;1
27/08/2022;15:15:00;263;Sem vítima;854,320;BR-163/MT;Decrescente;Colisão lateral no mesmo sentido;2;2;0;0;0;0;1
27/08/2022;16:53:00;305;Sem vítima;514,360;BR-70/MT;Decrescente;Colisão lateral no mesmo sentido;1;2;0;0;0;0;1
27/08/2022;17:01:00;309;Sem vítima;523,370;BR-70/MT;Decrescente;Colisão transversal;2;2;0;0;0;0;1
28/08/2022;14:06:00;163;Sem vítima;835,318;BR-163/MT;Decrescente;Colisão lateral no mesmo sentido;1;2;0;0;0;0;1
28/08/2022;17:15:00;228;Sem vítima;539,784;BR-163/MT;Crescente;Saída de pista;1;1;0;0;0;0;1
29/08/2022;08:00:00;78;Com vítima;826,820;BR-163/MT;Crescente;Colisão lateral no mesmo sentido;1;1;1;1;0;0;2
29/08/2022;09:16:00;100;Sem vítima;626,862;BR-163/MT;Crescente;Colisão lateral no mesmo sentido;1;5;0;0;0;0;1