data;horario;n_da_ocorrencia;tipo_de_ocorrencia;km;trecho;sentido;tipo_de_acidente;caminhao;ilesos;levemente_feridos;moderadamente_feridos;gravemente_feridos;mortos;3
29/08/2022;14:09:00;188;Com vítima;747,324;BR-163/MT;Crescente;Colisão transversal;1;1;0;1;0;0;2
29/08/2022;15:48:00;218;Com vítima;834,484;BR-163/MT;Decrescente;Colisão transversal;1;1;0;1;0;0;2
29/08/2022;17:43:00;247;Sem vítima;775,500;BR-163/MT;Decrescente;Colisão traseira;2;4;0;0;0;0;1
30/08/2022;17:07:00;262;Sem vítima;402,282;BR-364/MT;Crescente;Colisão lateral no mesmo sentido;1;2;0;0;0;0;1
30/08/2022;18:17:00;274;Sem vítima;201,300;BR-364/MT;Crescente;Colisão lateral no mesmo sentido;1;2;0;0;0;0;1
30/08/2022;19:24:00;298;Sem vítima;117,804;BR-163/MT;Crescente;Colisão traseira;2;2;0;0;0;0;1
31/08/2022;06:47:00;46;Com vítima;602,538;BR-163/MT;Decrescente;Colisão transversal;1;1;1;0;0;0;1
31/08/2022;09:09:00;98;Sem vítima;270,863;BR-364/MT;Decrescente;Tombamento;2;3;0;0;0;0;1
31/08/2022;11:38:00;149;Sem vítima;458,802;BR-364/MT;Crescente;Tombamento;1;1;0;0;0;0;1
31/08/2022;12:46:00;173;Sem vítima;202,261;BR-364/MT;Decrescente;Colisão traseira;2;1;0;0;0;0;1
31/08/2022;13:02:00;178;Sem vítima;831,555;BR-163/MT;Crescente;Colisão transversal;2;3;0;0;0;0;1
31/08/2022;16:59:00;259;Com vítima;514,150;BR-70/MT;Decrescente;Atropelamento de pedestre;1;1;0;1;0;0;2
31/08/2022;21:53:00;327;Com vítima;325,458;BR-364/MT;Decrescente;Tombamento;1;0;0;1;0;0;2
01/09/2022;07:25:00;58;Sem vítima;838,910;BR-163/MT;Crescente;Colisão transversal;1;2;0;0;0;0;1
01/09/2022;08:46:00;89;Sem vítima;844,148;BR-163/MT;Crescente;Colisão traseira;2;2;0;0;0;0;1
01/09/2022;10:45:00;131;Sem vítima;838,000;BR-163/MT;Decrescente;Colisão traseira;1;4;0;0;0;0;1
01/09/2022;11:57:00;156;Sem vítima;119,362;BR-163/MT;Crescente;Colisão traseira;1;4;0;0;0;0;1
01/09/2022;16:12:00;226;Sem vítima;813,801;BR-163/MT;Crescente;Colisão lateral no mesmo sentido;1;2;0;0;0;0;1
01/09/2022;18:57:00;271;Sem vítima;766,642;BR-163/MT;Decrescente;Colisão traseira;2;2;0;0;0;0;1
02/09/2022;07:24:00;64;Sem vítima;494,112;BR-364/MT;Decrescente;Colisão transversal;1;0;0;0;0;0;1
02/09/2022;08:20:00;79;Sem vítima;506,267;BR-364/MT;Crescente;Colisão lateral no mesmo sentido;1;4;0;0;0;0;1
02/09/2022;08:48:00;94;Com vítima;553,285;BR-163/MT;Decrescente;Colisão lateral no mesmo sentido;4;1;1;0;0;0;1
02/09/2022;08:54:00;95;Sem vítima;739,315;BR-163/MT;Crescente;Colisão lateral no mesmo sentido;1;2;0;0;0;0;1
02/09/2022;15:39:00;218;Sem vítima;546,926;BR-163/MT;Crescente;Saída de pista;1;1;0;0;0;0;1
02/09/2022;16:58:00;245;Com vítima;507,195;BR-70/MT;Crescente;Colisão frontal;1;1;0;1;0;0;2
02/09/2022;17:38:00;259;Sem vítima;485,225;BR-364/MT;Decrescente;Colisão traseira;1;2;0;0;0;0;1
02/09/2022;18:48:00;280;Sem vítima;539,934;BR-163/MT;Crescente;Colisão transversal;1;2;0;0;0;0;1
02/09/2022;20:45:00;303;Sem vítima;383,778;BR-364/MT;Decrescente;Tombamento;1;1;0;0;0;0;1
03/09/2022;08:31:00;110;Sem vítima;521,679;BR-70/MT;Crescente;Colisão traseira;1;3;0;0;0;0;1
03/09/2022;16:01:00;262;Sem vítima;751,750;BR-163/MT;Crescente;Colisão transversal;1;4;0;0;0;0;1
04/09/2022;09:16:00;91;Sem vítima;523,999;BR-70/MT;Crescente;Colisão traseira;2;2;0;0;0;0;1
05/09/2022;14:05:00;159;Sem vítima;637,283;BR-163/MT;Crescente;Colisão traseira;1;3;0;0;0;0;1
05/09/2022;17:57:00;223;Sem vítima;664,287;BR-163/MT;Decrescente;Colisão lateral no mesmo sentido;2;2;0;0;0;0;1
05/09/2022;21:07:00;269;Sem vítima;827,809;BR-163/MT;Decrescente;Choque;1;2;0;0;0;0;1
06/09/2022;08:01:00;68;Sem vítima;60,739;BR-163/MT;Decrescente;Colisão traseira;2;1;0;0;0;0;1
06/09/2022;09:07:00;89;Com vítima;266,364;BR-364/MT;Decrescente;Colisão lateral no mesmo sentido;2;2;0;0;0;0;1
06/09/2022;13:13:00;147;Sem vítima;378,393;BR-364/MT;Crescente;Choque;1;1;0;0;0;0;1
06/09/2022;15:02:00;178;Sem vítima;569,278;BR-364/MT;Decrescente;Colisão lateral no mesmo sentido;2;1;0;0;0;0;1
06/09/2022;17:20:00;230;Sem vítima;838,966;BR-163/MT;Decrescente;Colisão traseira;1;4;0;0;0;0;1
06/09/2022;17:47:00;237;Com vítima;518,357;BR-70/MT;Decrescente;Atropelamento de ciclista;1;2;0;1;0;0;2
06/09/2022;22:16:00;297;Sem vítima;383,212;BR-364/MT;Crescente;Colisão traseira;1;3;0;0;0;0;1
07/09/2022;04:09:00;39;Sem vítima;608,551;BR-163/MT;Decrescente;Colisão frontal;1;3;0;0;0;0;1
07/09/2022;06:52:00;61;Com vítima;509,188;BR-364/MT;Decrescente;Colisão frontal;1;1;0;0;1;0;2
07/09/2022;08:31:00;87;Sem vítima;527,517;BR-163/MT;Decrescente;Colisão lateral no mesmo sentido;1;1;0;0;0;0;1
07/09/2022;09:55:00;120;Com vítima;838,199;BR-163/MT;Decrescente;Colisão lateral no mesmo sentido;1;1;1;0;0;0;1
07/09/2022;10:48:00;136;Sem vítima;535,816;BR-364/MT;Decrescente;Colisão traseira;1;2;0;0;0;0;1
07/09/2022;11:03:00;138;Com vítima;567,253;BR-163/MT;Crescente;Colisão frontal;1;0;1;0;3;1;3
07/09/2022;14:33:00;204;Sem vítima;502,760;BR-364/MT;Decrescente;Saída de pista;1;1;0;0;0;0;1
07/09/2022;16:47:00;244;Sem vítima;347,889;BR-364/MT;Crescente;Saída de pista;1;2;0;0;0;0;1
07/09/2022;17:53:00;265;Sem vítima;348,382;BR-364/MT;Crescente;Colisão lateral no mesmo sentido;2;3;0;0;0;0;1
08/09/2022;11:34:00;174;Sem vítima;472,555;BR-364/MT;Crescente;Engavetamento;3;3;0;0;0;0;1
08/09/2022;15:23:00;242;Sem vítima;750,669;BR-163/MT;Decrescente;Colisão transversal;2;2;0;0;0;0;1
08/09/2022;17:28:00;298;Com vítima;603,127;BR-163/MT;Decrescente;Engavetamento;5;6;1;0;0;0;1
08/09/2022;20:44:00;346;Sem vítima;495,319;BR-364/MT;Decrescente;Atropelamento de animal;1;1;0;0;0;0;1
08/09/2022;22:08:00;366;Sem vítima;346,520;BR-364/MT;Decrescente;Tombamento;1;1;0;0;0;0;1
09/09/2022;02:38:00;18;Sem vítima;516,374;BR-364/MT;Crescente;Tombamento;1;1;0;0;0;0;1
09/09/2022;05:20:00;40;Com vítima;226,148;BR-364/MT;Crescente;Saída de pista;1;0;0;0;0;1;3
09/09/2022;05:21:00;41;Sem vítima;226,148;BR-364/MT;Crescente;Colisão traseira;1;1;0;0;0;0;1
09/09/2022;07:02:00;63;Com vítima;537,110;BR-364/MT;Crescente;Colisão lateral no mesmo sentido;2;0;1;0;0;0;1
09/09/2022;08:55:00;93;Sem vítima;578,214;BR-364/MT;Crescente;Colisão transversal;1;2;0;0;0;0;1
09/09/2022;09:03:00;100;Sem vítima;835,145;BR-163/MT;Crescente;Colisão transversal;1;3;0;0;0;0;1
09/09/2022;11:03:00;142;Sem vítima;578,851;BR-364/MT;Crescente;Colisão traseira;2;2;0;0;0;0;1
09/09/2022;16:44:00;237;Sem vítima;488,390;BR-364/MT;Crescente;Colisão lateral no mesmo sentido;2;2;0;0;0;0;1
10/09/2022;06:06:00;61;Sem vítima;344,841;BR-364/MT;Decrescente;Colisão traseira;2;2;0;0;0;0;1
10/09/2022;06:20:00;62;Com vítima;331,439;BR-364/MT;Decrescente;Tombamento;1;0;1;0;0;0;1
10/09/2022;09:32:00;125;Sem vítima;549,131;BR-163/MT;Decrescente;Saída de pista;1;1;0;0;0;0;1
10/09/2022;11:30:00;160;Sem vítima;206,225;BR-364/MT;Crescente;Colisão traseira;2;4;0;0;0;0;1
10/09/2022;11:57:00;170;Sem vítima;204,918;BR-364/MT;Crescente;Colisão transversal;2;1;0;0;0;0;1
10/09/2022;12:54:00;181;Sem vítima;508,563;BR-70/MT;Crescente;Colisão lateral no mesmo sentido;2;2;0;0;0;0;1
10/09/2022;13:48:00;191;Sem vítima;503,619;BR-70/MT;Decrescente;Tombamento;1;1;0;0;0;0;1
10/09/2022;19:08:00;295;Sem vítima;512,906;BR-70/MT;Crescente;Colisão traseira;2;2;0;0;0;0;1
11/09/2022;08:40:00;82;Sem vítima;654,151;BR-163/MT;Decrescente;Colisão lateral no mesmo sentido;1;1;0;0;0;0;1
11/09/2022;10:41:00;119;Com vítima;842,651;BR-163/MT;Decrescente;Colisão frontal;1;1;1;0;0;0;1
12/09/2022;05:27:00;38;Sem vítima;660,185;BR-163/MT;Decrescente;Colisão lateral no mesmo sentido;1;2;0;0;0;0;1
12/09/2022;15:17:00;215;Sem vítima;489,822;BR-364/MT;Decrescente;Colisão lateral no mesmo sentido;1;3;0;0;0;0;1
12/09/2022;15:38:00;222;Sem vítima;561,130;BR-163/MT;Crescente;Colisão lateral no mesmo sentido;3;3;0;0;0;0;1
12/09/2022;21:59:00;332;Com vítima;349,223;BR-364/MT;Decrescente;Tombamento;1;1;1;0;0;0;1
13/09/2022;00:25:00;3;Sem vítima;683,167;BR-163/MT;Crescente;Colisão lateral no mesmo sentido;1;1;0;0;0;0;1
13/09/2022;10:20:00;134;Sem vítima;526,444;BR-163/MT;Crescente;Colisão traseira;1;16;0;0;0;0;1
13/09/2022;10:30:00;139;Sem vítima;700,765;BR-163/MT;Decrescente;Colisão traseira;2;3;0;0;0;0;1
13/09/2022;16:37:00;246;Sem vítima;750,100;BR-163/MT;Decrescente;Colisão lateral no mesmo sentido;1;2;0;0;0;0;1
13/09/2022;18:17:00;282;Sem vítima;522,711;BR-70/MT;Decrescente;Colisão transversal;1;2;0;0;0;0;1
14/09/2022;08:12:00;85;Sem vítima;736,370;BR-163/MT;Crescente;Choque;1;1;0;0;0;0;1
14/09/2022;10:30:00;148;Sem vítima;108,340;BR-163/MT;Decrescente;Colisão traseira;2;3;0;0;0;0;1
14/09/2022;14:02:00;207;Sem vítima;751,100;BR-163/MT;Decrescente;Colisão lateral no mesmo sentido;1;4;0;0;0;0;1
14/09/2022;14:16:00;214;Sem vítima;663,989;BR-163/MT;Crescente;Tombamento;1;1;0;0;0;0;1
14/09/2022;16:33:00;270;Sem vítima;648,447;BR-163/MT;Decrescente;Saída de pista;1;1;0;0;0;0;1
14/09/2022;20:43:00;329;Sem vítima;604,440;BR-163/MT;Decrescente;Saída de pista;1;1;0;0;0;0;1
14/09/2022;20:58:00;330;Sem vítima;593,813;BR-163/MT;Decrescente;Saída de pista;1;3;0;0;0;0;1
15/09/2022;03:45:00;32;Sem vítima;441,637;BR-364/MT;Decrescente;Saída de pista;1;1;0;0;0;0;1
15/09/2022;07:55:00;82;Sem vítima;344,714;BR-364/MT;Crescente;Colisão traseira;2;2;0;0;0;0;1
15/09/2022;08:23:00;92;Sem vítima;346,947;BR-364/MT;Crescente;Choque;1;1;0;0;0;0;1
15/09/2022;10:01:00;125;Sem vítima;504,919;BR-70/MT;Decrescente;Colisão lateral no mesmo sentido;1;2;0;0;0;0;1
15/09/2022;14:04:00;208;Sem vítima;514,746;BR-70/MT;Decrescente;Colisão transversal;2;2;0;0;0;0;1
15/09/2022;17:54:00;271;Com vítima;271,906;BR-364/MT;Decrescente;Colisão lateral no mesmo sentido;1;1;1;0;0;0;1
16/09/2022;13:20:00;211;Sem vítima;503,624;BR-364/MT;Crescente;Saída de pista;1;1;0;0;0;0;1
16/09/2022;13:35:00;219;Sem vítima;441,254;BR-364/MT;Decrescente;Tombamento;1;1;0;0;0;0;1
16/09/2022;17:35:00;305;Sem vítima;758,170;BR-163/MT;Crescente;Colisão traseira;2;2;0;0;0;0;1
16/09/2022;18:01:00;315;Sem vítima;833,185;BR-163/MT;Decrescente;Colisão lateral no mesmo sentido;1;2;0;0;0;0;1
16/09/2022;18:26:00;324;Sem vítima;201,141;BR-364/MT;Decrescente;Colisão lateral no mesmo sentido;1;3;0;0;0;0;1
16/09/2022;18:53:00;327;Sem vítima;515,713;BR-70/MT;Decrescente;Colisão lateral no mesmo sentido;2;2;0;0;0;0;1
17/09/2022;10:03:00;113;Com vítima;108,744;BR-163/MT;Decrescente;Colisão traseira;2;1;1;0;0;0;1
17/09/2022;13:56:00;188;Sem vítima;204,310;BR-364/MT;Crescente;Colisão traseira;1;1;0;0;0;0;1
17/09/2022;15:44:00;226;Com vítima;602,200;BR-163/MT;Crescente;Choque;1;1;1;0;0;0;1
17/09/2022;16:11:00;237;Sem vítima;499,616;BR-364/MT;Decrescente;Colisão traseira;2;3;0;0;0;0;1
17/09/2022;16:32:00;243;Sem vítima;201,211;BR-364/MT;Decrescente;Colisão lateral no mesmo sentido;1;2;0;0;0;0;1
17/09/2022;16:49:00;248;Sem vítima;353,580;BR-364/MT;Crescente;Tombamento;1;1;0;0;0;0;1
17/09/2022;22:15:00;306;Sem vítima;685,412;BR-163/MT;Decrescente;Tombamento;1;2;0;0;0;0;1
18/09/2022;04:03:00;31;Sem vítima;500,538;BR-364/MT;Crescente;Tombamento;1;1;0;0;0;0;1
18/09/2022;06:49:00;48;Sem vítima;269,834;BR-364/MT;Decrescente;Tombamento;1;2;0;0;0;0;1
18/09/2022;07:06:00;55;Sem vítima;792,571;BR-163/MT;Crescente;Colisão lateral no mesmo sentido;1;2;0;0;0;0;1
18/09/2022;15:01:00;187;Sem vítima;441,366;BR-364/MT;Crescente;Tombamento;1;1;0;0;0;0;1
19/09/2022;04:06:00;23;Sem vítima;484,626;BR-364/MT;Crescente;Saída de pista;1;1;0;0;0;0;1
19/09/2022;08:20:00;75;Sem vítima;383,680;BR-364/MT;Decrescente;Colisão lateral no mesmo sentido;2;2;0;0;0;0;1
19/09/2022;08:51:00;91;Sem vítima;502,424;BR-70/MT;Crescente;Saída de pista;1;1;0;0;0;0;1
19/09/2022;10:59:00;130;Sem vítima;510,998;BR-70/MT;Crescente;Colisão traseira;2;2;0;0;0;0;1
19/09/2022;12:43:00;160;Sem vítima;567,136;BR-163/MT;Decrescente;Tombamento;1;1;0;0;0;0;1
19/09/2022;14:59:00;207;Sem vítima;487,678;BR-364/MT;Decrescente;Colisão traseira;2;2;0;0;0;0;1
19/09/2022;16:13:00;235;Sem vítima;563,400;BR-364/MT;Decrescente;Saída de pista;1;1;0;0;0;0;1
19/09/2022;18:52:00;283;Sem vítima;559,781;BR-163/MT;Decrescente;Tombamento;1;1;0;0;0;0;1
19/09/2022;19:08:00;289;Com vítima;664,574;BR-163/MT;Crescente;Colisão traseira;1;1;1;0;0;0;1
19/09/2022;23:46:00;355;Sem vítima;356,209;BR-364/MT;Crescente;Engavetamento;1;11;0;0;0;0;1
20/09/2022;06:39:00;53;Com vítima;755,653;BR-163/MT;Crescente;Engavetamento;3;1;0;1;0;0;2
20/09/2022;12:53:00;218;Sem vítima;522,181;BR-70/MT;Decrescente;Colisão traseira;2;2;0;0;0;0;1
20/09/2022;14:06:00;241;Sem vítima;559,735;BR-163/MT;Crescente;Tombamento;1;1;0;0;0;0;1
20/09/2022;14:07:00;242;Com vítima;744,130;BR-163/MT;Decrescente;Tombamento;1;0;1;0;0;0;1
20/09/2022;14:12:00;245;Com vítima;540,580;BR-163/MT;Crescente;Tombamento;1;0;0;1;0;0;2
20/09/2022;15:56:00;282;Sem vítima;203,250;BR-364/MT;Crescente;Colisão traseira;1;29;0;0;0;0;1
20/09/2022;16:41:00;300;Sem vítima;522,694;BR-70/MT;Decrescente;Colisão traseira;2;2;0;0;0;0;1
21/09/2022;08:01:00;80;Com vítima;523,672;BR-364/MT;Crescente;Colisão lateral no mesmo sentido;1;0;0;1;0;0;2
21/09/2022;10:14:00;131;Com vítima;512,523;BR-70/MT;Crescente;Engavetamento;2;2;0;1;0;0;2
21/09/2022;11:25:00;154;Sem vítima;342,659;BR-364/MT;Decrescente;Tombamento;1;1;0;0;0;0;1
21/09/2022;15:10:00;223;Sem vítima;784,450;BR-163/MT;Decrescente;Colisão traseira;1;2;0;0;0;0;1
21/09/2022;15:35:00;233;Com vítima;606,181;BR-163/MT;Decrescente;Colisão frontal;1;3;3;0;0;0;1
21/09/2022;16:34:00;262;Com vítima;636,218;BR-163/MT;Decrescente;Tombamento;1;0;1;0;0;0;1
21/09/2022;18:29:00;294;Com vítima;518,590;BR-70/MT;Crescente;Saída de pista;1;0;1;0;0;0;1
22/09/2022;00:01:00;1;Com vítima;314,564;BR-364/MT;Decrescente;Atropelamento de animal;1;1;0;0;0;0;1
22/09/2022;07:04:00;69;Sem vítima;203,540;BR-364/MT;Decrescente;Colisão lateral no mesmo sentido;1;2;0;0;0;0;1
22/09/2022;10:37:00;146;Sem vítima;739,843;BR-163/MT;Crescente;Tombamento;1;0;0;0;0;0;1
22/09/2022;11:49:00;160;Sem vítima;776,962;BR-163/MT;Crescente;Saída de pista;1;1;0;0;0;0;1
22/09/2022;11:51:00;162;Sem vítima;564,100;BR-163/MT;Decrescente;Colisão traseira;2;2;0;0;0;0;1
22/09/2022;12:51:00;178;Com vítima;772,200;BR-163/MT;Crescente;Engavetamento;3;5;0;2;0;0;2
22/09/2022;16:26:00;228;Sem vítima;538,689;BR-163/MT;Crescente;Tombamento;1;1;0;0;0;0;1
23/09/2022;00:37:00;24;Sem vítima;584,880;BR-163/MT;Decrescente;Tombamento;1;1;0;0;0;0;1
23/09/2022;10:51:00;159;Sem vítima;602,538;BR-163/MT;Decrescente;Saída de pista;1;1;0;0;0;0;1
23/09/2022;11:41:00;186;Com vítima;522,734;BR-70/MT;Decrescente;Colisão transversal;1;1;1;0;0;0;1
23/09/2022;15:07:00;252;Sem vítima;837,142;BR-163/MT;Crescente;Colisão traseira;1;2;0;0;0;0;1
23/09/2022;18:22:00;304;Sem vítima;533,661;BR-364/MT;Crescente;Colisão traseira;2;3;0;0;0;0;1
23/09/2022;20:50:00;346;Com vítima;538,842;BR-163/MT;Decrescente;Tombamento;1;0;1;0;0;0;1
24/09/2022;07:46:00;76;Sem vítima;202,152;BR-364/MT;Crescente;Colisão traseira;1;2;0;0;0;0;1
24/09/2022;09:32:00;106;Sem vítima;843,701;BR-163/MT;Crescente;Colisão lateral no mesmo sentido;1;2;0;0;0;0;1
24/09/2022;13:36:00;179;Sem vítima;514,140;BR-70/MT;Crescente;Colisão traseira;2;2;0;0;0;0;1
24/09/2022;14:02:00;186;Sem vítima;557,474;BR-364/MT;Crescente;Colisão transversal;2;2;0;0;0;0;1
24/09/2022;15:15:00;212;Com vítima;541,859;BR-364/MT;Crescente;Colisão traseira;1;1;1;0;0;0;1
24/09/2022;17:16:00;253;Sem vítima;511,609;BR-163/MT;Crescente;Colisão transversal;1;4;0;0;0;0;1
24/09/2022;21:02:00;298;Sem vítima;254,161;BR-364/MT;Decrescente;Acidentes de outra natureza;2;2;0;0;0;0;1
24/09/2022;22:06:00;307;Sem vítima;543,129;BR-163/MT;Decrescente;Saída de pista;1;1;0;0;0;0;1
25/09/2022;07:56:00;82;Sem vítima;551,199;BR-163/MT;Crescente;Saída de pista;1;1;0;0;0;0;1
25/09/2022;10:02:00;114;Com vítima;539,837;BR-163/MT;Crescente;Capotamento;1;0;1;0;0;0;1
25/09/2022;16:59:00;214;Sem vítima;622,860;BR-163/MT;Crescente;Saída de pista;1;1;0;0;0;0;1
25/09/2022;23:39:00;282;Com vítima;662,158;BR-163/MT;Decrescente;Colisão frontal;1;1;0;1;0;1;3
25/09/2022;23:56:00;284;Com vítima;736,731;BR-163/MT;Crescente;Capotamento;1;0;1;0;0;0;1
26/09/2022;14:01:00;185;Sem vítima;687,136;BR-163/MT;Crescente;Colisão transversal;1;2;0;0;0;0;1
26/09/2022;14:10:00;189;Com vítima;561,576;BR-163/MT;Crescente;Colisão transversal;1;1;0;0;0;5;3
26/09/2022;14:30:00;194;Com vítima;274,468;BR-364/MT;Crescente;Atropelamento de ciclista;1;2;0;0;0;1;3
26/09/2022;17:34:00;238;Sem vítima;117,358;BR-163/MT;Crescente;Colisão traseira;1;2;0;0;0;0;1
27/09/2022;15:35:00;238;Sem vítima;833,921;BR-163/MT;Crescente;Choque;1;1;0;0;0;0;1
27/09/2022;15:59:00;246;Sem vítima;361,728;BR-364/MT;Decrescente;Colisão lateral no mesmo sentido;1;1;0;0;0;0;1
27/09/2022;17:22:00;278;Sem vítima;331,562;BR-364/MT;Crescente;Saída de pista;1;1;0;0;0;0;1
27/09/2022;18:14:00;285;Sem vítima;574,839;BR-364/MT;Crescente;Colisão traseira;2;2;0;0;0;0;1
28/09/2022;07:18:00;78;Sem vítima;533,781;BR-163/MT;Crescente;Colisão lateral no mesmo sentido;2;2;0;0;0;0;1
28/09/2022;09:37:00;121;Sem vítima;758,197;BR-163/MT;Crescente;Colisão traseira;2;2;0;0;0;0;1
28/09/2022;16:32:00;272;Com vítima;653,103;BR-163/MT;Decrescente;Colisão lateral no mesmo sentido;1;4;1;0;0;0;1
28/09/2022;18:44:00;307;Sem vítima;438,468;BR-364/MT;Crescente;Colisão transversal;2;4;0;0;0;0;1
28/09/2022;19:05:00;312;Sem vítima;475,831;BR-364/MT;Decrescente;Choque;2;2;0;0;0;0;1
28/09/2022;23:41:00;357;Com vítima;443,368;BR-364/MT;Crescente;Tombamento;1;0;0;0;0;1;3
29/09/2022;03:39:00;31;Sem vítima;574,258;BR-163/MT;Decrescente;Tombamento;1;1;0;0;0;0;1
29/09/2022;06:15:00;48;Sem vítima;616,969;BR-163/MT;Crescente;Tombamento;1;2;0;0;0;0;1
29/09/2022;11:01:00;142;Sem vítima;514,324;BR-70/MT;Crescente;Colisão traseira;2;2;0;0;0;0;1
29/09/2022;11:51:00;151;Sem vítima;436,323;BR-364/MT;Crescente;Colisão traseira;2;2;0;0;0;0;1
29/09/2022;12:56:00;169;Sem vítima;750,331;BR-163/MT;Crescente;Colisão transversal;1;0;0;0;0;0;1
29/09/2022;14:59:00;210;Sem vítima;527,846;BR-364/MT;Crescente;Colisão traseira;2;2;0;0;0;0;1
30/09/2022;16:46:00;241;Sem vítima;497,695;BR-70/MT;Crescente;Engavetamento;2;5;0;0;0;0;1
30/09/2022;18:21:00;270;Sem vítima;211,685;BR-364/MT;Decrescente;Colisão traseira;1;1;0;0;0;0;1
01/10/2022;10:46:00;116;Sem vítima;112,490;BR-163/MT;Decrescente;Colisão traseira;2;2;0;0;0;0;1
01/10/2022;10:53:00;118;Sem vítima;779,350;BR-163/MT;Crescente;Colisão traseira;1;2;0;0;0;0;1
01/10/2022;10:59:00;121;Sem vítima;816,575;BR-163/MT;Crescente;Colisão transversal;1;2;0;0;0;0;1
01/10/2022;11:59:00;134;Com vítima;647,406;BR-163/MT;Decrescente;Colisão lateral no mesmo sentido;2;51;1;1;1;3;3
01/10/2022;17:18:00;220;Sem vítima;661,794;BR-163/MT;Crescente;Tombamento;1;1;0;0;0;0;1
02/10/2022;03:55:00;38;Sem vítima;95,864;BR-163/MT;Decrescente;Colisão lateral no mesmo sentido;2;5;0;0;0;0;1
02/10/2022;21:40:00;249;Sem vítima;579,441;BR-163/MT;Crescente;Tombamento;1;1;0;0;0;0;1
03/10/2022;06:41:00;49;Sem vítima;513,920;BR-70/MT;Decrescente;Colisão traseira;1;3;0;0;0;0;1
03/10/2022;06:45:00;52;Sem vítima;331,509;BR-364/MT;Crescente;Tombamento;1;1;0;0;0;0;1
03/10/2022;10:06:00;123;Com vítima;840,649;BR-163/MT;Decrescente;Engavetamento;1;4;1;0;0;0;1
03/10/2022;14:34:00;181;Sem vítima;496,494;BR-70/MT;Decrescente;Colisão traseira;2;2;0;0;0;0;1
04/10/2022;12:07:00;130;Sem vítima;606,206;BR-163/MT;Crescente;Tombamento;1;1;0;0;0;0;1
04/10/2022;15:52:00;168;Sem vítima;616,241;BR-163/MT;Crescente;Engavetamento;3;3;0;0;0;0;1
04/10/2022;18:01:00;203;Sem vítima;617,173;BR-163/MT;Decrescente;Saída de pista;1;1;0;0;0;0;1
05/10/2022;01:01:00;7;Sem vítima;510,190;BR-364/MT;Decrescente;Tombamento;1;1;0;0;0;0;1
05/10/2022;06:52:00;62;Sem vítima;494,809;BR-364/MT;Crescente;Choque;2;2;0;0;0;0;1
05/10/2022;11:39:00;161;Sem vítima;603,236;BR-163/MT;Crescente;Colisão traseira;2;2;0;0;0;0;1
05/10/2022;11:48:00;163;Sem vítima;515,408;BR-364/MT;Crescente;Tombamento;1;1;0;0;0;0;1
05/10/2022;11:51:00;164;Com vítima;515,408;BR-364/MT;Crescente;Saída de pista;1;0;0;1;0;0;2
05/10/2022;12:04:00;167;Sem vítima;436,724;BR-364/MT;Decrescente;Colisão traseira;2;2;0;0;0;0;1
05/10/2022;13:17:00;183;Sem vítima;714,493;BR-163/MT;Crescente;Engavetamento;2;3;0;0;0;0;1
05/10/2022;20:06:00;324;Com vítima;443,379;BR-364/MT;Decrescente;Tombamento;1;0;0;0;1;0;2
05/10/2022;20:50:00;335;Sem vítima;443,379;BR-364/MT;Decrescente;Choque;1;1;0;0;0;0;1
05/10/2022;21:13:00;337;Sem vítima;443,379;BR-364/MT;Decrescente;Choque;1;1;0;0;0;0;1
05/10/2022;22:21:00;343;Sem vítima;338,550;BR-364/MT;Decrescente;Tombamento;1;1;0;0;0;0;1
06/10/2022;05:42:00;45;Sem vítima;276,802;BR-364/MT;Decrescente;Tombamento;1;1;0;0;0;0;1
06/10/2022;20:28:00;314;Com vítima;247,708;BR-364/MT;Decrescente;Atropelamento de animal;1;1;0;0;0;0;1
07/10/2022;06:07:00;49;Com vítima;540,650;BR-163/MT;Decrescente;Tombamento;1;1;1;0;0;0;1
07/10/2022;08:41:00;111;Sem vítima;539,824;BR-163/MT;Crescente;Saída de pista;1;1;0;0;0;0;1