data;horario;n_da_ocorrencia;tipo_de_ocorrencia;km;trecho;sentido;tipo_de_acidente;caminhao;ilesos;levemente_feridos;moderadamente_feridos;gravemente_feridos;mortos;3
07/10/2022;09:58:00;131;Sem vítima;608,905;BR-163/MT;Decrescente;Colisão transversal;2;2;0;0;0;0;1
07/10/2022;10:24:00;137;Sem vítima;202,955;BR-364/MT;Decrescente;Colisão lateral no mesmo sentido;1;3;0;0;0;0;1
07/10/2022;11:25:00;157;Sem vítima;202,272;BR-364/MT;Crescente;Colisão traseira;1;1;0;0;0;0;1
07/10/2022;17:12:00;252;Sem vítima;753,197;BR-163/MT;Crescente;Colisão traseira;1;1;0;0;0;0;1
07/10/2022;20:17:00;294;Sem vítima;580,171;BR-163/MT;Decrescente;Tombamento;1;1;0;0;0;0;1
08/10/2022;00:35:00;2;Com vítima;400,642;BR-364/MT;Crescente;Colisão frontal;1;1;0;0;0;1;3
08/10/2022;08:18:00;88;Com vítima;824,400;BR-163/MT;Decrescente;Colisão traseira;1;1;1;0;0;0;1
08/10/2022;12:38:00;161;Sem vítima;618,483;BR-163/MT;Decrescente;Colisão lateral no mesmo sentido;2;2;0;0;0;0;1
08/10/2022;18:35:00;235;Com vítima;554,928;BR-364/MT;Decrescente;Engavetamento;1;13;1;0;0;1;3
09/10/2022;10:51:00;152;Sem vítima;278,147;BR-364/MT;Decrescente;Colisão traseira;1;2;0;0;0;0;1
09/10/2022;10:56:00;154;Sem vítima;578,100;BR-163/MT;Crescente;Saída de pista;1;1;0;0;0;0;1
09/10/2022;15:53:00;215;Sem vítima;318,478;BR-364/MT;Crescente;Colisão traseira;1;2;0;0;0;0;1
09/10/2022;18:49:00;263;Com vítima;839,900;BR-163/MT;Decrescente;Atropelamento de pedestre;1;1;0;0;1;0;2
10/10/2022;02:49:00;32;Com vítima;502,891;BR-364/MT;Crescente;Tombamento;1;1;1;0;0;0;1
11/10/2022;06:27:00;35;Sem vítima;369,182;BR-364/MT;Crescente;Saída de pista;1;1;0;0;0;0;1
11/10/2022;08:06:00;58;Sem vítima;204,890;BR-364/MT;Decrescente;Colisão traseira;2;2;0;0;0;0;1
11/10/2022;14:45:00;180;Sem vítima;534,252;BR-364/MT;Crescente;Engavetamento;2;3;0;0;0;0;1
11/10/2022;16:58:00;225;Sem vítima;103,375;BR-163/MT;Decrescente;Tombamento;1;1;0;0;0;0;1
12/10/2022;00:09:00;2;Sem vítima;520,980;BR-70/MT;Crescente;Colisão traseira;1;2;0;0;0;0;1
12/10/2022;10:08:00;121;Sem vítima;528,268;BR-364/MT;Crescente;Saída de pista;1;1;0;0;0;0;1
12/10/2022;10:39:00;131;Com vítima;556,831;BR-163/MT;Crescente;Engavetamento;3;4;0;1;0;0;2
12/10/2022;11:42:00;142;Sem vítima;440,546;BR-364/MT;Crescente;Saída de pista;1;1;0;0;0;0;1
12/10/2022;16:20:00;214;Com vítima;837,265;BR-163/MT;Decrescente;Engavetamento;1;7;2;0;0;0;1
12/10/2022;16:41:00;221;Sem vítima;334,650;BR-364/MT;Crescente;Colisão traseira;1;2;0;0;0;0;1
13/10/2022;07:16:00;57;Sem vítima;347,238;BR-364/MT;Crescente;Saída de pista;1;1;0;0;0;0;1
13/10/2022;09:45:00;127;Sem vítima;522,489;BR-70/MT;Decrescente;Engavetamento;3;3;0;0;0;0;1
13/10/2022;11:20:00;178;Sem vítima;624,120;BR-163/MT;Decrescente;Saída de pista;1;1;0;0;0;0;1
13/10/2022;11:25:00;180;Sem vítima;579,224;BR-364/MT;Decrescente;Colisão traseira;1;2;0;0;0;0;1
14/10/2022;04:42:00;33;Com vítima;266,619;BR-364/MT;Decrescente;Tombamento;1;0;1;0;0;0;1
14/10/2022;07:43:00;79;Sem vítima;348,542;BR-364/MT;Crescente;Tombamento;1;1;0;0;0;0;1
14/10/2022;16:06:00;266;Sem vítima;767,141;BR-163/MT;Decrescente;Colisão traseira;1;2;0;0;0;0;1
14/10/2022;18:19:00;311;Com vítima;686,494;BR-163/MT;Decrescente;Colisão transversal;1;2;0;0;3;0;2
14/10/2022;18:39:00;317;Sem vítima;839,114;BR-163/MT;Crescente;Colisão transversal;1;2;0;0;0;0;1
14/10/2022;19:07:00;325;Sem vítima;465,646;BR-364/MT;Decrescente;Tombamento;1;1;0;0;0;0;1
15/10/2022;07:39:00;87;Sem vítima;611,274;BR-163/MT;Crescente;Colisão traseira;2;3;0;0;0;0;1
15/10/2022;08:16:00;98;Sem vítima;817,599;BR-163/MT;Crescente;Colisão transversal;1;2;0;0;0;0;1
15/10/2022;12:12:00;167;Sem vítima;119,784;BR-163/MT;Crescente;Colisão lateral no mesmo sentido;1;4;0;0;0;0;1
15/10/2022;14:06:00;196;Sem vítima;648,695;BR-163/MT;Crescente;Colisão lateral no mesmo sentido;1;6;0;0;0;0;1
15/10/2022;14:49:00;235;Sem vítima;575,248;BR-163/MT;Crescente;Saída de pista;1;1;0;0;0;0;1
15/10/2022;15:05:00;216;Com vítima;618,843;BR-163/MT;Crescente;Colisão traseira;1;4;1;0;0;0;1
15/10/2022;17:35:00;268;Sem vítima;834,875;BR-163/MT;Crescente;Colisão lateral no mesmo sentido;2;3;0;0;0;0;1
15/10/2022;22:15:00;331;Sem vítima;202,957;BR-364/MT;Decrescente;Colisão traseira;1;1;0;0;0;0;1
16/10/2022;08:22:00;89;Sem vítima;434,608;BR-364/MT;Crescente;Colisão lateral no mesmo sentido;1;5;0;0;0;0;1
16/10/2022;08:57:00;97;Sem vítima;458,640;BR-364/MT;Decrescente;Colisão traseira;2;2;0;0;0;0;1
17/10/2022;09:01:00;109;Com vítima;512,640;BR-70/MT;Decrescente;Engavetamento;1;1;0;1;0;0;2
17/10/2022;11:12:00;160;Sem vítima;203,930;BR-364/MT;Crescente;Colisão lateral no mesmo sentido;1;2;0;0;0;0;1
17/10/2022;14:46:00;224;Sem vítima;78,658;BR-163/MT;Decrescente;Saída de pista;1;1;0;0;0;0;1
17/10/2022;15:33:00;244;Sem vítima;346,963;BR-364/MT;Crescente;Saída de pista;1;1;0;0;0;0;1
17/10/2022;16:00:00;256;Sem vítima;344,900;BR-364/MT;Crescente;Saída de pista;1;1;0;0;0;0;1
17/10/2022;16:33:00;270;Sem vítima;523,742;BR-70/MT;Crescente;Colisão traseira;2;2;0;0;0;0;1
18/10/2022;07:10:00;66;Sem vítima;833,449;BR-163/MT;Decrescente;Engavetamento;1;3;0;0;0;0;1
18/10/2022;09:39:00;128;Sem vítima;394,981;BR-364/MT;Decrescente;Colisão lateral no mesmo sentido;2;2;0;0;0;0;1
18/10/2022;10:54:00;169;Com vítima;309,500;BR-364/MT;Crescente;Saída de pista;1;0;1;0;0;0;1
19/10/2022;15:11:00;230;Sem vítima;497,496;BR-70/MT;Decrescente;Colisão transversal;1;2;0;0;0;0;1
19/10/2022;17:01:00;281;Sem vítima;582,980;BR-163/MT;Decrescente;Saída de pista;1;1;0;0;0;0;1
19/10/2022;18:10:00;303;Sem vítima;684,795;BR-163/MT;Crescente;Engavetamento;3;3;0;0;0;0;1
19/10/2022;18:32:00;309;Sem vítima;753,654;BR-163/MT;Decrescente;Colisão lateral no mesmo sentido;1;2;0;0;0;0;1
19/10/2022;22:20:00;367;Sem vítima;587,109;BR-163/MT;Crescente;Colisão lateral no mesmo sentido;1;1;0;0;0;0;1
20/10/2022;11:15:00;150;Sem vítima;523,666;BR-70/MT;Decrescente;Colisão traseira;1;2;0;0;0;0;1
20/10/2022;12:37:00;181;Sem vítima;278,427;BR-364/MT;Decrescente;Colisão traseira;2;3;0;0;0;0;1
20/10/2022;14:04:00;203;Sem vítima;694,161;BR-163/MT;Crescente;Colisão lateral no mesmo sentido;1;4;0;0;0;0;1
20/10/2022;17:22:00;267;Sem vítima;623,354;BR-163/MT;Crescente;Colisão traseira;2;2;0;0;0;0;1
21/10/2022;05:34:00;46;Sem vítima;581,719;BR-364/MT;Decrescente;Colisão lateral no mesmo sentido;1;2;0;0;0;0;1
21/10/2022;06:11:00;55;Sem vítima;350,280;BR-364/MT;Crescente;Colisão lateral no mesmo sentido;2;3;0;0;0;0;1
21/10/2022;07:17:00;74;Sem vítima;336,190;BR-364/MT;Decrescente;Saída de pista;1;2;0;0;0;0;1
21/10/2022;08:07:00;91;Com vítima;574,958;BR-163/MT;Crescente;Colisão frontal;2;0;0;0;1;1;3
21/10/2022;08:08:00;92;Sem vítima;497,248;BR-364/MT;Decrescente;Engavetamento;1;3;0;0;0;0;1
21/10/2022;12:51:00;202;Sem vítima;521,797;BR-70/MT;Decrescente;Colisão lateral no mesmo sentido;1;2;0;0;0;0;1
21/10/2022;16:52:00;276;Sem vítima;574,788;BR-364/MT;Decrescente;Tombamento;1;1;0;0;0;0;1
21/10/2022;19:39:00;308;Sem vítima;595,714;BR-163/MT;Decrescente;Saída de pista;1;2;0;0;0;0;1
21/10/2022;23:29:00;339;Sem vítima;343,771;BR-364/MT;Crescente;Choque;2;2;0;0;0;0;1
22/10/2022;11:37:00;197;Sem vítima;350,265;BR-364/MT;Crescente;Colisão traseira;1;4;0;0;0;0;1
22/10/2022;11:49:00;203;Com vítima;831,900;BR-163/MT;Decrescente;Atropelamento de pedestre;1;1;1;0;0;0;1
22/10/2022;13:31:00;239;Com vítima;509,562;BR-70/MT;Crescente;Engavetamento;4;2;1;3;0;0;2
22/10/2022;13:39:00;242;Sem vítima;582,313;BR-364/MT;Crescente;Colisão lateral no mesmo sentido;1;4;0;0;0;0;1
22/10/2022;17:02:00;314;Sem vítima;526,829;BR-364/MT;Decrescente;Colisão lateral no mesmo sentido;2;2;0;0;0;0;1
22/10/2022;21:14:00;368;Com vítima;515,787;BR-70/MT;Crescente;Colisão traseira;1;1;0;0;0;1;3
23/10/2022;04:56:00;35;Com vítima;261,707;BR-364/MT;Decrescente;Tombamento;1;0;1;0;0;0;1
23/10/2022;09:37:00;85;Sem vítima;214,300;BR-364/MT;Crescente;Colisão traseira;1;4;0;0;0;0;1
23/10/2022;09:48:00;88;Sem vítima;201,270;BR-364/MT;Decrescente;Colisão traseira;1;2;0;0;0;0;1
23/10/2022;17:36:00;194;Sem vítima;717,535;BR-163/MT;Decrescente;Colisão lateral no mesmo sentido;1;3;0;0;0;0;1
23/10/2022;20:07:00;221;Com vítima;769,275;BR-163/MT;Crescente;Colisão lateral no mesmo sentido;2;3;1;0;1;0;2
24/10/2022;07:06:00;61;Com vítima;838,855;BR-163/MT;Decrescente;Colisão lateral no mesmo sentido;1;1;0;1;0;0;2
24/10/2022;08:26:00;92;Sem vítima;511,203;BR-70/MT;Crescente;Colisão traseira;2;2;0;0;0;0;1
24/10/2022;13:44:00;192;Sem vítima;335,843;BR-364/MT;Decrescente;Saída de pista;1;1;0;0;0;0;1
24/10/2022;13:51:00;195;Sem vítima;509,934;BR-163/MT;Crescente;Colisão traseira;1;2;0;0;0;0;1
24/10/2022;16:50:00;252;Sem vítima;505,805;BR-70/MT;Crescente;Colisão traseira;1;1;0;0;0;0;1
24/10/2022;17:27:00;265;Com vítima;507,462;BR-70/MT;Crescente;Engavetamento;3;3;0;1;0;0;2
24/10/2022;17:27:00;266;Sem vítima;347,881;BR-364/MT;Crescente;Colisão traseira;2;2;0;0;0;0;1
24/10/2022;17:55:00;276;Com vítima;500,643;BR-70/MT;Decrescente;Colisão lateral no mesmo sentido;1;1;0;0;0;1;3
25/10/2022;06:57:00;62;Sem vítima;316,559;BR-364/MT;Decrescente;Colisão traseira;2;3;0;0;0;0;1
25/10/2022;09:47:00;138;Sem vítima;829,219;BR-163/MT;Decrescente;Colisão transversal;1;2;0;0;0;0;1
25/10/2022;10:33:00;163;Sem vítima;475,409;BR-364/MT;Decrescente;Colisão lateral no mesmo sentido;2;2;0;0;0;0;1
25/10/2022;10:50:00;171;Com vítima;566,510;BR-163/MT;Decrescente;Tombamento;1;0;1;0;0;0;1
25/10/2022;14:03:00;247;Sem vítima;852,893;BR-163/MT;Crescente;Colisão traseira;2;2;0;0;0;0;1
25/10/2022;14:10:00;249;Sem vítima;854,401;BR-163/MT;Decrescente;Colisão transversal;2;6;0;0;0;0;1
25/10/2022;16:05:00;293;Com vítima;664,391;BR-163/MT;Decrescente;Colisão traseira;1;1;1;0;0;0;1
25/10/2022;16:26:00;302;Sem vítima;494,637;BR-364/MT;Crescente;Colisão lateral no mesmo sentido;2;2;0;0;0;0;1
26/10/2022;06:12:00;50;Sem vítima;514,754;BR-70/MT;Decrescente;Colisão traseira;2;2;0;0;0;0;1
26/10/2022;16:38:00;304;Sem vítima;741,119;BR-163/MT;Crescente;Tombamento;1;1;0;0;0;0;1
26/10/2022;16:50:00;310;Sem vítima;505,351;BR-70/MT;Crescente;Colisão traseira;1;2;0;0;0;0;1
26/10/2022;18:19:00;338;Sem vítima;434,642;BR-364/MT;Crescente;Colisão lateral no mesmo sentido;2;2;0;0;0;0;1
27/10/2022;06:17:00;62;Sem vítima;659,876;BR-163/MT;Decrescente;Colisão traseira;2;2;0;0;0;0;1
27/10/2022;07:18:00;82;Sem vítima;551,728;BR-163/MT;Crescente;Saída de pista;1;1;0;0;0;0;1
28/10/2022;01:23:00;9;Sem vítima;636,234;BR-163/MT;Crescente;Colisão lateral no mesmo sentido;1;1;0;0;0;0;1
28/10/2022;16:01:00;253;Sem vítima;622,548;BR-163/MT;Decrescente;Saída de pista;1;1;0;0;0;0;1
28/10/2022;17:08:00;276;Com vítima;588,901;BR-163/MT;Crescente;Saída de pista;1;0;1;0;0;0;1
28/10/2022;20:15:00;335;Sem vítima;582,611;BR-163/MT;Crescente;Saída de pista;1;1;0;0;0;0;1
28/10/2022;20:42:00;345;Com vítima;636,491;BR-163/MT;Crescente;Tombamento;1;0;1;0;0;0;1
28/10/2022;21:53:00;356;Sem vítima;474,968;BR-364/MT;Decrescente;Saída de pista;1;2;0;0;0;0;1
29/10/2022;07:29:00;81;Com vítima;349,736;BR-364/MT;Crescente;Choque;1;0;0;1;1;0;2
29/10/2022;13:52:00;246;Sem vítima;602,319;BR-163/MT;Decrescente;Saída de pista;1;0;0;0;0;0;1
29/10/2022;13:56:00;247;Sem vítima;494,684;BR-364/MT;Decrescente;Colisão lateral no mesmo sentido;2;2;0;0;0;0;1
29/10/2022;16:18:00;294;Sem vítima;590,800;BR-163/MT;Decrescente;Tombamento;1;1;0;0;0;0;1
29/10/2022;17:22:00;312;Sem vítima;760,660;BR-163/MT;Decrescente;Saída de pista;1;2;0;0;0;0;1
29/10/2022;18:08:00;325;Sem vítima;209,977;BR-364/MT;Decrescente;Tombamento;1;1;0;0;0;0;1
30/10/2022;07:20:00;73;Sem vítima;333,623;BR-364/MT;Decrescente;Tombamento;1;1;0;0;0;0;1
30/10/2022;23:03:00;333;Sem vítima;349,735;BR-364/MT;Crescente;Tombamento;1;1;0;0;0;0;1
31/10/2022;06:25:00;56;Sem vítima;277,358;BR-364/MT;Decrescente;Colisão lateral no mesmo sentido;1;2;0;0;0;0;1
31/10/2022;11:22:00;118;Sem vítima;272,667;BR-364/MT;Decrescente;Colisão traseira;2;2;0;0;0;0;1
31/10/2022;16:20:00;168;Sem vítima;556,556;BR-163/MT;Crescente;Saída de pista;1;1;0;0;0;0;1
31/10/2022;18:12:00;186;Com vítima;437,489;BR-364/MT;Decrescente;Colisão traseira;2;1;0;0;0;1;3
01/11/2022;11:09:00;99;Sem vítima;108,931;BR-163/MT;Decrescente;Colisão traseira;1;1;0;0;0;0;1
01/11/2022;16:30:00;136;Sem vítima;348,169;BR-364/MT;Crescente;Saída de pista;1;1;0;0;0;0;1
02/11/2022;12:24:00;134;Sem vítima;322,137;BR-364/MT;Decrescente;Tombamento;1;1;0;0;0;0;1
03/11/2022;08:00:00;77;Com vítima;352,270;BR-364/MT;Crescente;Tombamento;1;0;0;0;0;1;3
03/11/2022;11:35:00;136;Sem vítima;496,670;BR-70/MT;Crescente;Colisão traseira;1;1;0;0;0;0;1
03/11/2022;13:21:00;153;Sem vítima;680,182;BR-163/MT;Decrescente;Engavetamento;3;3;0;0;0;0;1
03/11/2022;18:50:00;240;Sem vítima;252,474;BR-364/MT;Crescente;Colisão traseira;2;2;0;0;0;0;1
03/11/2022;21:23:00;276;Com vítima;836,850;BR-163/MT;Crescente;Colisão transversal;1;1;1;0;0;0;1
04/11/2022;08:38:00;110;Com vítima;803,854;BR-163/MT;Crescente;Colisão lateral no mesmo sentido;1;0;0;1;0;0;2
04/11/2022;16:52:00;240;Sem vítima;689,500;BR-163/MT;Crescente;Colisão traseira;2;2;0;0;0;0;1
04/11/2022;18:58:00;271;Sem vítima;661,420;BR-163/MT;Crescente;Colisão traseira;2;2;0;0;0;0;1
05/11/2022;09:43:00;123;Sem vítima;522,242;BR-70/MT;Decrescente;Colisão traseira;2;2;0;0;0;0;1
05/11/2022;15:06:00;205;Com vítima;350,336;BR-364/MT;Crescente;Colisão traseira;2;1;1;0;0;0;1
05/11/2022;16:55:00;233;Com vítima;647,820;BR-163/MT;Crescente;Colisão frontal;3;4;1;2;0;1;3
06/11/2022;05:24:00;51;Com vítima;333,750;BR-364/MT;Crescente;Tombamento;1;0;1;0;0;0;1
06/11/2022;09:48:00;128;Sem vítima;348,710;BR-364/MT;Crescente;Colisão traseira;2;3;0;0;0;0;1
06/11/2022;12:34:00;185;Com vítima;503,753;BR-70/MT;Crescente;Tombamento;1;0;1;0;0;0;1
07/11/2022;02:17:00;35;Com vítima;819,450;BR-163/MT;Crescente;Capotamento;1;0;1;0;0;0;1
07/11/2022;05:32:00;52;Com vítima;338,132;BR-364/MT;Decrescente;Colisão traseira;2;2;0;1;0;0;2
07/11/2022;10:52:00;157;Sem vítima;603,604;BR-163/MT;Decrescente;Colisão transversal;2;2;0;0;0;0;1
07/11/2022;13:43:00;206;Sem vítima;834,968;BR-163/MT;Crescente;Colisão transversal;1;2;0;0;0;0;1
08/11/2022;11:16:00;170;Sem vítima;229,137;BR-364/MT;Crescente;Saída de pista;1;1;0;0;0;0;1
08/11/2022;16:09:00;249;Sem vítima;547,980;BR-364/MT;Decrescente;Tombamento;1;1;0;0;0;0;1
09/11/2022;06:36:00;68;Sem vítima;501,584;BR-364/MT;Decrescente;Colisão lateral no mesmo sentido;1;2;0;0;0;0;1
09/11/2022;09:32:00;136;Sem vítima;538,500;BR-163/MT;Crescente;Colisão lateral no mesmo sentido;1;1;0;0;0;0;1
09/11/2022;13:40:00;205;Com vítima;745,690;BR-163/MT;Decrescente;Colisão traseira;1;2;1;0;0;0;1
09/11/2022;14:23:00;225;Sem vítima;511,418;BR-70/MT;Crescente;Colisão traseira;2;2;0;0;0;0;1
09/11/2022;19:21:00;325;Sem vítima;503,701;BR-70/MT;Crescente;Choque;1;2;0;0;0;0;1
09/11/2022;21:54:00;349;Sem vítima;633,500;BR-163/MT;Crescente;Tombamento;1;1;0;0;0;0;1
10/11/2022;07:44:00;100;Com vítima;557,620;BR-163/MT;Decrescente;Tombamento;1;0;1;0;0;0;1
10/11/2022;15:32:00;313;Sem vítima;552,231;BR-163/MT;Crescente;Tombamento;1;2;0;0;0;0;1
10/11/2022;18:00:00;366;Sem vítima;203,200;BR-364/MT;Crescente;Saída de pista;1;1;0;0;0;0;1
11/11/2022;06:46:00;79;Sem vítima;443,230;BR-364/MT;Decrescente;Colisão traseira;2;2;0;0;0;0;1
11/11/2022;06:59:00;87;Com vítima;97,857;BR-163/MT;Crescente;Colisão traseira;2;0;0;1;0;0;2
11/11/2022;07:53:00;114;Sem vítima;279,570;BR-364/MT;Decrescente;Tombamento;1;1;0;0;0;0;1
11/11/2022;09:33:00;148;Sem vítima;593,405;BR-163/MT;Crescente;Colisão traseira;3;3;0;0;0;0;1
11/11/2022;11:42:00;183;Sem vítima;440,747;BR-364/MT;Crescente;Colisão lateral no mesmo sentido;2;2;0;0;0;0;1
11/11/2022;12:19:00;190;Com vítima;646,510;BR-163/MT;Crescente;Tombamento;1;0;0;1;0;0;2
11/11/2022;12:53:00;198;Sem vítima;434,631;BR-364/MT;Crescente;Colisão lateral no mesmo sentido;2;2;0;0;0;0;1
11/11/2022;16:20:00;255;Sem vítima;331,470;BR-364/MT;Crescente;Saída de pista;1;1;0;0;0;0;1
11/11/2022;16:50:00;260;Sem vítima;522,609;BR-163/MT;Decrescente;Tombamento;1;2;0;0;0;0;1
11/11/2022;21:52:00;337;Com vítima;542,822;BR-163/MT;Decrescente;Tombamento;1;0;1;0;0;0;1
12/11/2022;01:42:00;9;Sem vítima;687,108;BR-163/MT;Crescente;Colisão transversal;1;2;0;0;0;0;1
12/11/2022;03:25:00;29;Sem vítima;534,364;BR-364/MT;Decrescente;Colisão lateral no mesmo sentido;1;2;0;0;0;0;1
12/11/2022;03:48:00;40;Sem vítima;515,281;BR-70/MT;Decrescente;Colisão transversal;1;5;0;0;0;0;1
12/11/2022;11:01:00;159;Sem vítima;435,300;BR-364/MT;Decrescente;Colisão lateral no mesmo sentido;2;2;0;0;0;0;1
14/11/2022;08:16:00;81;Sem vítima;291,846;BR-364/MT;Decrescente;Colisão lateral no mesmo sentido;1;4;0;0;0;0;1
14/11/2022;09:19:00;109;Sem vítima;547,522;BR-364/MT;Decrescente;Tombamento;1;1;0;0;0;0;1
14/11/2022;10:06:00;126;Sem vítima;308,738;BR-364/MT;Crescente;Colisão lateral no mesmo sentido;1;4;0;0;0;0;1
14/11/2022;12:24:00;165;Sem vítima;391,700;BR-364/MT;Decrescente;Saída de pista;1;2;0;0;0;0;1
14/11/2022;13:18:00;182;Sem vítima;603,605;BR-163/MT;Crescente;Colisão transversal;1;2;0;0;0;0;1
14/11/2022;15:02:00;213;Com vítima;835,365;BR-163/MT;Decrescente;Colisão traseira;1;0;2;0;0;0;1
14/11/2022;17:40:00;258;Sem vítima;764,190;BR-163/MT;Crescente;Colisão traseira;2;2;0;0;0;0;1
15/11/2022;07:07:00;66;Sem vítima;646,162;BR-163/MT;Crescente;Engavetamento;2;2;0;0;0;0;1
16/11/2022;09:37:00;128;Sem vítima;539,393;BR-163/MT;Decrescente;Colisão lateral no mesmo sentido;2;2;0;0;0;0;1
16/11/2022;10:07:00;141;Sem vítima;270,265;BR-364/MT;Decrescente;Colisão traseira;2;2;0;0;0;0;1
17/11/2022;08:36:00;93;Com vítima;514,790;BR-70/MT;Crescente;Colisão transversal;1;1;1;0;0;0;1
17/11/2022;17:47:00;247;Sem vítima;752,435;BR-163/MT;Decrescente;Colisão lateral no mesmo sentido;1;2;0;0;0;0;1
18/11/2022;03:27:00;34;Sem vítima;380,545;BR-364/MT;Decrescente;Saída de pista;1;1;0;0;0;0;1
18/11/2022;04:32:00;40;Sem vítima;557,420;BR-163/MT;Decrescente;Colisão traseira;2;0;0;0;0;0;1
18/11/2022;07:32:00;72;Sem vítima;602,351;BR-163/MT;Decrescente;Colisão lateral no mesmo sentido;1;2;0;0;0;0;1
18/11/2022;18:31:00;320;Sem vítima;507,482;BR-163/MT;Decrescente;Colisão traseira;2;2;0;0;0;0;1
18/11/2022;19:36:00;347;Sem vítima;689,700;BR-163/MT;Decrescente;Colisão transversal;1;4;0;0;0;0;1
18/11/2022;21:21:00;371;Sem vítima;582,992;BR-163/MT;Crescente;Colisão lateral no mesmo sentido;3;3;0;0;0;0;1
19/11/2022;11:04:00;162;Sem vítima;685,847;BR-163/MT;Crescente;Saída de pista;1;1;0;0;0;0;1
19/11/2022;11:21:00;164;Sem vítima;269,191;BR-364/MT;Decrescente;Colisão lateral no mesmo sentido;1;3;0;0;0;0;1
19/11/2022;17:09:00;250;Sem vítima;267,100;BR-364/MT;Decrescente;Colisão traseira;2;2;0;0;0;0;1
21/11/2022;08:19:00;75;Sem vítima;832,600;BR-163/MT;Crescente;Colisão lateral no mesmo sentido;1;2;0;0;0;0;1
21/11/2022;09:07:00;100;Sem vítima;434,652;BR-364/MT;Crescente;Colisão lateral no mesmo sentido;1;3;0;0;0;0;1
21/11/2022;14:44:00;162;Sem vítima;390,119;BR-364/MT;Crescente;Saída de pista;1;1;0;0;0;0;1
21/11/2022;17:32:00;187;Com vítima;516,661;BR-163/MT;Decrescente;Tombamento;1;0;0;1;0;0;2
22/11/2022;16:17:00;194;Com vítima;479,101;BR-364/MT;Crescente;Colisão traseira;1;2;1;0;0;0;1
22/11/2022;18:33:00;233;Com vítima;555,550;BR-163/MT;Crescente;Tombamento;1;0;1;0;0;0;1
24/11/2022;04:32:00;39;Sem vítima;240,102;BR-364/MT;Decrescente;Tombamento;1;1;0;0;0;0;1
24/11/2022;04:32:00;40;Sem vítima;240,101;BR-364/MT;Decrescente;Tombamento;1;1;0;0;0;0;1
24/11/2022;08:01:00;86;Sem vítima;590,799;BR-163/MT;Crescente;Colisão traseira;1;2;0;0;0;0;1
24/11/2022;08:56:00;106;Sem vítima;589,900;BR-163/MT;Crescente;Colisão traseira;2;2;0;0;0;0;1
24/11/2022;10:28:00;136;Com vítima;599,681;BR-163/MT;Crescente;Saída de pista;1;0;1;0;0;0;1
25/11/2022;16:42:00;243;Com vítima;673,362;BR-163/MT;Decrescente;Saída de pista;1;2;2;0;0;0;1
26/11/2022;04:29:00;45;Sem vítima;261,770;BR-364/MT;Decrescente;Tombamento;1;2;0;0;0;0;1
26/11/2022;05:31:00;53;Com vítima;829,437;BR-163/MT;Decrescente;Colisão traseira;1;2;4;0;0;0;1
26/11/2022;06:00:00;58;Sem vítima;504,531;BR-364/MT;Decrescente;Tombamento;1;2;0;0;0;0;1
26/11/2022;09:03:00;122;Sem vítima;520,716;BR-70/MT;Crescente;Capotamento;1;2;0;0;0;0;1
26/11/2022;10:00:00;146;Sem vítima;568,586;BR-364/MT;Crescente;Colisão traseira;2;4;0;0;0;0;1
26/11/2022;11:00:00;170;Com vítima;807,361;BR-163/MT;Decrescente;Tombamento;1;0;2;0;0;0;1
26/11/2022;17:35:00;301;Sem vítima;214,452;BR-364/MT;Decrescente;Colisão traseira;2;2;0;0;0;0;1
27/11/2022;19:22:00;245;Com vítima;516,640;BR-70/MT;Crescente;Colisão frontal;2;4;0;2;2;0;2
27/11/2022;20:15:00;257;Sem vítima;551,376;BR-163/MT;Crescente;Tombamento;1;4;0;0;0;0;1
28/11/2022;06:54:00;64;Sem vítima;486,106;BR-364/MT;Decrescente;Colisão traseira;2;4;0;0;0;0;1
28/11/2022;07:58:00;79;Sem vítima;97,262;BR-163/MT;Decrescente;Tombamento;1;2;0;0;0;0;1