data;horario;n_da_ocorrencia;tipo_de_ocorrencia;km;trecho;sentido;tipo_de_acidente;caminhao;ilesos;levemente_feridos;moderadamente_feridos;gravemente_feridos;mortos;3
29/11/2022;00:10:00;3;Sem vítima;825,140;BR-163/MT;Decrescente;Choque;1;2;0;0;0;0;1
29/11/2022;16:51:00;269;Sem vítima;519,288;BR-70/MT;Crescente;Colisão traseira;2;2;0;0;0;0;1
30/11/2022;00:33:00;3;Sem vítima;785,316;BR-163/MT;Crescente;Saída de pista;1;1;0;0;0;0;1
30/11/2022;07:51:00;82;Sem vítima;382,780;BR-364/MT;Decrescente;Colisão lateral no mesmo sentido;1;2;0;0;0;0;1
30/11/2022;10:42:00;159;Sem vítima;834,437;BR-163/MT;Crescente;Colisão lateral no mesmo sentido;1;2;0;0;0;0;1
30/11/2022;11:36:00;184;Sem vítima;523,400;BR-70/MT;Decrescente;Colisão lateral no mesmo sentido;1;2;0;0;0;0;1
30/11/2022;13:27:00;216;Com vítima;854,522;BR-163/MT;Decrescente;Colisão transversal;1;1;0;1;0;0;2
30/11/2022;13:55:00;222;Sem vítima;542,423;BR-163/MT;Crescente;Colisão traseira;2;3;0;0;0;0;1
30/11/2022;15:51:00;257;Sem vítima;645,341;BR-163/MT;Decrescente;Colisão traseira;2;2;0;0;0;0;1
30/11/2022;16:42:00;278;Sem vítima;119,847;BR-163/MT;Crescente;Colisão traseira;1;5;0;0;0;0;1
30/11/2022;18:15:00;306;Sem vítima;734,600;BR-163/MT;Decrescente;Tombamento;1;1;0;0;0;0;1
30/11/2022;19:57:00;322;Com vítima;574,320;BR-364/MT;Decrescente;Colisão traseira;2;0;2;1;0;0;2
01/12/2022;05:29:00;52;Sem vítima;589,727;BR-163/MT;Crescente;Tombamento;1;0;0;0;0;0;1
01/12/2022;06:00:00;56;Sem vítima;547,480;BR-364/MT;Decrescente;Tombamento;1;1;0;0;0;0;1
01/12/2022;06:55:00;69;Sem vítima;495,225;BR-364/MT;Crescente;Colisão lateral no mesmo sentido;1;4;0;0;0;0;1
01/12/2022;08:09:00;96;Sem vítima;276,999;BR-364/MT;Decrescente;Colisão lateral no mesmo sentido;1;1;0;0;0;0;1
01/12/2022;09:53:00;137;Sem vítima;750,260;BR-163/MT;Decrescente;Colisão lateral no mesmo sentido;2;2;0;0;0;0;1
01/12/2022;11:17:00;179;Sem vítima;474,507;BR-364/MT;Decrescente;Colisão traseira;1;1;0;0;0;0;1
01/12/2022;11:55:00;191;Com vítima;205,345;BR-364/MT;Crescente;Atropelamento de pedestre;1;1;0;0;0;1;3
01/12/2022;12:30:00;202;Sem vítima;598,647;BR-163/MT;Crescente;Tombamento;1;1;0;0;0;0;1
01/12/2022;14:35:00;244;Sem vítima;511,900;BR-70/MT;Crescente;Engavetamento;3;3;0;0;0;0;1
01/12/2022;14:53:00;252;Sem vítima;808,310;BR-163/MT;Decrescente;Colisão traseira;2;2;0;0;0;0;1
01/12/2022;16:00:00;269;Com vítima;513,690;BR-70/MT;Decrescente;Engavetamento;3;3;0;1;0;0;2
01/12/2022;16:17:00;276;Sem vítima;651,525;BR-163/MT;Crescente;Saída de pista;1;1;0;0;0;0;1
01/12/2022;18:46:00;320;Sem vítima;737,218;BR-163/MT;Crescente;Colisão traseira;1;1;0;0;0;0;1
01/12/2022;18:54:00;324;Sem vítima;209,439;BR-364/MT;Crescente;Tombamento;1;1;0;0;0;0;1
01/12/2022;21:36:00;359;Com vítima;252,402;BR-364/MT;Crescente;Tombamento;1;0;1;0;0;0;1
02/12/2022;03:03:00;31;Sem vítima;587,779;BR-163/MT;Decrescente;Tombamento;1;1;0;0;0;0;1
02/12/2022;04:51:00;42;Sem vítima;363,448;BR-364/MT;Decrescente;Tombamento;1;1;0;0;0;0;1
02/12/2022;07:56:00;81;Sem vítima;207,700;BR-364/MT;Crescente;Colisão traseira;2;2;0;0;0;0;1
02/12/2022;08:22:00;92;Com vítima;531,670;BR-163/MT;Crescente;Colisão frontal;2;0;1;0;0;1;3
02/12/2022;10:57:00;163;Sem vítima;514,274;BR-70/MT;Crescente;Engavetamento;2;3;0;0;0;0;1
02/12/2022;12:53:00;189;Sem vítima;854,203;BR-163/MT;Crescente;Colisão transversal;1;2;0;0;0;0;1
02/12/2022;15:02:00;227;Com vítima;331,435;BR-364/MT;Crescente;Tombamento;1;0;2;0;0;0;1
02/12/2022;15:05:00;228;Sem vítima;701,241;BR-163/MT;Crescente;Tombamento;1;1;0;0;0;0;1
02/12/2022;15:56:00;240;Com vítima;514,261;BR-70/MT;Crescente;Colisão transversal;1;1;0;1;0;0;2
03/12/2022;06:28:00;46;Sem vítima;664,400;BR-163/MT;Decrescente;Colisão traseira;2;2;0;0;0;0;1
03/12/2022;10:49:00;121;Sem vítima;573,380;BR-163/MT;Decrescente;Tombamento;1;1;0;0;0;0;1
03/12/2022;14:45:00;176;Sem vítima;463,230;BR-364/MT;Decrescente;Colisão traseira;2;2;0;0;0;0;1
04/12/2022;00:18:00;3;Com vítima;115,887;BR-163/MT;Decrescente;Tombamento;1;0;1;0;0;0;1
04/12/2022;12:41:00;153;Sem vítima;445,789;BR-364/MT;Decrescente;Saída de pista;1;1;0;0;0;0;1
04/12/2022;13:47:00;169;Com vítima;312,410;BR-364/MT;Crescente;Tombamento;1;1;1;0;0;0;1
04/12/2022;19:24:00;239;Sem vítima;346,292;BR-364/MT;Crescente;Colisão lateral no mesmo sentido;2;2;0;0;0;0;1
04/12/2022;22:27:00;271;Sem vítima;510,809;BR-364/MT;Decrescente;Saída de pista;1;1;0;0;0;0;1
05/12/2022;15:18:00;208;Sem vítima;271,595;BR-364/MT;Decrescente;Tombamento;1;1;0;0;0;0;1
05/12/2022;15:49:00;218;Sem vítima;804,222;BR-163/MT;Decrescente;Saída de pista;1;3;0;0;0;0;1
06/12/2022;08:23:00;87;Com vítima;349,948;BR-364/MT;Crescente;Tombamento;1;1;0;1;0;0;2
06/12/2022;12:13:00;160;Sem vítima;845,126;BR-163/MT;Crescente;Colisão traseira;2;2;0;0;0;0;1
06/12/2022;13:54:00;178;Com vítima;227,248;BR-364/MT;Crescente;Tombamento;1;0;1;0;0;0;1
06/12/2022;15:58:00;206;Com vítima;383,910;BR-364/MT;Crescente;Colisão traseira;2;1;0;1;0;0;2
07/12/2022;12:55:00;177;Sem vítima;560,250;BR-163/MT;Decrescente;Tombamento;1;1;0;0;0;0;1
07/12/2022;13:44:00;183;Sem vítima;705,193;BR-163/MT;Crescente;Saída de pista;1;1;0;0;0;0;1
07/12/2022;13:57:00;186;Sem vítima;583,877;BR-364/MT;Crescente;Colisão traseira;1;4;0;0;0;0;1
07/12/2022;15:08:00;204;Sem vítima;786,464;BR-163/MT;Crescente;Engavetamento;1;4;0;0;0;0;1
07/12/2022;19:50:00;262;Com vítima;359,526;BR-364/MT;Decrescente;Colisão traseira;2;1;0;0;0;1;3
08/12/2022;06:35:00;41;Sem vítima;854,229;BR-163/MT;Crescente;Colisão transversal;1;3;0;0;0;0;1
08/12/2022;08:13:00;65;Sem vítima;523,549;BR-70/MT;Decrescente;Colisão traseira;2;2;0;0;0;0;1
08/12/2022;08:45:00;76;Sem vítima;275,395;BR-364/MT;Decrescente;Tombamento;1;1;0;0;0;0;1
08/12/2022;13:32:00;192;Sem vítima;816,642;BR-163/MT;Crescente;Colisão transversal;1;2;0;0;0;0;1
08/12/2022;14:02:00;204;Sem vítima;803,321;BR-163/MT;Decrescente;Colisão lateral no mesmo sentido;1;4;0;0;0;0;1
08/12/2022;14:13:00;208;Sem vítima;557,339;BR-163/MT;Crescente;Tombamento;1;1;0;0;0;0;1
08/12/2022;14:50:00;221;Sem vítima;573,826;BR-364/MT;Decrescente;Colisão traseira;2;2;0;0;0;0;1
09/12/2022;04:22:00;34;Sem vítima;201,172;BR-364/MT;Decrescente;Colisão traseira;2;2;0;0;0;0;1
09/12/2022;11:01:00;148;Sem vítima;834,930;BR-163/MT;Decrescente;Engavetamento;1;4;0;0;0;0;1
09/12/2022;13:39:00;190;Sem vítima;604,230;BR-163/MT;Crescente;Saída de pista;1;2;0;0;0;0;1
09/12/2022;19:31:00;294;Sem vítima;218,333;BR-364/MT;Decrescente;Tombamento;1;1;0;0;0;0;1
09/12/2022;19:53:00;298;Sem vítima;717,537;BR-163/MT;Crescente;Saída de pista;1;1;0;0;0;0;1
10/12/2022;12:51:00;158;Com vítima;602,365;BR-163/MT;Crescente;Colisão transversal;1;1;0;0;0;1;3
10/12/2022;14:48:00;193;Sem vítima;685,414;BR-163/MT;Crescente;Saída de pista;1;2;0;0;0;0;1
10/12/2022;15:32:00;202;Com vítima;826,272;BR-163/MT;Crescente;Colisão traseira;1;3;1;0;0;0;1
11/12/2022;01:53:00;27;Sem vítima;485,195;BR-364/MT;Crescente;Tombamento;1;1;0;0;0;0;1
11/12/2022;13:34:00;134;Sem vítima;356,157;BR-364/MT;Decrescente;Colisão lateral no mesmo sentido;2;2;0;0;0;0;1
12/12/2022;08:55:00;109;Sem vítima;580,766;BR-163/MT;Crescente;Tombamento;1;1;0;0;0;0;1
12/12/2022;19:32:00;313;Sem vítima;741,389;BR-163/MT;Decrescente;Colisão lateral no mesmo sentido;1;1;0;0;0;0;1
13/12/2022;03:51:00;39;Com vítima;4,584;BR-163/MT;Decrescente;Saída de pista;2;1;1;0;0;0;1
13/12/2022;05:19:00;44;Sem vítima;514,169;BR-70/MT;Decrescente;Engavetamento;3;3;0;0;0;0;1
13/12/2022;13:16:00;199;Sem vítima;529,663;BR-364/MT;Crescente;Choque;1;1;0;0;0;0;1
13/12/2022;14:08:00;216;Sem vítima;749,874;BR-163/MT;Decrescente;Colisão lateral no mesmo sentido;1;4;0;0;0;0;1
13/12/2022;15:22:00;239;Sem vítima;701,961;BR-163/MT;Decrescente;Tombamento;1;1;0;0;0;0;1
13/12/2022;18:18:00;302;Com vítima;349,729;BR-364/MT;Crescente;Tombamento;1;0;0;1;0;0;2
13/12/2022;20:18:00;331;Sem vítima;602,627;BR-163/MT;Decrescente;Colisão lateral no mesmo sentido;1;2;0;0;0;0;1
14/12/2022;10:00:00;141;Com vítima;502,107;BR-364/MT;Crescente;Engavetamento;3;3;1;0;0;0;1
14/12/2022;10:42:00;152;Sem vítima;119,500;BR-163/MT;Crescente;Colisão transversal;1;2;0;0;0;0;1
14/12/2022;11:57:00;171;Sem vítima;685,390;BR-163/MT;Decrescente;Tombamento;1;1;0;0;0;0;1
14/12/2022;14:22:00;201;Com vítima;398,350;BR-364/MT;Decrescente;Saída de pista;1;0;0;1;0;0;2
14/12/2022;18:42:00;266;Sem vítima;617,822;BR-163/MT;Crescente;Saída de pista;1;1;0;0;0;0;1
14/12/2022;21:00:00;290;Sem vítima;254,393;BR-364/MT;Decrescente;Tombamento;1;1;0;0;0;0;1
15/12/2022;06:06:00;48;Sem vítima;784,973;BR-163/MT;Crescente;Colisão traseira;2;2;0;0;0;0;1
15/12/2022;10:07:00;116;Sem vítima;511,249;BR-70/MT;Crescente;Colisão traseira;2;3;0;0;0;0;1
15/12/2022;16:56:00;234;Sem vítima;786,500;BR-163/MT;Decrescente;Colisão lateral no mesmo sentido;2;2;0;0;0;0;1
16/12/2022;08:14:00;87;Com vítima;557,722;BR-163/MT;Decrescente;Colisão traseira;2;3;1;0;0;0;1
16/12/2022;10:28:00;139;Sem vítima;486,806;BR-364/MT;Crescente;Tombamento;1;1;0;0;0;0;1
16/12/2022;12:34:00;169;Sem vítima;490,715;BR-364/MT;Crescente;Colisão traseira;1;1;0;0;0;0;1
16/12/2022;12:51:00;176;Sem vítima;118,881;BR-163/MT;Crescente;Colisão lateral no mesmo sentido;1;3;0;0;0;0;1
16/12/2022;13:30:00;185;Sem vítima;439,442;BR-364/MT;Decrescente;Tombamento;1;1;0;0;0;0;1
16/12/2022;13:36:00;188;Sem vítima;497,999;BR-364/MT;Decrescente;Colisão traseira;2;2;0;0;0;0;1
16/12/2022;13:40:00;191;Sem vítima;663,189;BR-163/MT;Decrescente;Tombamento;1;3;0;0;0;0;1
16/12/2022;14:25:00;200;Sem vítima;219,858;BR-364/MT;Decrescente;Saída de pista;1;1;0;0;0;0;1
16/12/2022;20:27:00;326;Com vítima;587,691;BR-364/MT;Crescente;Colisão traseira;1;1;0;2;0;0;2
17/12/2022;01:10:00;6;Sem vítima;349,468;BR-364/MT;Decrescente;Colisão lateral no mesmo sentido;2;4;0;0;0;0;1
17/12/2022;06:56:00;53;Sem vítima;119,566;BR-163/MT;Decrescente;Colisão traseira;1;2;0;0;0;0;1
17/12/2022;13:52:00;192;Sem vítima;513,301;BR-163/MT;Decrescente;Tombamento;1;1;0;0;0;0;1
17/12/2022;15:24:00;217;Sem vítima;349,194;BR-364/MT;Crescente;Saída de pista;1;1;0;0;0;0;1
17/12/2022;15:43:00;219;Sem vítima;541,467;BR-163/MT;Decrescente;Saída de pista;1;1;0;0;0;0;1
17/12/2022;19:08:00;281;Com vítima;535,632;BR-364/MT;Decrescente;Colisão frontal;1;0;1;0;1;0;2
18/12/2022;08:40:00;98;Sem vítima;110,760;BR-163/MT;Crescente;Colisão lateral no mesmo sentido;1;2;0;0;0;0;1
18/12/2022;12:44:00;166;Sem vítima;434,736;BR-364/MT;Decrescente;Saída de pista;1;2;0;0;0;0;1
18/12/2022;14:26:00;185;Sem vítima;498,709;BR-364/MT;Decrescente;Colisão lateral no mesmo sentido;1;3;0;0;0;0;1
18/12/2022;15:02:00;191;Sem vítima;371,803;BR-364/MT;Crescente;Saída de pista;1;1;0;0;0;0;1
18/12/2022;15:31:00;206;Sem vítima;351,408;BR-364/MT;Decrescente;Tombamento;1;1;0;0;0;0;1
19/12/2022;12:33:00;150;Sem vítima;262,587;BR-364/MT;Crescente;Saída de pista;1;2;0;0;0;0;1
19/12/2022;18:27:00;229;Sem vítima;603,564;BR-163/MT;Decrescente;Colisão transversal;1;6;0;0;0;0;1
19/12/2022;19:06:00;240;Sem vítima;470,759;BR-364/MT;Decrescente;Tombamento;1;1;0;0;0;0;1
20/12/2022;00:14:00;3;Sem vítima;487,133;BR-364/MT;Crescente;Tombamento;1;1;0;0;0;0;1
20/12/2022;04:58:00;32;Sem vítima;823,570;BR-163/MT;Crescente;Saída de pista;1;1;0;0;0;0;1
20/12/2022;15:52:00;262;Sem vítima;623,520;BR-163/MT;Decrescente;Colisão traseira;2;2;0;0;0;0;1
20/12/2022;15:56:00;263;Com vítima;609,374;BR-163/MT;Decrescente;Colisão frontal;2;0;1;1;0;0;2
21/12/2022;10:54:00;158;Sem vítima;652,300;BR-163/MT;Decrescente;Engavetamento;1;9;0;0;0;0;1
21/12/2022;10:55:00;159;Sem vítima;440,443;BR-364/MT;Crescente;Saída de pista;1;1;0;0;0;0;1
21/12/2022;11:57:00;175;Com vítima;114,131;BR-163/MT;Decrescente;Saída de pista;1;1;1;0;0;0;1
21/12/2022;16:11:00;250;Sem vítima;694,441;BR-163/MT;Decrescente;Saída de pista;1;1;0;0;0;0;1
21/12/2022;20:17:00;341;Com vítima;260,800;BR-364/MT;Decrescente;Colisão lateral no mesmo sentido;1;2;0;1;0;0;2
21/12/2022;21:37:00;358;Sem vítima;559,740;BR-163/MT;Decrescente;Saída de pista;1;1;0;0;0;0;1
22/12/2022;03:36:00;40;Sem vítima;48,995;BR-163/MT;Decrescente;Tombamento;1;1;0;0;0;0;1
22/12/2022;08:27:00;93;Sem vítima;538,693;BR-163/MT;Crescente;Saída de pista;1;1;0;0;0;0;1
22/12/2022;11:36:00;163;Sem vítima;609,900;BR-163/MT;Crescente;Saída de pista;1;1;0;0;0;0;1
22/12/2022;13:23:00;194;Sem vítima;439,452;BR-364/MT;Decrescente;Tombamento;1;1;0;0;0;0;1
22/12/2022;14:30:00;218;Com vítima;607,500;BR-163/MT;Crescente;Colisão traseira;1;3;1;0;0;0;1
22/12/2022;20:46:00;322;Sem vítima;843,912;BR-163/MT;Crescente;Choque;1;2;0;0;0;0;1
23/12/2022;00:38:00;8;Sem vítima;223,549;BR-364/MT;Crescente;Choque;1;1;0;0;0;0;1
23/12/2022;01:00:00;11;Sem vítima;716,900;BR-163/MT;Crescente;Tombamento;1;1;0;0;0;0;1
23/12/2022;11:16:00;194;Sem vítima;837,255;BR-163/MT;Decrescente;Colisão transversal;1;2;0;0;0;0;1
23/12/2022;13:27:00;239;Sem vítima;795,342;BR-163/MT;Decrescente;Saída de pista;1;1;0;0;0;0;1
23/12/2022;14:00:00;251;Sem vítima;637,249;BR-163/MT;Decrescente;Colisão traseira;1;4;0;0;0;0;1
23/12/2022;14:51:00;268;Sem vítima;764,634;BR-163/MT;Decrescente;Engavetamento;2;3;0;0;0;0;1
23/12/2022;16:54:00;304;Sem vítima;634,229;BR-163/MT;Decrescente;Tombamento;1;1;0;0;0;0;1
23/12/2022;18:11:00;328;Sem vítima;520,330;BR-163/MT;Crescente;Tombamento;1;1;0;0;0;0;1
24/12/2022;16:40:00;285;Sem vítima;272,773;BR-364/MT;Crescente;Tombamento;1;0;0;0;0;0;1
25/12/2022;02:07:00;18;Sem vítima;45,349;BR-163/MT;Decrescente;Tombamento;1;1;0;0;0;0;1
25/12/2022;03:50:00;30;Sem vítima;378,906;BR-364/MT;Crescente;Saída de pista;1;1;0;0;0;0;1
25/12/2022;14:29:00;158;Sem vítima;259,100;BR-364/MT;Crescente;Colisão traseira;1;5;0;0;0;0;1
26/12/2022;14:39:00;236;Sem vítima;350,255;BR-364/MT;Crescente;Colisão traseira;2;2;0;0;0;0;1
26/12/2022;15:37:00;253;Sem vítima;626,154;BR-163/MT;Crescente;Saída de pista;1;1;0;0;0;0;1
26/12/2022;16:24:00;275;Sem vítima;249,892;BR-364/MT;Crescente;Saída de pista;1;2;0;0;0;0;1
27/12/2022;08:29:00;89;Com vítima;522,250;BR-70/MT;Decrescente;Colisão transversal;1;2;1;0;0;0;1
27/12/2022;09:17:00;107;Com vítima;349,862;BR-364/MT;Crescente;Tombamento;1;0;0;0;1;0;2
27/12/2022;14:16:00;199;Sem vítima;804,303;BR-163/MT;Decrescente;Saída de pista;1;1;0;0;0;0;1
27/12/2022;16:03:00;241;Sem vítima;349,544;BR-364/MT;Crescente;Choque;1;1;0;0;0;0;1
27/12/2022;16:14:00;249;Sem vítima;835,572;BR-163/MT;Decrescente;Colisão lateral no mesmo sentido;1;2;0;0;0;0;1
27/12/2022;18:08:00;283;Sem vítima;505,890;BR-70/MT;Crescente;Colisão traseira;1;1;0;0;0;0;1
27/12/2022;19:55:00;320;Sem vítima;582,250;BR-163/MT;Decrescente;Saída de pista;1;1;0;0;0;0;1
28/12/2022;08:45:00;87;Sem vítima;616,664;BR-163/MT;Decrescente;Colisão frontal;1;2;0;0;0;0;1
28/12/2022;08:53:00;93;Sem vítima;529,339;BR-163/MT;Decrescente;Colisão lateral no mesmo sentido;1;3;0;0;0;0;1
28/12/2022;13:21:00;175;Sem vítima;394,200;BR-364/MT;Decrescente;Tombamento;1;1;0;0;0;0;1
28/12/2022;15:02:00;200;Com vítima;587,800;BR-364/MT;Crescente;Colisão traseira;2;1;0;1;0;0;2
28/12/2022;15:11:00;201;Sem vítima;514,160;BR-70/MT;Decrescente;Colisão transversal;1;3;0;0;0;0;1
28/12/2022;23:59:00;344;Com vítima;551,371;BR-163/MT;Decrescente;Tombamento;1;0;1;0;0;0;1
29/12/2022;11:15:00;143;Com vítima;816,655;BR-163/MT;Decrescente;Colisão lateral no mesmo sentido;1;1;1;0;0;0;1
29/12/2022;17:26:00;256;Sem vítima;391,149;BR-364/MT;Decrescente;Saída de pista;1;1;0;0;0;0;1
29/12/2022;17:36:00;260;Sem vítima;829,170;BR-163/MT;Crescente;Colisão lateral no mesmo sentido;1;2;0;0;0;0;1
30/12/2022;08:45:00;106;Sem vítima;570,922;BR-163/MT;Decrescente;Saída de pista;1;1;0;0;0;0;1
30/12/2022;13:47:00;210;Sem vítima;464,852;BR-364/MT;Decrescente;Saída de pista;1;2;0;0;0;0;1
01/01/2023;18:01:00;164;Sem vítima;838,857;BR-163/MT;Decrescente;Colisão lateral no mesmo sentido;1;10;0;0;0;0;1
02/01/2023;12:21:00;179;Sem vítima;559,251;BR-163/MT;Decrescente;Colisão frontal;1;15;0;0;0;0;1
02/01/2023;14:53:00;216;Sem vítima;775,536;BR-163/MT;Decrescente;Saída de pista;1;5;0;0;0;0;1
02/01/2023;16:24:00;244;Sem vítima;786,722;BR-163/MT;Decrescente;Choque;1;1;0;0;0;0;1
03/01/2023;10:29:00;134;Com vítima;854,530;BR-163/MT;Crescente;Colisão transversal;2;1;2;0;0;0;1
03/01/2023;11:26:00;152;Sem vítima;383,228;BR-364/MT;Crescente;Colisão traseira;1;4;0;0;0;0;1
03/01/2023;16:39:00;232;Sem vítima;625,711;BR-163/MT;Decrescente;Tombamento;1;1;0;0;0;0;1
03/01/2023;16:39:00;245;Sem vítima;625,574;BR-163/MT;Decrescente;Saída de pista;1;1;0;0;0;0;1
04/01/2023;06:27:00;53;Sem vítima;768,613;BR-163/MT;Crescente;Saída de pista;1;1;0;0;0;0;1
04/01/2023;07:01:00;67;Sem vítima;108,500;BR-163/MT;Decrescente;Choque;1;1;0;0;0;0;1
04/01/2023;07:10:00;72;Sem vítima;58,919;BR-163/MT;Crescente;Saída de pista;1;1;0;0;0;0;1
04/01/2023;13:31:00;203;Sem vítima;586,881;BR-163/MT;Decrescente;Colisão traseira;1;6;0;0;0;0;1
04/01/2023;15:32:00;254;Sem vítima;346,212;BR-364/MT;Decrescente;Colisão lateral no mesmo sentido;2;4;0;0;0;0;1
04/01/2023;16:55:00;279;Sem vítima;267,957;BR-364/MT;Decrescente;Colisão lateral no mesmo sentido;2;2;0;0;0;0;1
04/01/2023;19:57:00;322;Com vítima;349,735;BR-364/MT;Crescente;Saída de pista;1;0;0;1;0;0;2
05/01/2023;01:49:00;25;Sem vítima;308,472;BR-364/MT;Decrescente;Tombamento;1;2;0;0;0;0;1
05/01/2023;02:49:00;25;Sem vítima;308,000;BR-364/MT;Decrescente;Tombamento;1;1;0;0;0;0;1
05/01/2023;06:46:00;74;Sem vítima;474,532;BR-364/MT;Decrescente;Choque;1;1;0;0;0;0;1
05/01/2023;07:46:00;74;Sem vítima;474,000;BR-364/MT;Decrescente;Choque;1;1;0;0;0;0;1
05/01/2023;09:01:00;125;Sem vítima;384,171;BR-364/MT;Crescente;Choque;1;1;0;0;0;0;1
05/01/2023;10:01:00;125;Sem vítima;384,000;BR-364/MT;Crescente;Choque;1;1;0;0;0;0;1
05/01/2023;10:05:00;157;Sem vítima;469,330;BR-364/MT;Crescente;Tombamento;1;1;0;0;0;0;1
05/01/2023;11:05:00;157;Sem vítima;469,000;BR-364/MT;Crescente;Tombamento;1;1;0;0;0;0;1
05/01/2023;13:33:00;222;Sem vítima;492,723;BR-364/MT;Crescente;Saída de pista;1;1;0;0;0;0;1
05/01/2023;14:33:00;222;Sem vítima;492,000;BR-364/MT;Crescente;Saída de pista;1;1;0;0;0;0;1
05/01/2023;14:37:00;237;Sem vítima;286,100;BR-364/MT;Crescente;Tombamento;1;1;0;0;0;0;1
05/01/2023;15:01:00;243;Com vítima;117,100;BR-163/MT;Crescente;Colisão lateral no mesmo sentido;2;1;0;1;0;0;2
05/01/2023;15:37:00;237;Sem vítima;286,000;BR-364/MT;Crescente;Tombamento;1;1;0;0;0;0;1
05/01/2023;16:01:00;243;Com vítima;117,000;BR-163/MT;Crescente;Colisão lateral no mesmo sentido;1;0;0;1;0;0;2
05/01/2023;18:48:00;303;Com vítima;575,105;BR-163/MT;Decrescente;Colisão lateral no mesmo sentido;2;3;3;1;0;0;2
05/01/2023;22:15:00;351;Sem vítima;349,871;BR-364/MT;Crescente;Saída de pista;1;3;0;0;0;0;1
05/01/2023;23:15:00;351;Sem vítima;349,000;BR-364/MT;Crescente;Saída de pista;1;1;0;0;0;0;1
05/01/2023;23:18:00;360;Com vítima;542,300;BR-364/MT;Decrescente;Colisão traseira;1;1;0;0;0;1;3
06/01/2023;08:38:00;96;Com vítima;523,130;BR-364/MT;Decrescente;Tombamento;1;1;1;0;0;0;1
06/01/2023;08:52:00;99;Sem vítima;787,304;BR-163/MT;Decrescente;Colisão traseira;2;3;0;0;0;0;1
06/01/2023;09:31:00;123;Com vítima;350,313;BR-364/MT;Crescente;Capotamento;1;0;1;0;0;0;1
06/01/2023;09:52:00;99;Sem vítima;787,000;BR-163/MT;Decrescente;Colisão traseira;1;1;0;0;0;0;1
06/01/2023;09:59:00;103;Sem vítima;832,000;BR-163/MT;Decrescente;Acidentes de outra natureza;1;0;0;0;0;0;1
06/01/2023;12:12:00;182;Sem vítima;634,802;BR-163/MT;Crescente;Saída de pista;1;1;0;0;0;0;1
06/01/2023;13:12:00;182;Sem vítima;634,000;BR-163/MT;Crescente;Saída de pista;1;1;0;0;0;0;1
06/01/2023;13:12:00;197;Sem vítima;828,712;BR-163/MT;Decrescente;Saída de pista;1;1;0;0;0;0;1
06/01/2023;14:12:00;197;Sem vítima;828,000;BR-163/MT;Decrescente;Saída de pista;1;1;0;0;0;0;1
07/01/2023;01:14:00;10;Sem vítima;100,200;BR-163/MT;Decrescente;Tombamento;1;1;0;0;0;0;1
07/01/2023;02:14:00;10;Sem vítima;100,000;BR-163/MT;Decrescente;Tombamento;1;1;0;0;0;0;1
07/01/2023;13:29:00;191;Sem vítima;646,483;BR-163/MT;Decrescente;Colisão traseira;2;3;0;0;0;0;1
07/01/2023;14:29:00;191;Sem vítima;646,000;BR-163/MT;Decrescente;Colisão traseira;1;1;0;0;0;0;1
07/01/2023;15:49:00;235;Com vítima;603,500;BR-163/MT;Decrescente;Colisão transversal;2;2;0;0;1;0;2
07/01/2023;19:34:00;303;Sem vítima;350,254;BR-364/MT;Crescente;Saída de pista;1;1;0;0;0;0;1
07/01/2023;20:34:00;303;Sem vítima;350,000;BR-364/MT;Crescente;Saída de pista;1;1;0;0;0;0;1
07/01/2023;20:38:00;324;Sem vítima;491,775;BR-364/MT;Decrescente;Colisão transversal;1;6;0;0;0;0;1
08/01/2023;02:14:00;45;Sem vítima;386,677;BR-364/MT;Crescente;Tombamento;1;1;0;0;0;0;1
08/01/2023;03:15:00;45;Sem vítima;386,000;BR-364/MT;Crescente;Tombamento;1;1;0;0;0;0;1
08/01/2023;11:46:00;182;Sem vítima;469,184;BR-364/MT;Crescente;Tombamento;1;1;0;0;0;0;1
08/01/2023;12:46:00;182;Sem vítima;469,000;BR-364/MT;Crescente;Tombamento;1;1;0;0;0;0;1
08/01/2023;16:51:00;268;Com vítima;220,100;BR-364/MT;Crescente;Tombamento;3;2;0;0;0;1;3