data;horario;n_da_ocorrencia;tipo_de_ocorrencia;km;trecho;sentido;tipo_de_acidente;caminhao;ilesos;levemente_feridos;moderadamente_feridos;gravemente_feridos;mortos;3
08/01/2023;17:35:00;265;Com vítima;114,000;BR-163/MT;Decrescente;Colisão traseira;1;1;0;0;0;0;1
08/01/2023;17:51:00;268;Com vítima;220,000;BR-364/MT;Crescente;Tombamento;1;1;0;0;0;0;1
09/01/2023;04:34:00;58;Sem vítima;691,356;BR-163/MT;Crescente;Choque;1;1;0;0;0;0;1
09/01/2023;08:48:00;120;Sem vítima;349,733;BR-364/MT;Crescente;Tombamento;1;1;0;0;0;0;1
09/01/2023;14:50:00;277;Sem vítima;119,100;BR-163/MT;Decrescente;Colisão transversal;1;2;0;0;0;0;1
09/01/2023;16:06:00;301;Sem vítima;331,960;BR-364/MT;Crescente;Saída de pista;1;1;0;0;0;0;1
09/01/2023;16:50:00;323;Sem vítima;815,131;BR-163/MT;Crescente;Colisão traseira;2;2;0;0;0;0;1
09/01/2023;17:06:00;301;Sem vítima;331,000;BR-364/MT;Crescente;Saída de pista;1;1;0;0;0;0;1
09/01/2023;17:17:00;332;Com vítima;593,744;BR-163/MT;Decrescente;Tombamento;1;0;1;0;0;0;1
09/01/2023;23:33:00;425;Sem vítima;500,125;BR-70/MT;Crescente;Atropelamento de animal;1;0;0;0;0;0;1
10/01/2023;08:38:00;137;Sem vítima;561,567;BR-364/MT;Decrescente;Colisão lateral no mesmo sentido;1;4;0;0;0;0;1
10/01/2023;09:38:00;137;Sem vítima;561,000;BR-364/MT;Decrescente;Colisão lateral no mesmo sentido;1;1;0;0;0;0;1
10/01/2023;11:54:00;218;Com vítima;350,403;BR-364/MT;Crescente;Capotamento;1;0;0;1;0;0;2
10/01/2023;12:21:00;201;Sem vítima;692,000;BR-163/MT;Decrescente;Colisão traseira;1;1;0;0;0;0;1
10/01/2023;12:56:00;220;Sem vítima;352,000;BR-364/MT;Crescente;Acidentes de outra natureza;1;0;0;0;0;0;1
10/01/2023;13:30:00;251;Sem vítima;578,971;BR-163/MT;Decrescente;Colisão lateral no mesmo sentido;4;4;0;0;0;0;1
10/01/2023;14:30:00;251;Sem vítima;578,000;BR-163/MT;Decrescente;Colisão lateral no mesmo sentido;1;1;0;0;0;0;1
10/01/2023;15:35:00;300;Sem vítima;667,818;BR-163/MT;Decrescente;Saída de pista;1;1;0;0;0;0;1
10/01/2023;16:35:00;300;Sem vítima;667,000;BR-163/MT;Decrescente;Saída de pista;1;1;0;0;0;0;1
10/01/2023;16:53:00;308;Sem vítima;666,000;BR-163/MT;Crescente;Acidentes de outra natureza;1;0;0;0;0;0;1
10/01/2023;17:33:00;342;Sem vítima;652,402;BR-163/MT;Crescente;Colisão traseira;2;2;0;0;0;0;1
10/01/2023;18:33:00;342;Sem vítima;652,000;BR-163/MT;Crescente;Colisão traseira;1;1;0;0;0;0;1
10/01/2023;20:32:00;397;Com vítima;835,843;BR-163/MT;Crescente;Colisão frontal;1;2;0;0;0;1;3
10/01/2023;21:32:00;397;Com vítima;835,000;BR-163/MT;Crescente;Colisão frontal;1;1;0;0;0;0;1
10/01/2023;21:52:00;412;Sem vítima;332,679;BR-364/MT;Crescente;Colisão lateral no mesmo sentido;2;3;0;0;0;0;1
10/01/2023;22:52:00;412;Sem vítima;332,000;BR-364/MT;Crescente;Colisão lateral no mesmo sentido;1;1;0;0;0;0;1
11/01/2023;16:57:00;301;Sem vítima;538,714;BR-364/MT;Decrescente;Tombamento;1;1;0;0;0;0;1
11/01/2023;17:57:00;301;Sem vítima;538,000;BR-364/MT;Decrescente;Tombamento;1;1;0;0;0;0;1
12/01/2023;08:45:00;115;Com vítima;523,380;BR-364/MT;Decrescente;Tombamento;1;0;1;0;0;0;1
12/01/2023;11:30:00;180;Sem vítima;687,530;BR-163/MT;Decrescente;Colisão transversal;1;2;0;0;0;0;1
12/01/2023;12:30:00;180;Sem vítima;687,000;BR-163/MT;Decrescente;Colisão transversal;1;1;0;0;0;0;1
12/01/2023;15:58:00;254;Sem vítima;621,837;BR-163/MT;Decrescente;Engavetamento;3;3;0;0;0;0;1
12/01/2023;16:22:00;264;Sem vítima;727,895;BR-163/MT;Crescente;Colisão traseira;2;2;0;0;0;0;1
12/01/2023;16:58:00;254;Sem vítima;621,000;BR-163/MT;Decrescente;Engavetamento;1;1;0;0;0;0;1
12/01/2023;17:22:00;264;Sem vítima;727,000;BR-163/MT;Crescente;Colisão traseira;1;1;0;0;0;0;1
12/01/2023;22:57:00;369;Com vítima;474,189;BR-364/MT;Decrescente;Tombamento;1;0;0;0;0;1;3
13/01/2023;10:54:00;170;Sem vítima;602,407;BR-163/MT;Decrescente;Colisão traseira;3;7;0;0;0;0;1
13/01/2023;12:50:00;207;Sem vítima;539,540;BR-163/MT;Crescente;Tombamento;1;1;0;0;0;0;1
13/01/2023;13:50:00;207;Sem vítima;539,000;BR-163/MT;Crescente;Tombamento;1;1;0;0;0;0;1
13/01/2023;17:33:00;295;Sem vítima;211,500;BR-364/MT;Decrescente;Colisão traseira;1;6;0;0;0;0;1
13/01/2023;20:26:00;325;Sem vítima;851,000;BR-163/MT;Crescente;Acidentes de outra natureza;1;0;0;0;0;0;1
14/01/2023;10:49:00;138;Sem vítima;469,716;BR-364/MT;Crescente;Saída de pista;1;1;0;0;0;0;1
14/01/2023;11:47:00;171;Sem vítima;521,970;BR-70/MT;Crescente;Colisão traseira;1;2;0;0;0;0;1
14/01/2023;11:49:00;138;Sem vítima;469,000;BR-364/MT;Crescente;Saída de pista;1;1;0;0;0;0;1
14/01/2023;12:19:00;156;Sem vítima;522,000;BR-70/MT;Decrescente;Acidentes de outra natureza;1;0;0;0;0;0;1
14/01/2023;14:25:00;232;Sem vítima;536,760;BR-364/MT;Crescente;Tombamento;1;1;0;0;0;0;1
14/01/2023;15:15:00;229;Sem vítima;439,000;BR-364/MT;Decrescente;Acidentes de outra natureza;1;0;0;0;0;0;1
14/01/2023;15:25:00;232;Sem vítima;536,000;BR-364/MT;Crescente;Tombamento;1;1;0;0;0;0;1
14/01/2023;17:32:00;282;Sem vítima;349,000;BR-364/MT;Crescente;Acidentes de outra natureza;1;0;0;0;0;0;1
14/01/2023;20:21:00;332;Sem vítima;349,000;BR-364/MT;Crescente;Tombamento;1;0;0;0;0;0;1
15/01/2023;17:09:00;268;Sem vítima;440,273;BR-364/MT;Decrescente;Saída de pista;1;1;0;0;0;0;1
15/01/2023;17:24:00;271;Sem vítima;440,324;BR-364/MT;Decrescente;Tombamento;1;1;0;0;0;0;1
15/01/2023;18:09:00;268;Sem vítima;440,000;BR-364/MT;Decrescente;Saída de pista;1;1;0;0;0;0;1
15/01/2023;18:24:00;271;Sem vítima;440,000;BR-364/MT;Decrescente;Tombamento;1;1;0;0;0;0;1
16/01/2023;00:21:00;2;Sem vítima;573,202;BR-364/MT;Crescente;Colisão lateral no mesmo sentido;1;1;0;0;0;0;1
16/01/2023;11:32:00;152;Sem vítima;269,501;BR-364/MT;Crescente;Colisão transversal;1;1;0;0;0;0;1
16/01/2023;12:32:00;152;Sem vítima;269,000;BR-364/MT;Crescente;Colisão transversal;1;1;0;0;0;0;1
16/01/2023;13:01:00;182;Sem vítima;685,725;BR-163/MT;Crescente;Engavetamento;1;1;0;0;0;0;1
16/01/2023;16:01:00;229;Sem vítima;272,100;BR-364/MT;Decrescente;Colisão traseira;1;1;0;0;0;0;1
16/01/2023;17:01:00;229;Sem vítima;272,000;BR-364/MT;Decrescente;Colisão traseira;1;1;0;0;0;0;1
16/01/2023;17:33:00;251;Com vítima;589,902;BR-163/MT;Decrescente;Tombamento;1;0;0;1;0;0;2
16/01/2023;19:59:00;287;Com vítima;560,797;BR-163/MT;Decrescente;Tombamento;1;0;1;0;0;0;1
17/01/2023;08:39:00;104;Sem vítima;558,128;BR-163/MT;Decrescente;Saída de pista;1;1;0;0;0;0;1
17/01/2023;09:39:00;104;Sem vítima;558,000;BR-163/MT;Decrescente;Saída de pista;1;1;0;0;0;0;1
17/01/2023;10:36:00;148;Sem vítima;704,953;BR-163/MT;Decrescente;Tombamento;1;1;0;0;0;0;1
17/01/2023;20:44:00;333;Sem vítima;627,668;BR-163/MT;Decrescente;Saída de pista;1;1;0;0;0;0;1
17/01/2023;21:44:00;333;Sem vítima;627,000;BR-163/MT;Decrescente;Saída de pista;1;1;0;0;0;0;1
18/01/2023;01:03:00;11;Sem vítima;342,508;BR-364/MT;Crescente;Saída de pista;1;1;0;0;0;0;1
18/01/2023;01:18:00;6;Com vítima;557,000;BR-364/MT;Decrescente;Colisão transversal;1;1;0;0;0;0;1
18/01/2023;02:03:00;11;Sem vítima;342,000;BR-364/MT;Crescente;Saída de pista;1;1;0;0;0;0;1
18/01/2023;07:07:00;67;Sem vítima;479,228;BR-364/MT;Decrescente;Colisão traseira;1;1;0;0;0;0;1
18/01/2023;08:07:00;67;Sem vítima;479,000;BR-364/MT;Decrescente;Colisão traseira;1;1;0;0;0;0;1
18/01/2023;10:07:00;114;Sem vítima;625,000;BR-163/MT;Decrescente;Saída de pista;1;0;0;0;0;0;1
18/01/2023;10:09:00;152;Sem vítima;619,874;BR-163/MT;Decrescente;Saída de pista;1;1;0;0;0;0;1
18/01/2023;11:09:00;152;Sem vítima;619,000;BR-163/MT;Decrescente;Saída de pista;1;1;0;0;0;0;1
18/01/2023;11:55:00;208;Sem vítima;518,667;BR-70/MT;Decrescente;Colisão traseira;1;1;0;0;0;0;1
18/01/2023;12:55:00;208;Sem vítima;518,000;BR-70/MT;Decrescente;Colisão traseira;1;1;0;0;0;0;1
18/01/2023;14:22:00;263;Sem vítima;114,975;BR-163/MT;Crescente;Tombamento;1;1;0;0;0;0;1
18/01/2023;14:45:00;270;Sem vítima;203,119;BR-364/MT;Decrescente;Colisão traseira;1;1;0;0;0;0;1
18/01/2023;15:22:00;263;Sem vítima;114,000;BR-163/MT;Crescente;Tombamento;1;1;0;0;0;0;1
18/01/2023;16:08:00;289;Sem vítima;816,553;BR-163/MT;Decrescente;Colisão transversal;1;1;0;0;0;0;1
18/01/2023;17:08:00;289;Com vítima;816,000;BR-163/MT;Decrescente;Colisão transversal;1;1;0;0;0;0;1
19/01/2023;06:03:00;39;Sem vítima;597,000;BR-163/MT;Decrescente;Colisão lateral no mesmo sentido;1;1;0;0;0;0;1
19/01/2023;10:02:00;144;Sem vítima;523,116;BR-163/MT;Crescente;Colisão traseira;1;1;0;0;0;0;1
19/01/2023;11:02:00;144;Sem vítima;523,000;BR-163/MT;Crescente;Colisão traseira;1;1;0;0;0;0;1
19/01/2023;14:12:00;213;Sem vítima;751,656;BR-163/MT;Decrescente;Colisão traseira;1;1;0;0;0;0;1
19/01/2023;15:12:00;213;Sem vítima;751,000;BR-163/MT;Decrescente;Colisão traseira;1;1;0;0;0;0;1
19/01/2023;15:46:00;246;Sem vítima;761,354;BR-163/MT;Crescente;Saída de pista;1;1;0;0;0;0;1
19/01/2023;16:03:00;255;Sem vítima;647,150;BR-163/MT;Decrescente;Saída de pista;1;1;0;0;0;0;1
19/01/2023;16:46:00;246;Sem vítima;761,000;BR-163/MT;Crescente;Saída de pista;1;1;0;0;0;0;1
19/01/2023;16:55:00;272;Sem vítima;394,200;BR-364/MT;Decrescente;Colisão transversal;1;1;0;0;0;0;1
19/01/2023;17:03:00;255;Sem vítima;647,000;BR-163/MT;Decrescente;Saída de pista;1;1;0;0;0;0;1
19/01/2023;17:33:00;265;Com vítima;831,000;BR-163/MT;Decrescente;Colisão transversal;1;1;0;0;0;0;1
19/01/2023;17:55:00;272;Sem vítima;394,000;BR-364/MT;Decrescente;Colisão transversal;1;1;0;0;0;0;1
19/01/2023;23:19:00;360;Sem vítima;346,994;BR-364/MT;Crescente;Saída de pista;1;1;0;0;0;0;1
20/01/2023;00:19:00;360;Sem vítima;346,000;BR-364/MT;Crescente;Saída de pista;1;1;0;0;0;0;1
20/01/2023;10:58:00;148;Sem vítima;624,810;BR-163/MT;Decrescente;Saída de pista;1;1;0;0;0;0;1
20/01/2023;11:58:00;148;Sem vítima;624,000;BR-163/MT;Decrescente;Saída de pista;1;1;0;0;0;0;1
20/01/2023;12:14:00;174;Sem vítima;331,595;BR-364/MT;Crescente;Tombamento;1;1;0;0;0;0;1
20/01/2023;15:27:00;240;Sem vítima;768,994;BR-163/MT;Decrescente;Colisão transversal;1;1;0;0;0;0;1
20/01/2023;15:49:00;245;Com vítima;521,500;BR-70/MT;Decrescente;Colisão traseira;1;0;0;0;0;0;1
20/01/2023;16:27:00;240;Sem vítima;768,000;BR-163/MT;Decrescente;Colisão transversal;1;1;0;0;0;0;1
20/01/2023;18:20:00;295;Sem vítima;346,639;BR-364/MT;Crescente;Saída de pista;1;1;0;0;0;0;1
20/01/2023;19:20:00;295;Sem vítima;346,000;BR-364/MT;Crescente;Saída de pista;1;1;0;0;0;0;1
21/01/2023;01:58:00;30;Sem vítima;0,771;BR-163/MT;Crescente;Saída de pista;1;1;0;0;0;0;1
21/01/2023;02:58:00;30;Sem vítima;0,000;BR-163/MT;Crescente;Saída de pista;1;1;0;0;0;0;1
21/01/2023;08:41:00;125;Sem vítima;589,961;BR-163/MT;Crescente;Saída de pista;1;1;0;0;0;0;1
21/01/2023;09:41:00;125;Sem vítima;589,000;BR-163/MT;Crescente;Saída de pista;1;1;0;0;0;0;1
21/01/2023;14:29:00;246;Sem vítima;254,409;BR-364/MT;Crescente;Colisão lateral no mesmo sentido;1;1;0;0;0;0;1
22/01/2023;00:48:00;14;Sem vítima;518,788;BR-70/MT;Decrescente;Colisão lateral no mesmo sentido;1;1;0;0;0;0;1
22/01/2023;01:48:00;14;Sem vítima;518,000;BR-70/MT;Decrescente;Colisão lateral no mesmo sentido;1;1;0;0;0;0;1
22/01/2023;11:27:00;125;Sem vítima;522,409;BR-70/MT;Decrescente;Colisão traseira;1;1;0;0;0;0;1
22/01/2023;12:27:00;125;Sem vítima;522,000;BR-70/MT;Decrescente;Colisão traseira;1;1;0;0;0;0;1
22/01/2023;16:09:00;201;Sem vítima;618,170;BR-163/MT;Decrescente;Tombamento;1;1;0;0;0;0;1
22/01/2023;17:09:00;201;Sem vítima;618,000;BR-163/MT;Decrescente;Tombamento;1;1;0;0;0;0;1
23/01/2023;03:32:00;32;Sem vítima;341,636;BR-364/MT;Decrescente;Saída de pista;1;1;0;0;0;0;1
23/01/2023;04:32:00;32;Sem vítima;341,000;BR-364/MT;Decrescente;Saída de pista;1;1;0;0;0;0;1
23/01/2023;05:12:00;41;Sem vítima;581,464;BR-364/MT;Crescente;Colisão lateral no mesmo sentido;1;1;0;0;0;0;1
23/01/2023;06:12:00;41;Sem vítima;581,000;BR-364/MT;Crescente;Colisão lateral no mesmo sentido;1;1;0;0;0;0;1
23/01/2023;08:08:00;79;Sem vítima;610,150;BR-163/MT;Crescente;Saída de pista;1;1;0;0;0;0;1
23/01/2023;10:02:00;124;Sem vítima;723,801;BR-163/MT;Decrescente;Saída de pista;1;1;0;0;0;0;1
23/01/2023;11:02:00;124;Sem vítima;723,000;BR-163/MT;Decrescente;Saída de pista;1;1;0;0;0;0;1
23/01/2023;23:51:00;363;Sem vítima;440,552;BR-364/MT;Crescente;Saída de pista;1;1;0;0;0;0;1
24/01/2023;00:51:00;363;Sem vítima;440,000;BR-364/MT;Crescente;Saída de pista;1;1;0;0;0;0;1
24/01/2023;02:03:00;17;Sem vítima;512,893;BR-70/MT;Crescente;Choque;1;1;0;0;0;0;1
24/01/2023;02:27:00;18;Sem vítima;237,305;BR-364/MT;Crescente;Saída de pista;1;1;0;0;0;0;1
24/01/2023;03:03:00;17;Sem vítima;512,000;BR-70/MT;Crescente;Choque;1;1;0;0;0;0;1
24/01/2023;03:27:00;18;Sem vítima;237,000;BR-364/MT;Crescente;Saída de pista;1;1;0;0;0;0;1
24/01/2023;10:23:00;141;Sem vítima;734,341;BR-163/MT;Crescente;Tombamento;1;1;0;0;0;0;1
24/01/2023;11:23:00;141;Sem vítima;734,000;BR-163/MT;Crescente;Tombamento;1;1;0;0;0;0;1
24/01/2023;15:37:00;238;Sem vítima;774,215;BR-163/MT;Decrescente;Tombamento;1;1;0;0;0;0;1
24/01/2023;16:37:00;238;Sem vítima;774,000;BR-163/MT;Decrescente;Tombamento;1;1;0;0;0;0;1
24/01/2023;19:13:00;310;Sem vítima;223,695;BR-364/MT;Decrescente;Colisão traseira;1;1;0;0;0;0;1
24/01/2023;20:13:00;310;Sem vítima;223,000;BR-364/MT;Decrescente;Colisão traseira;1;1;0;0;0;0;1
25/01/2023;10:53:00;158;Sem vítima;254,470;BR-364/MT;Decrescente;Tombamento;1;1;0;0;0;0;1
25/01/2023;11:34:00;176;Sem vítima;440,501;BR-364/MT;Decrescente;Saída de pista;1;1;0;0;0;0;1
25/01/2023;12:34:00;176;Sem vítima;440,000;BR-364/MT;Decrescente;Saída de pista;1;1;0;0;0;0;1
25/01/2023;20:57:00;296;Sem vítima;717,000;BR-163/MT;Crescente;Colisão lateral no mesmo sentido;1;0;0;0;0;0;1
26/01/2023;07:35:00;89;Com vítima;382,825;BR-364/MT;Decrescente;Choque;1;1;0;0;0;0;1
26/01/2023;09:18:00;126;Sem vítima;816,599;BR-163/MT;Crescente;Colisão transversal;1;1;0;0;0;0;1
26/01/2023;10:18:00;126;Sem vítima;816,000;BR-163/MT;Crescente;Colisão transversal;1;1;0;0;0;0;1
26/01/2023;10:25:00;153;Sem vítima;510,761;BR-70/MT;Crescente;Colisão traseira;1;1;0;0;0;0;1
26/01/2023;11:25:00;153;Sem vítima;510,000;BR-70/MT;Crescente;Colisão traseira;1;1;0;0;0;0;1
26/01/2023;13:00:00;198;Sem vítima;504,393;BR-70/MT;Crescente;Colisão traseira;1;1;0;0;0;0;1
26/01/2023;14:44:00;231;Sem vítima;440,548;BR-364/MT;Crescente;Tombamento;1;1;0;0;0;0;1
26/01/2023;18:16:00;293;Sem vítima;765,154;BR-163/MT;Crescente;Saída de pista;1;1;0;0;0;0;1
26/01/2023;19:16:00;293;Sem vítima;765,000;BR-163/MT;Crescente;Saída de pista;1;1;0;0;0;0;1
26/01/2023;20:51:00;342;Sem vítima;361,119;BR-364/MT;Decrescente;Tombamento;1;1;0;0;0;0;1
27/01/2023;01:00:00;277;Sem vítima;581,000;BR-163/MT;Crescente;Saída de pista;1;1;0;0;0;0;1
27/01/2023;04:47:00;38;Sem vítima;540,580;BR-163/MT;Crescente;Saída de pista;1;1;0;0;0;0;1
27/01/2023;05:47:00;38;Sem vítima;540,000;BR-163/MT;Crescente;Saída de pista;1;1;0;0;0;0;1
27/01/2023;07:34:00;74;Sem vítima;346,348;BR-364/MT;Decrescente;Colisão lateral no mesmo sentido;1;1;0;0;0;0;1
27/01/2023;08:16:00;91;Sem vítima;440,367;BR-364/MT;Crescente;Saída de pista;1;1;0;0;0;0;1
27/01/2023;08:34:00;74;Sem vítima;346,000;BR-364/MT;Decrescente;Colisão lateral no mesmo sentido;1;1;0;0;0;0;1
27/01/2023;08:50:00;106;Sem vítima;687,390;BR-163/MT;Decrescente;Colisão lateral no mesmo sentido;1;1;0;0;0;0;1
27/01/2023;08:59:00;108;Sem vítima;391,109;BR-364/MT;Decrescente;Saída de pista;1;1;0;0;0;0;1
27/01/2023;09:50:00;106;Sem vítima;687,000;BR-163/MT;Decrescente;Colisão lateral no mesmo sentido;1;1;0;0;0;0;1
27/01/2023;09:59:00;108;Sem vítima;391,000;BR-364/MT;Decrescente;Saída de pista;1;1;0;0;0;0;1
27/01/2023;10:11:00;143;Sem vítima;532,456;BR-163/MT;Crescente;Tombamento;1;1;0;0;0;0;1
27/01/2023;10:39:00;154;Sem vítima;235,863;BR-364/MT;Crescente;Saída de pista;1;2;0;0;0;0;1
27/01/2023;11:10:00;165;Sem vítima;445,953;BR-364/MT;Crescente;Saída de pista;1;1;0;0;0;0;1
27/01/2023;12:01:00;179;Sem vítima;809,357;BR-163/MT;Decrescente;Saída de pista;1;1;0;0;0;0;1
27/01/2023;12:10:00;165;Sem vítima;445,000;BR-364/MT;Crescente;Saída de pista;1;1;0;0;0;0;1
27/01/2023;12:32:00;172;Sem vítima;820,000;BR-163/MT;Crescente;Acidentes de outra natureza;1;0;0;0;0;0;1
27/01/2023;13:01:00;179;Sem vítima;809,000;BR-163/MT;Decrescente;Saída de pista;1;1;0;0;0;0;1
27/01/2023;13:37:00;199;Com vítima;605,811;BR-163/MT;Decrescente;Tombamento;1;0;1;0;0;0;1
27/01/2023;15:11:00;229;Sem vítima;349,748;BR-364/MT;Crescente;Engavetamento;1;1;0;0;0;0;1
27/01/2023;16:11:00;229;Sem vítima;349,000;BR-364/MT;Crescente;Engavetamento;1;1;0;0;0;0;1
27/01/2023;16:40:00;238;Sem vítima;209,000;BR-364/MT;Decrescente;Colisão lateral no mesmo sentido;1;1;0;0;0;0;1
27/01/2023;17:47:00;277;Sem vítima;581,748;BR-163/MT;Crescente;Saída de pista;1;1;0;0;0;0;1
28/01/2023;00:15:00;341;Sem vítima;331,000;BR-364/MT;Crescente;Acidentes de outra natureza;1;0;0;0;0;0;1
28/01/2023;00:28:00;5;Sem vítima;331,960;BR-364/MT;Crescente;Saída de pista;1;1;0;0;0;0;1
28/01/2023;01:28:00;5;Sem vítima;331,000;BR-364/MT;Crescente;Saída de pista;1;1;0;0;0;0;1
28/01/2023;07:10:00;77;Sem vítima;522,210;BR-163/MT;Decrescente;Engavetamento;1;1;0;0;0;0;1
28/01/2023;07:10:00;189;Sem vítima;522,210;BR-163/MT;Crescente;Saída de pista;1;1;0;0;0;0;1
28/01/2023;15:50:00;236;Sem vítima;512,620;BR-70/MT;Decrescente;Colisão lateral no mesmo sentido;1;1;0;0;0;0;1
29/01/2023;11:00:00;167;Sem vítima;493,432;BR-364/MT;Crescente;Engavetamento;1;1;0;0;0;0;1
29/01/2023;12:00:00;167;Sem vítima;493,000;BR-364/MT;Crescente;Engavetamento;1;1;0;0;0;0;1
29/01/2023;13:37:00;211;Com vítima;532,913;BR-364/MT;Decrescente;Colisão traseira;1;1;0;0;0;0;1
29/01/2023;17:11:00;273;Sem vítima;540,256;BR-163/MT;Decrescente;Saída de pista;1;1;0;0;0;0;1
29/01/2023;17:57:00;283;Sem vítima;847,900;BR-163/MT;Decrescente;Colisão lateral no mesmo sentido;1;1;0;0;0;0;1
29/01/2023;18:11:00;273;Sem vítima;540,000;BR-163/MT;Decrescente;Saída de pista;1;1;0;0;0;0;1
29/01/2023;18:57:00;283;Sem vítima;847,000;BR-163/MT;Decrescente;Colisão lateral no mesmo sentido;1;1;0;0;0;0;1
29/01/2023;19:04:00;305;Sem vítima;254,488;BR-364/MT;Decrescente;Tombamento;1;1;0;0;0;0;1
29/01/2023;20:04:00;305;Sem vítima;254,000;BR-364/MT;Decrescente;Tombamento;1;1;0;0;0;0;1
29/01/2023;20:27:00;316;Sem vítima;495,324;BR-364/MT;Decrescente;Colisão lateral no mesmo sentido;1;1;0;0;0;0;1
29/01/2023;21:27:00;316;Sem vítima;495,000;BR-364/MT;Decrescente;Colisão lateral no mesmo sentido;1;1;0;0;0;0;1
30/01/2023;15:27:00;267;Sem vítima;814,772;BR-163/MT;Decrescente;Tombamento;1;1;0;0;0;0;1
30/01/2023;15:30:00;236;Sem vítima;832,000;BR-163/MT;Decrescente;Acidentes de outra natureza;1;0;0;0;0;0;1
30/01/2023;15:54:00;251;Sem vítima;265,000;BR-364/MT;Crescente;Colisão traseira;1;0;0;0;0;0;1
30/01/2023;16:27:00;267;Sem vítima;814,000;BR-163/MT;Decrescente;Tombamento;1;1;0;0;0;0;1
30/01/2023;17:35:00;290;Sem vítima;260,000;BR-364/MT;Crescente;Colisão lateral no mesmo sentido;1;0;0;0;0;0;1
30/01/2023;18:43:00;322;Sem vítima;815,620;BR-163/MT;Decrescente;Colisão traseira;1;1;0;0;0;0;1
30/01/2023;19:43:00;322;Sem vítima;815,000;BR-163/MT;Decrescente;Colisão traseira;1;1;0;0;0;0;1
30/01/2023;23:15:00;372;Sem vítima;605,817;BR-163/MT;Crescente;Tombamento;1;1;0;0;0;0;1
31/01/2023;00:15:00;372;Sem vítima;605,000;BR-163/MT;Crescente;Tombamento;1;1;0;0;0;0;1
31/01/2023;08:36:00;89;Sem vítima;95,000;BR-163/MT;Decrescente;Acidentes de outra natureza;1;0;0;0;0;0;1
31/01/2023;12:26:00;207;Com vítima;639,965;BR-163/MT;Crescente;Colisão traseira;1;1;0;0;0;0;1
31/01/2023;13:26:00;207;Com vítima;639,000;BR-163/MT;Crescente;Colisão traseira;1;1;0;0;0;0;1
31/01/2023;18:17:00;308;Sem vítima;490,897;BR-364/MT;Crescente;Tombamento;1;1;0;0;0;0;1
31/01/2023;19:17:00;308;Sem vítima;490,000;BR-364/MT;Crescente;Tombamento;1;1;0;0;0;0;1
01/02/2023;03:49:00;38;Com vítima;254,598;BR-364/MT;Decrescente;Tombamento;1;0;0;1;0;0;2
01/02/2023;11:52:00;182;Sem vítima;274,238;BR-364/MT;Crescente;Colisão lateral no mesmo sentido;1;1;0;0;0;0;1
01/02/2023;12:22:00;191;Sem vítima;299,595;BR-364/MT;Decrescente;Colisão lateral no mesmo sentido;1;1;0;0;0;0;1
01/02/2023;12:52:00;182;Sem vítima;274,000;BR-364/MT;Crescente;Colisão lateral no mesmo sentido;1;1;0;0;0;0;1
01/02/2023;13:22:00;191;Sem vítima;299,000;BR-364/MT;Decrescente;Colisão lateral no mesmo sentido;1;1;0;0;0;0;1
01/02/2023;14:54:00;238;Sem vítima;214,200;BR-364/MT;Crescente;Colisão traseira;1;1;0;0;0;0;1
01/02/2023;14:58:00;240;Sem vítima;118,484;BR-163/MT;Decrescente;Colisão traseira;1;1;0;0;0;0;1
01/02/2023;15:03:00;242;Com vítima;560,609;BR-163/MT;Decrescente;Choque;1;0;0;0;1;0;2
01/02/2023;15:58:00;240;Sem vítima;118,000;BR-163/MT;Decrescente;Colisão traseira;1;1;0;0;0;0;1
01/02/2023;16:32:00;254;Sem vítima;563,000;BR-364/MT;Crescente;Acidentes de outra natureza;1;0;0;0;0;0;1
01/02/2023;17:00:00;263;Com vítima;332,000;BR-364/MT;Crescente;Colisão traseira;1;1;0;0;0;0;1
01/02/2023;18:28:00;297;Sem vítima;566,884;BR-163/MT;Crescente;Colisão traseira;1;1;0;0;0;0;1
01/02/2023;19:28:00;297;Sem vítima;566,000;BR-163/MT;Crescente;Colisão traseira;1;1;0;0;0;0;1