data;horario;n_da_ocorrencia;tipo_de_ocorrencia;km;trecho;sentido;tipo_de_acidente;caminhao;ilesos;levemente_feridos;moderadamente_feridos;gravemente_feridos;mortos;3
21/03/2023;17:26:00;224;Sem vítima;581,000;BR-364/MT;Decrescente;Tombamento;1;1;0;0;0;0;1
22/03/2023;10:49:00;141;Sem vítima;775,245;BR-163/MT;Decrescente;Colisão traseira;1;1;0;0;0;0;1
22/03/2023;11:31:00;131;Sem vítima;790,000;BR-163/MT;Decrescente;Acidentes de outra natureza;1;0;0;0;0;0;1
22/03/2023;12:42:00;162;Sem vítima;522,000;BR-70/MT;Decrescente;Colisão lateral no mesmo sentido;1;1;0;0;0;0;1
22/03/2023;16:25:00;236;Sem vítima;666,000;BR-163/MT;Decrescente;Acidentes de outra natureza;1;0;0;0;0;0;1
22/03/2023;18:25:00;279;Sem vítima;360,000;BR-364/MT;Decrescente;Saída de pista;1;0;0;0;0;0;1
22/03/2023;18:28:00;284;Sem vítima;367,000;BR-364/MT;Decrescente;Acidentes de outra natureza;1;0;0;0;0;0;1
22/03/2023;18:35:00;286;Sem vítima;503,000;BR-70/MT;Crescente;Acidentes de outra natureza;1;0;0;0;0;0;1
23/03/2023;05:32:00;57;Sem vítima;559,557;BR-163/MT;Crescente;Tombamento;1;1;0;0;0;0;1
23/03/2023;06:32:00;57;Sem vítima;559,000;BR-163/MT;Crescente;Tombamento;1;1;0;0;0;0;1
23/03/2023;16:06:00;231;Com vítima;538,190;BR-364/MT;Decrescente;Tombamento;1;0;1;0;0;0;1
23/03/2023;16:45:00;240;Sem vítima;685,580;BR-163/MT;Crescente;Saída de pista;1;1;0;0;0;0;1
23/03/2023;17:45:00;240;Sem vítima;685,000;BR-163/MT;Crescente;Saída de pista;1;1;0;0;0;0;1
24/03/2023;05:10:00;75;Sem vítima;540,717;BR-364/MT;Crescente;Colisão lateral no mesmo sentido;1;1;0;0;0;0;1
24/03/2023;06:10:00;75;Sem vítima;540,000;BR-364/MT;Crescente;Colisão lateral no mesmo sentido;1;1;0;0;0;0;1
24/03/2023;10:19:00;145;Sem vítima;687,000;BR-163/MT;Crescente;Colisão lateral no mesmo sentido;1;1;0;0;0;0;1
24/03/2023;10:47:00;190;Sem vítima;397,370;BR-364/MT;Decrescente;Saída de pista;1;1;0;0;0;0;1
24/03/2023;13:17:00;234;Sem vítima;627,122;BR-163/MT;Crescente;Saída de pista;1;1;0;0;0;0;1
24/03/2023;14:13:00;255;Sem vítima;292,711;BR-364/MT;Decrescente;Saída de pista;1;1;0;0;0;0;1
24/03/2023;14:17:00;234;Sem vítima;627,000;BR-163/MT;Crescente;Saída de pista;1;1;0;0;0;0;1
24/03/2023;14:53:00;263;Com vítima;833,631;BR-163/MT;Decrescente;Colisão traseira;1;1;0;0;0;0;1
24/03/2023;15:13:00;255;Sem vítima;292,000;BR-364/MT;Decrescente;Saída de pista;1;1;0;0;0;0;1
24/03/2023;15:53:00;263;Com vítima;833,000;BR-163/MT;Decrescente;Colisão traseira;1;1;0;0;0;0;1
24/03/2023;16:29:00;310;Sem vítima;543,830;BR-163/MT;Decrescente;Saída de pista;1;1;0;0;0;0;1
24/03/2023;16:55:00;321;Sem vítima;520,476;BR-163/MT;Crescente;Saída de pista;1;1;0;0;0;0;1
24/03/2023;17:29:00;310;Sem vítima;543,000;BR-163/MT;Decrescente;Saída de pista;1;1;0;0;0;0;1
24/03/2023;17:32:00;337;Sem vítima;750,470;BR-163/MT;Crescente;Colisão lateral no mesmo sentido;1;1;0;0;0;0;1
24/03/2023;17:55:00;321;Sem vítima;520,000;BR-163/MT;Crescente;Saída de pista;1;1;0;0;0;0;1
25/03/2023;02:26:00;14;Sem vítima;617,980;BR-163/MT;Decrescente;Saída de pista;1;1;0;0;0;0;1
25/03/2023;03:26:00;14;Sem vítima;617,000;BR-163/MT;Decrescente;Saída de pista;1;1;0;0;0;0;1
25/03/2023;08:36:00;104;Sem vítima;80,272;BR-163/MT;Decrescente;Tombamento;1;1;0;0;0;0;1
25/03/2023;09:36:00;104;Sem vítima;80,000;BR-163/MT;Decrescente;Tombamento;1;1;0;0;0;0;1
25/03/2023;10:01:00;135;Com vítima;503,493;BR-70/MT;Crescente;Colisão traseira;1;1;0;0;0;0;1
25/03/2023;10:57:00;151;Sem vítima;275,514;BR-364/MT;Decrescente;Tombamento;1;1;0;0;0;0;1
25/03/2023;11:57:00;151;Sem vítima;275,000;BR-364/MT;Decrescente;Tombamento;1;1;0;0;0;0;1
25/03/2023;16:05:00;249;Sem vítima;540,236;BR-364/MT;Decrescente;Tombamento;1;1;0;0;0;0;1
25/03/2023;16:22:00;256;Com vítima;337,993;BR-364/MT;Decrescente;Colisão traseira;1;1;0;0;0;0;1
25/03/2023;17:05:00;249;Sem vítima;540,000;BR-364/MT;Decrescente;Tombamento;1;1;0;0;0;0;1
26/03/2023;12:38:00;128;Sem vítima;383,000;BR-364/MT;Crescente;Colisão traseira;1;1;0;0;0;0;1
27/03/2023;07:30:00;51;Sem vítima;510,000;BR-364/MT;Decrescente;Engavetamento;1;1;0;0;0;0;1
27/03/2023;18:48:00;291;Com vítima;521,000;BR-70/MT;Decrescente;Colisão transversal;1;1;0;0;0;0;1
28/03/2023;02:02:00;16;Sem vítima;512,700;BR-163/MT;Crescente;Saída de pista;1;1;0;0;0;0;1
28/03/2023;03:02:00;16;Sem vítima;512,000;BR-163/MT;Crescente;Saída de pista;1;1;0;0;0;0;1
28/03/2023;05:47:00;45;Sem vítima;516,608;BR-364/MT;Decrescente;Saída de pista;1;1;0;0;0;0;1
28/03/2023;06:47:00;45;Sem vítima;516,000;BR-364/MT;Decrescente;Saída de pista;1;1;0;0;0;0;1
28/03/2023;06:48:00;54;Com vítima;711,516;BR-163/MT;Crescente;Colisão transversal;1;1;0;0;0;0;1
28/03/2023;06:52:00;57;Sem vítima;565,491;BR-163/MT;Decrescente;Tombamento;1;1;0;0;0;0;1
28/03/2023;07:51:00;56;Sem vítima;714,000;BR-163/MT;Crescente;Acidentes de outra natureza;1;0;0;0;0;0;1
28/03/2023;07:52:00;57;Sem vítima;565,000;BR-163/MT;Decrescente;Tombamento;1;1;0;0;0;0;1
28/03/2023;10:48:00;124;Sem vítima;515,000;BR-364/MT;Crescente;Saída de pista;1;0;0;0;0;0;1
28/03/2023;13:59:00;223;Com vítima;841,506;BR-163/MT;Crescente;Colisão transversal;1;1;0;0;0;0;1
28/03/2023;14:59:00;223;Com vítima;841,000;BR-163/MT;Crescente;Colisão transversal;1;1;0;0;0;0;1
28/03/2023;23:26:00;342;Sem vítima;349,466;BR-364/MT;Decrescente;Colisão traseira;1;1;0;0;0;0;1
29/03/2023;00:26:00;342;Sem vítima;349,000;BR-364/MT;Decrescente;Colisão traseira;1;1;0;0;0;0;1
29/03/2023;09:42:00;119;Sem vítima;347,355;BR-364/MT;Crescente;Colisão traseira;1;1;0;0;0;0;1
29/03/2023;17:02:00;247;Sem vítima;824,000;BR-163/MT;Crescente;Acidentes de outra natureza;1;0;0;0;0;0;1
29/03/2023;18:14:00;276;Sem vítima;751,000;BR-163/MT;Decrescente;Acidentes de outra natureza;1;0;0;0;0;0;1
29/03/2023;21:56:00;315;Com vítima;815,407;BR-163/MT;Crescente;Colisão frontal;1;1;0;0;0;0;1
30/03/2023;07:09:00;58;Com vítima;602,425;BR-163/MT;Crescente;Colisão transversal;1;1;0;0;0;0;1
30/03/2023;08:09:00;58;Com vítima;602,000;BR-163/MT;Crescente;Colisão transversal;1;1;0;0;0;0;1
30/03/2023;18:55:00;298;Sem vítima;399,000;BR-364/MT;Crescente;Colisão transversal;1;1;0;0;0;0;1
30/03/2023;20:09:00;321;Sem vítima;543,000;BR-163/MT;Crescente;Saída de pista;1;1;0;0;0;0;1
30/03/2023;22:01:00;353;Sem vítima;254,915;BR-364/MT;Crescente;Saída de pista;1;1;0;0;0;0;1
30/03/2023;23:01:00;353;Sem vítima;254,000;BR-364/MT;Crescente;Saída de pista;1;1;0;0;0;0;1
31/03/2023;07:37:00;81;Com vítima;395,814;BR-364/MT;Crescente;Colisão traseira;1;1;0;0;0;0;1
31/03/2023;08:38:00;83;Sem vítima;395,000;BR-364/MT;Crescente;Acidentes de outra natureza;1;0;0;0;0;0;1
31/03/2023;12:44:00;185;Sem vítima;401,000;BR-364/MT;Crescente;Acidentes de outra natureza;1;0;0;0;0;0;1
31/03/2023;14:14:00;218;Sem vítima;838,977;BR-163/MT;Crescente;Colisão lateral no mesmo sentido;1;1;0;0;0;0;1
31/03/2023;21:38:00;332;Sem vítima;743,000;BR-163/MT;Decrescente;Colisão lateral no mesmo sentido;1;0;0;0;0;0;1
01/04/2023;03:32:00;38;Sem vítima;217,780;BR-364/MT;Decrescente;Colisão traseira;1;1;0;0;0;0;1
01/04/2023;04:32:00;38;Sem vítima;217,000;BR-364/MT;Decrescente;Colisão traseira;1;1;0;0;0;0;1
01/04/2023;11:30:00;176;Sem vítima;523,900;BR-70/MT;Decrescente;Colisão lateral no mesmo sentido;1;2;0;0;0;0;1
01/04/2023;14:56:00;238;Sem vítima;266,336;BR-364/MT;Decrescente;Colisão lateral no mesmo sentido;1;1;0;0;0;0;1
01/04/2023;15:56:00;238;Sem vítima;266,000;BR-364/MT;Decrescente;Colisão lateral no mesmo sentido;1;1;0;0;0;0;1
02/04/2023;02:12:00;17;Sem vítima;391,696;BR-364/MT;Decrescente;Tombamento;1;1;0;0;0;0;1
02/04/2023;03:12:00;17;Sem vítima;391,000;BR-364/MT;Decrescente;Tombamento;1;1;0;0;0;0;1
02/04/2023;04:21:00;24;Sem vítima;538,250;BR-364/MT;Decrescente;Tombamento;1;1;0;0;0;0;1
02/04/2023;05:21:00;24;Sem vítima;538,000;BR-364/MT;Decrescente;Tombamento;1;1;0;0;0;0;1
02/04/2023;15:53:00;212;Sem vítima;502,932;BR-364/MT;Crescente;Capotamento;1;1;0;0;0;0;1
02/04/2023;16:09:00;215;Sem vítima;582,454;BR-163/MT;Crescente;Colisão traseira;1;1;0;0;0;0;1
02/04/2023;16:17:00;218;Sem vítima;581,560;BR-163/MT;Crescente;Saída de pista;1;1;0;0;0;0;1
02/04/2023;16:53:00;212;Sem vítima;502,000;BR-364/MT;Crescente;Capotamento;1;1;0;0;0;0;1
02/04/2023;17:09:00;215;Sem vítima;582,000;BR-163/MT;Crescente;Colisão traseira;1;1;0;0;0;0;1
02/04/2023;17:17:00;218;Sem vítima;581,000;BR-163/MT;Crescente;Saída de pista;1;1;0;0;0;0;1
02/04/2023;17:46:00;245;Sem vítima;345,617;BR-364/MT;Crescente;Tombamento;1;1;0;0;0;0;1
03/04/2023;14:04:00;201;Com vítima;348,295;BR-364/MT;Decrescente;Colisão traseira;1;1;0;0;0;0;1
03/04/2023;14:18:00;206;Com vítima;636,248;BR-163/MT;Crescente;Tombamento;1;0;1;0;0;0;1
03/04/2023;15:18:00;206;Com vítima;636,000;BR-163/MT;Crescente;Tombamento;1;0;1;0;0;0;1
04/04/2023;13:28:00;206;Sem vítima;825,100;BR-163/MT;Crescente;Colisão transversal;1;1;0;0;0;0;1
04/04/2023;14:28:00;206;Sem vítima;825,000;BR-163/MT;Crescente;Colisão transversal;1;1;0;0;0;0;1
05/04/2023;10:00:00;152;Sem vítima;119,200;BR-163/MT;Crescente;Colisão traseira;1;1;0;0;0;0;1
05/04/2023;10:37:00;172;Sem vítima;626,500;BR-163/MT;Crescente;Saída de pista;1;1;0;0;0;0;1
05/04/2023;11:22:00;188;Sem vítima;616,501;BR-163/MT;Crescente;Tombamento;1;1;0;0;0;0;1
05/04/2023;11:37:00;172;Sem vítima;626,000;BR-163/MT;Crescente;Saída de pista;1;1;0;0;0;0;1
05/04/2023;12:06:00;200;Sem vítima;626,400;BR-163/MT;Crescente;Saída de pista;1;1;0;0;0;0;1
05/04/2023;12:22:00;188;Sem vítima;616,000;BR-163/MT;Crescente;Tombamento;1;1;0;0;0;0;1
05/04/2023;14:34:00;248;Com vítima;622,200;BR-163/MT;Crescente;Tombamento;1;0;1;0;0;0;1
05/04/2023;14:41:00;250;Sem vítima;762,344;BR-163/MT;Decrescente;Saída de pista;1;1;0;0;0;0;1
05/04/2023;14:46:00;251;Sem vítima;621,500;BR-163/MT;Decrescente;Engavetamento;1;1;0;0;0;0;1
05/04/2023;15:41:00;250;Sem vítima;762,000;BR-163/MT;Decrescente;Saída de pista;1;1;0;0;0;0;1
05/04/2023;15:46:00;251;Sem vítima;621,000;BR-163/MT;Decrescente;Engavetamento;1;1;0;0;0;0;1
07/04/2023;16:11:00;257;Sem vítima;314,300;BR-364/MT;Crescente;Saída de pista;1;1;0;0;0;0;1
07/04/2023;16:59:00;265;Sem vítima;512,734;BR-163/MT;Decrescente;Tombamento;1;1;0;0;0;0;1
07/04/2023;20:40:00;293;Sem vítima;503,000;BR-70/MT;Crescente;Colisão traseira;1;0;0;0;0;0;1
08/04/2023;11:43:00;146;Com vítima;539,201;BR-364/MT;Decrescente;Tombamento;1;0;1;0;0;0;1
08/04/2023;11:51:00;150;Sem vítima;848,430;BR-163/MT;Crescente;Colisão lateral no mesmo sentido;1;1;0;0;0;0;1
08/04/2023;12:00:00;152;Sem vítima;809,100;BR-163/MT;Decrescente;Saída de pista;1;1;0;0;0;0;1
08/04/2023;12:43:00;146;Com vítima;539,000;BR-364/MT;Decrescente;Tombamento;1;0;1;0;0;0;1
08/04/2023;12:51:00;150;Sem vítima;848,000;BR-163/MT;Crescente;Colisão lateral no mesmo sentido;1;1;0;0;0;0;1
08/04/2023;14:03:00;189;Com vítima;816,599;BR-163/MT;Crescente;Colisão transversal;1;1;0;0;0;0;1
08/04/2023;14:31:00;200;Sem vítima;241,851;BR-364/MT;Decrescente;Tombamento;1;1;0;0;0;0;1
08/04/2023;15:03:00;189;Com vítima;816,000;BR-163/MT;Crescente;Colisão transversal;1;1;0;0;0;0;1
08/04/2023;15:31:00;200;Sem vítima;241,000;BR-364/MT;Decrescente;Tombamento;1;1;0;0;0;0;1
08/04/2023;18:25:00;244;Com vítima;331,100;BR-364/MT;Crescente;Tombamento;1;0;0;0;0;1;3
08/04/2023;18:38:00;247;Sem vítima;836,265;BR-163/MT;Decrescente;Acidentes de outra natureza;1;1;0;0;0;0;1
08/04/2023;19:38:00;247;Sem vítima;836,000;BR-163/MT;Decrescente;Acidentes de outra natureza;1;1;0;0;0;0;1
09/04/2023;05:50:00;40;Sem vítima;549,000;BR-364/MT;Decrescente;Saída de pista;1;0;0;0;0;0;1
09/04/2023;17:40:00;215;Sem vítima;313,000;BR-364/MT;Crescente;Acidentes de outra natureza;1;0;0;0;0;0;1
09/04/2023;22:17:00;273;Sem vítima;356,536;BR-364/MT;Crescente;Saída de pista;1;1;0;0;0;0;1
09/04/2023;23:17:00;273;Sem vítima;356,000;BR-364/MT;Crescente;Saída de pista;1;1;0;0;0;0;1
10/04/2023;06:05:00;46;Com vítima;381,823;BR-364/MT;Decrescente;Saída de pista;1;0;0;0;1;0;2
10/04/2023;06:05:00;61;Sem vítima;382,823;BR-364/MT;Crescente;Saída de pista;1;1;0;0;0;0;1
10/04/2023;14:45:00;221;Com vítima;347,507;BR-364/MT;Crescente;Saída de pista;1;0;0;0;1;0;2
10/04/2023;15:23:00;238;Sem vítima;764,930;BR-163/MT;Decrescente;Saída de pista;1;1;0;0;0;0;1
10/04/2023;16:23:00;238;Sem vítima;764,000;BR-163/MT;Decrescente;Saída de pista;1;1;0;0;0;0;1
10/04/2023;17:44:00;276;Sem vítima;348,930;BR-364/MT;Decrescente;Colisão lateral no mesmo sentido;1;1;0;0;0;0;1
10/04/2023;18:44:00;276;Sem vítima;348,000;BR-364/MT;Decrescente;Colisão lateral no mesmo sentido;1;1;0;0;0;0;1
10/04/2023;20:27:00;297;Sem vítima;367,000;BR-364/MT;Crescente;Acidentes de outra natureza;1;1;0;0;0;0;1
11/04/2023;00:14:00;2;Sem vítima;636,918;BR-163/MT;Decrescente;Saída de pista;1;1;0;0;0;0;1
11/04/2023;01:14:00;2;Sem vítima;636,000;BR-163/MT;Decrescente;Saída de pista;1;1;0;0;0;0;1
11/04/2023;08:40:00;72;Sem vítima;518,000;BR-364/MT;Decrescente;Colisão traseira;1;1;0;0;0;0;1
11/04/2023;12:37:00;147;Sem vítima;602,000;BR-163/MT;Crescente;Colisão transversal;1;1;0;0;0;0;1
11/04/2023;13:19:00;161;Sem vítima;808,000;BR-163/MT;Crescente;Colisão transversal;1;1;0;0;0;0;1
11/04/2023;20:49:00;280;Sem vítima;205,000;BR-364/MT;Decrescente;Atropelamento de pedestre;1;0;0;0;0;0;1
12/04/2023;10:06:00;130;Sem vítima;119,776;BR-163/MT;Decrescente;Tombamento;1;1;0;0;0;0;1
12/04/2023;10:57:00;155;Com vítima;342,469;BR-364/MT;Crescente;Tombamento;1;0;1;0;0;0;1
12/04/2023;11:06:00;130;Sem vítima;119,000;BR-163/MT;Decrescente;Tombamento;1;1;0;0;0;0;1
12/04/2023;11:57:00;172;Sem vítima;391,182;BR-364/MT;Decrescente;Tombamento;1;1;0;0;0;0;1
12/04/2023;12:57:00;172;Sem vítima;391,000;BR-364/MT;Decrescente;Tombamento;1;1;0;0;0;0;1
12/04/2023;12:58:00;173;Sem vítima;385,000;BR-364/MT;Decrescente;Acidentes de outra natureza;1;0;0;0;0;0;1
12/04/2023;13:04:00;191;Sem vítima;827,210;BR-163/MT;Decrescente;Colisão transversal;1;1;0;0;0;0;1
12/04/2023;14:04:00;191;Sem vítima;827,000;BR-163/MT;Decrescente;Colisão transversal;1;1;0;0;0;0;1
12/04/2023;14:33:00;217;Sem vítima;695,408;BR-163/MT;Decrescente;Tombamento;1;1;0;0;0;0;1
12/04/2023;15:33:00;217;Sem vítima;695,000;BR-163/MT;Decrescente;Tombamento;1;1;0;0;0;0;1
12/04/2023;16:39:00;257;Sem vítima;626,360;BR-163/MT;Decrescente;Colisão traseira;2;2;0;0;0;0;1
12/04/2023;16:51:00;261;Sem vítima;459,667;BR-364/MT;Crescente;Colisão traseira;1;1;0;0;0;0;1
12/04/2023;17:39:00;257;Sem vítima;626,000;BR-163/MT;Decrescente;Colisão traseira;1;1;0;0;0;0;1
13/04/2023;15:01:00;251;Sem vítima;497,533;BR-70/MT;Decrescente;Saída de pista;1;1;0;0;0;0;1
13/04/2023;15:57:00;250;Sem vítima;346,000;BR-364/MT;Crescente;Colisão lateral no mesmo sentido;1;1;0;0;0;0;1
13/04/2023;16:01:00;251;Sem vítima;497,000;BR-70/MT;Decrescente;Saída de pista;1;1;0;0;0;0;1
13/04/2023;18:21:00;323;Sem vítima;623,100;BR-163/MT;Decrescente;Saída de pista;1;1;0;0;0;0;1
13/04/2023;19:15:00;340;Sem vítima;626,584;BR-163/MT;Decrescente;Colisão traseira;1;1;0;0;0;0;1
13/04/2023;19:21:00;323;Sem vítima;623,000;BR-163/MT;Decrescente;Saída de pista;1;1;0;0;0;0;1
14/04/2023;05:26:00;47;Sem vítima;601,125;BR-163/MT;Decrescente;Saída de pista;1;1;0;0;0;0;1
14/04/2023;06:26:00;47;Sem vítima;601,000;BR-163/MT;Decrescente;Saída de pista;1;1;0;0;0;0;1
14/04/2023;07:41:00;80;Com vítima;397,272;BR-364/MT;Crescente;Tombamento;1;0;1;0;0;0;1
14/04/2023;18:28:00;285;Sem vítima;746,000;BR-163/MT;Crescente;Acidentes de outra natureza;1;0;0;0;0;0;1
14/04/2023;23:23:00;355;Sem vítima;461,437;BR-364/MT;Crescente;Saída de pista;1;1;0;0;0;0;1
15/04/2023;00:23:00;355;Sem vítima;461,000;BR-364/MT;Crescente;Saída de pista;1;1;0;0;0;0;1
15/04/2023;00:27:00;356;Sem vítima;448,000;BR-364/MT;Decrescente;Saída de pista;1;0;0;0;0;0;1
15/04/2023;06:27:00;55;Sem vítima;347,919;BR-364/MT;Crescente;Saída de pista;1;1;0;0;0;0;1
15/04/2023;07:27:00;55;Sem vítima;347,000;BR-364/MT;Crescente;Saída de pista;1;1;0;0;0;0;1
15/04/2023;19:51:00;271;Sem vítima;355,000;BR-364/MT;Crescente;Saída de pista;1;0;0;0;0;0;1
15/04/2023;20:08:00;293;Sem vítima;104,203;BR-163/MT;Crescente;Tombamento;1;1;0;0;0;0;1
15/04/2023;21:08:00;293;Sem vítima;104,000;BR-163/MT;Crescente;Tombamento;1;1;0;0;0;0;1
16/04/2023;10:56:00;135;Sem vítima;521,446;BR-70/MT;Decrescente;Colisão traseira;1;1;0;0;0;0;1
16/04/2023;14:32:00;191;Sem vítima;59,917;BR-163/MT;Crescente;Tombamento;1;1;0;0;0;0;1
16/04/2023;15:37:00;194;Sem vítima;6,000;BR-163/MT;Crescente;Tombamento;1;0;0;0;0;0;1
16/04/2023;16:05:00;217;Sem vítima;374,216;BR-364/MT;Crescente;Choque;1;2;0;0;0;0;1
16/04/2023;17:05:00;217;Sem vítima;374,000;BR-364/MT;Crescente;Choque;1;1;0;0;0;0;1
17/04/2023;10:13:00;156;Sem vítima;400,366;BR-364/MT;Crescente;Colisão lateral no mesmo sentido;1;1;0;0;0;0;1
17/04/2023;11:13:00;156;Sem vítima;400,000;BR-364/MT;Crescente;Colisão lateral no mesmo sentido;1;1;0;0;0;0;1
17/04/2023;14:13:00;230;Sem vítima;490,172;BR-364/MT;Crescente;Colisão lateral no mesmo sentido;1;1;0;0;0;0;1
17/04/2023;15:13:00;230;Sem vítima;490,000;BR-364/MT;Crescente;Colisão lateral no mesmo sentido;1;1;0;0;0;0;1
17/04/2023;15:15:00;254;Sem vítima;377,797;BR-364/MT;Crescente;Saída de pista;1;1;0;0;0;0;1
17/04/2023;15:17:00;232;Sem vítima;490,000;BR-364/MT;Decrescente;Acidentes de outra natureza;1;0;0;0;0;0;1
17/04/2023;16:15:00;254;Sem vítima;377,000;BR-364/MT;Crescente;Saída de pista;1;1;0;0;0;0;1
17/04/2023;16:52:00;289;Sem vítima;460,401;BR-364/MT;Decrescente;Colisão frontal;1;1;0;0;0;0;1
17/04/2023;17:53:00;290;Sem vítima;460,000;BR-364/MT;Crescente;Acidentes de outra natureza;1;0;0;0;0;0;1
17/04/2023;20:29:00;340;Sem vítima;328,230;BR-364/MT;Crescente;Colisão traseira;1;1;0;0;0;0;1
17/04/2023;21:29:00;340;Sem vítima;328,000;BR-364/MT;Crescente;Colisão traseira;1;1;0;0;0;0;1
18/04/2023;03:14:00;24;Sem vítima;119,668;BR-163/MT;Crescente;Tombamento;1;1;0;0;0;0;1
18/04/2023;04:14:00;24;Sem vítima;119,000;BR-163/MT;Crescente;Tombamento;1;1;0;0;0;0;1
18/04/2023;07:26:00;60;Sem vítima;670,229;BR-163/MT;Decrescente;Colisão lateral no mesmo sentido;1;1;0;0;0;0;1
18/04/2023;08:26:00;60;Sem vítima;670,000;BR-163/MT;Decrescente;Colisão lateral no mesmo sentido;1;1;0;0;0;0;1
18/04/2023;10:45:00;147;Sem vítima;657,800;BR-163/MT;Crescente;Colisão traseira;1;1;0;0;0;0;1
18/04/2023;11:12:00;158;Sem vítima;468,493;BR-364/MT;Crescente;Engavetamento;1;1;0;0;0;0;1
18/04/2023;11:45:00;147;Sem vítima;657,000;BR-163/MT;Crescente;Colisão traseira;1;1;0;0;0;0;1
18/04/2023;12:12:00;158;Sem vítima;468,000;BR-364/MT;Crescente;Engavetamento;1;1;0;0;0;0;1
18/04/2023;14:32:00;211;Sem vítima;701,841;BR-163/MT;Decrescente;Colisão traseira;1;1;0;0;0;0;1
18/04/2023;15:32:00;211;Sem vítima;701,000;BR-163/MT;Decrescente;Colisão traseira;1;1;0;0;0;0;1
18/04/2023;16:21:00;241;Sem vítima;758,455;BR-163/MT;Decrescente;Tombamento;1;1;0;0;0;0;1
18/04/2023;17:22:00;243;Sem vítima;754,000;BR-163/MT;Decrescente;Acidentes de outra natureza;1;0;0;0;0;0;1
18/04/2023;17:22:00;258;Sem vítima;548,394;BR-364/MT;Crescente;Saída de pista;1;1;0;0;0;0;1
19/04/2023;06:55:00;70;Sem vítima;554,298;BR-163/MT;Crescente;Saída de pista;1;1;0;0;0;0;1
19/04/2023;07:55:00;70;Sem vítima;554,000;BR-163/MT;Crescente;Saída de pista;1;1;0;0;0;0;1
19/04/2023;10:56:00;153;Com vítima;530,930;BR-163/MT;Crescente;Tombamento;1;0;1;0;0;0;1
19/04/2023;13:12:00;196;Sem vítima;769,810;BR-163/MT;Crescente;Colisão lateral no mesmo sentido;1;1;0;0;0;0;1
19/04/2023;14:54:00;222;Sem vítima;519,270;BR-163/MT;Decrescente;Tombamento;1;1;0;0;0;0;1
19/04/2023;15:47:00;231;Sem vítima;604,833;BR-163/MT;Crescente;Colisão lateral no mesmo sentido;1;1;0;0;0;0;1
19/04/2023;15:48:00;232;Com vítima;813,885;BR-163/MT;Crescente;Colisão traseira;2;1;1;0;0;0;1
19/04/2023;15:54:00;222;Sem vítima;519,000;BR-163/MT;Decrescente;Tombamento;1;1;0;0;0;0;1
19/04/2023;16:25:00;252;Sem vítima;322,803;BR-364/MT;Decrescente;Saída de pista;1;1;0;0;0;0;1
19/04/2023;16:47:00;231;Sem vítima;604,000;BR-163/MT;Crescente;Colisão lateral no mesmo sentido;1;1;0;0;0;0;1
19/04/2023;17:25:00;252;Sem vítima;322,000;BR-364/MT;Decrescente;Saída de pista;1;1;0;0;0;0;1
19/04/2023;17:47:00;261;Sem vítima;524,000;BR-70/MT;Crescente;Acidentes de outra natureza;1;0;0;0;0;0;1
20/04/2023;00:16:00;1;Sem vítima;548,534;BR-364/MT;Decrescente;Tombamento;1;1;0;0;0;0;1
20/04/2023;01:16:00;1;Sem vítima;548,000;BR-364/MT;Decrescente;Tombamento;1;1;0;0;0;0;1
20/04/2023;05:36:00;52;Sem vítima;588,000;BR-364/MT;Crescente;Tombamento;1;0;0;0;0;0;1
20/04/2023;19:13:00;355;Sem vítima;343,326;BR-364/MT;Decrescente;Saída de pista;1;1;0;0;0;0;1
20/04/2023;19:37:00;338;Sem vítima;118,000;BR-163/MT;Crescente;Acidentes de outra natureza;1;0;0;0;0;0;1
20/04/2023;19:56:00;348;Sem vítima;613,000;BR-163/MT;Decrescente;Acidentes de outra natureza;1;0;0;0;0;0;1
20/04/2023;20:13:00;355;Sem vítima;343,000;BR-364/MT;Decrescente;Saída de pista;1;1;0;0;0;0;1
20/04/2023;20:38:00;379;Sem vítima;539,357;BR-364/MT;Decrescente;Colisão lateral no mesmo sentido;1;1;0;0;0;0;1