data;horario;n_da_ocorrencia;tipo_de_ocorrencia;km;trecho;sentido;tipo_de_acidente;caminhao;ilesos;levemente_feridos;moderadamente_feridos;gravemente_feridos;mortos;3
20/04/2023;21:38:00;379;Sem vítima;539,000;BR-364/MT;Decrescente;Colisão lateral no mesmo sentido;1;1;0;0;0;0;1
21/04/2023;14:20:00;252;Sem vítima;737,947;BR-163/MT;Decrescente;Tombamento;1;1;0;0;0;0;1
21/04/2023;15:20:00;252;Sem vítima;737,000;BR-163/MT;Decrescente;Tombamento;1;1;0;0;0;0;1
21/04/2023;15:34:00;277;Sem vítima;540,748;BR-364/MT;Crescente;Saída de pista;1;1;0;0;0;0;1
21/04/2023;16:34:00;277;Sem vítima;540,000;BR-364/MT;Crescente;Saída de pista;1;1;0;0;0;0;1
21/04/2023;23:55:00;393;Sem vítima;298,350;BR-364/MT;Decrescente;Colisão transversal;1;1;0;0;0;0;1
22/04/2023;10:14:00;147;Sem vítima;834,500;BR-163/MT;Crescente;Colisão lateral no mesmo sentido;1;1;0;0;0;0;1
22/04/2023;11:14:00;147;Sem vítima;834,000;BR-163/MT;Crescente;Colisão lateral no mesmo sentido;1;1;0;0;0;0;1
22/04/2023;12:37:00;188;Sem vítima;522,459;BR-163/MT;Crescente;Saída de pista;1;1;0;0;0;0;1
22/04/2023;13:37:00;188;Sem vítima;522,000;BR-163/MT;Crescente;Saída de pista;1;1;0;0;0;0;1
22/04/2023;19:32:00;261;Sem vítima;512,597;BR-70/MT;Decrescente;Colisão traseira;1;1;0;0;0;0;1
22/04/2023;20:32:00;261;Sem vítima;512,000;BR-70/MT;Decrescente;Colisão traseira;1;1;0;0;0;0;1
22/04/2023;22:55:00;280;Com vítima;360,340;BR-364/MT;Decrescente;Tombamento;1;0;1;0;0;0;1
22/04/2023;23:55:00;280;Com vítima;360,000;BR-364/MT;Decrescente;Tombamento;1;0;1;0;0;0;1
23/04/2023;10:56:00;108;Sem vítima;265,000;BR-364/MT;Decrescente;Colisão traseira;1;0;0;0;0;0;1
23/04/2023;11:43:00;137;Sem vítima;347,730;BR-364/MT;Crescente;Saída de pista;1;1;0;0;0;0;1
23/04/2023;12:43:00;137;Sem vítima;347,000;BR-364/MT;Crescente;Saída de pista;1;1;0;0;0;0;1
23/04/2023;23:10:00;306;Sem vítima;542,000;BR-364/MT;Crescente;Acidentes de outra natureza;1;0;0;0;0;0;1
24/04/2023;07:48:00;57;Sem vítima;578,000;BR-163/MT;Decrescente;Colisão lateral no mesmo sentido;1;1;0;0;0;0;1
24/04/2023;10:18:00;130;Com vítima;255,734;BR-364/MT;Crescente;Colisão transversal;1;1;0;0;0;0;1
24/04/2023;10:35:00;137;Sem vítima;831,758;BR-163/MT;Decrescente;Colisão lateral no mesmo sentido;1;1;0;0;0;0;1
24/04/2023;11:18:00;130;Com vítima;255,000;BR-364/MT;Crescente;Colisão transversal;1;1;0;0;0;0;1
24/04/2023;11:35:00;137;Sem vítima;831,000;BR-163/MT;Decrescente;Colisão lateral no mesmo sentido;1;1;0;0;0;0;1
24/04/2023;15:09:00;190;Com vítima;827,000;BR-163/MT;Decrescente;Colisão transversal;1;1;0;0;0;0;1
24/04/2023;18:28:00;237;Sem vítima;668,000;BR-163/MT;Crescente;Colisão traseira;1;0;0;0;0;0;1
25/04/2023;03:00:00;36;Sem vítima;349,228;BR-364/MT;Decrescente;Tombamento;1;1;0;0;0;0;1
25/04/2023;04:00:00;36;Sem vítima;349,000;BR-364/MT;Decrescente;Tombamento;1;1;0;0;0;0;1
25/04/2023;07:46:00;91;Com vítima;541,859;BR-364/MT;Decrescente;Colisão transversal;1;1;0;0;0;0;1
25/04/2023;08:12:00;106;Sem vítima;486,335;BR-364/MT;Decrescente;Colisão traseira;1;1;0;0;0;0;1
25/04/2023;08:17:00;110;Sem vítima;371,591;BR-364/MT;Crescente;Saída de pista;1;1;0;0;0;0;1
25/04/2023;09:12:00;106;Sem vítima;486,000;BR-364/MT;Decrescente;Colisão traseira;1;1;0;0;0;0;1
25/04/2023;09:17:00;110;Sem vítima;371,000;BR-364/MT;Crescente;Saída de pista;1;1;0;0;0;0;1
25/04/2023;14:45:00;257;Sem vítima;513,800;BR-70/MT;Decrescente;Tombamento;1;1;0;0;0;0;1
25/04/2023;15:45:00;257;Sem vítima;513,000;BR-70/MT;Decrescente;Tombamento;1;1;0;0;0;0;1
25/04/2023;19:29:00;343;Sem vítima;668,573;BR-163/MT;Crescente;Colisão traseira;1;1;0;0;0;0;1
25/04/2023;20:29:00;343;Sem vítima;668,000;BR-163/MT;Crescente;Colisão traseira;1;1;0;0;0;0;1
26/04/2023;06:55:00;65;Sem vítima;515,260;BR-70/MT;Crescente;Colisão traseira;1;1;0;0;0;0;1
26/04/2023;07:55:00;65;Sem vítima;515,000;BR-70/MT;Crescente;Colisão traseira;1;1;0;0;0;0;1
26/04/2023;10:06:00;131;Sem vítima;8,501;BR-163/MT;Decrescente;Tombamento;1;1;0;0;0;0;1
26/04/2023;10:22:00;119;Sem vítima;389,000;BR-364/MT;Decrescente;Colisão traseira;1;0;0;0;0;0;1
26/04/2023;11:06:00;131;Sem vítima;8,000;BR-163/MT;Decrescente;Tombamento;1;1;0;0;0;0;1
26/04/2023;14:32:00;207;Sem vítima;638,133;BR-163/MT;Decrescente;Colisão lateral no mesmo sentido;1;1;0;0;0;0;1
26/04/2023;15:30:00;222;Sem vítima;640,100;BR-163/MT;Crescente;Saída de pista;1;1;0;0;0;0;1
26/04/2023;15:32:00;207;Sem vítima;638,000;BR-163/MT;Decrescente;Colisão lateral no mesmo sentido;1;1;0;0;0;0;1
26/04/2023;16:30:00;222;Sem vítima;640,000;BR-163/MT;Crescente;Saída de pista;1;1;0;0;0;0;1
26/04/2023;16:58:00;239;Sem vítima;840,101;BR-163/MT;Crescente;Engavetamento;1;1;0;0;0;0;1
26/04/2023;19:48:00;266;Sem vítima;504,000;BR-70/MT;Decrescente;Colisão traseira;1;0;0;0;0;0;1
27/04/2023;04:22:00;31;Sem vítima;493,221;BR-364/MT;Decrescente;Colisão traseira;1;1;0;0;0;0;1
27/04/2023;06:47:00;64;Sem vítima;435,571;BR-364/MT;Crescente;Choque;1;1;0;0;0;0;1
27/04/2023;07:47:00;64;Sem vítima;435,000;BR-364/MT;Crescente;Choque;1;1;0;0;0;0;1
27/04/2023;12:00:00;179;Sem vítima;586,319;BR-163/MT;Crescente;Colisão traseira;1;1;0;0;0;0;1
27/04/2023;12:28:00;188;Com vítima;487,911;BR-364/MT;Decrescente;Colisão traseira;1;1;0;0;0;0;1
27/04/2023;13:03:00;189;Sem vítima;378,000;BR-364/MT;Crescente;Saída de pista;1;1;0;0;0;0;1
27/04/2023;13:28:00;188;Com vítima;487,000;BR-364/MT;Decrescente;Colisão traseira;1;1;0;0;0;0;1
27/04/2023;14:11:00;216;Sem vítima;603,112;BR-163/MT;Crescente;Colisão traseira;2;2;0;0;0;0;1
27/04/2023;15:11:00;216;Sem vítima;603,000;BR-163/MT;Crescente;Colisão traseira;1;1;0;0;0;0;1
27/04/2023;16:31:00;253;Sem vítima;402,363;BR-364/MT;Decrescente;Tombamento;1;1;0;0;0;0;1
27/04/2023;17:31:00;253;Sem vítima;402,000;BR-364/MT;Decrescente;Tombamento;1;1;0;0;0;0;1
28/04/2023;00:31:00;3;Sem vítima;349,340;BR-364/MT;Crescente;Tombamento;1;1;0;0;0;0;1
28/04/2023;00:55:00;345;Sem vítima;579,000;BR-364/MT;Decrescente;Choque;1;1;0;0;0;0;1
28/04/2023;01:31:00;3;Sem vítima;349,000;BR-364/MT;Crescente;Tombamento;1;1;0;0;0;0;1
28/04/2023;04:44:00;28;Sem vítima;601,193;BR-163/MT;Crescente;Tombamento;1;1;0;0;0;0;1
28/04/2023;05:44:00;28;Sem vítima;601,000;BR-163/MT;Crescente;Tombamento;1;1;0;0;0;0;1
28/04/2023;06:28:00;57;Sem vítima;202,802;BR-364/MT;Decrescente;Colisão traseira;1;1;0;0;0;0;1
28/04/2023;07:08:00;74;Sem vítima;273,500;BR-364/MT;Crescente;Colisão traseira;1;1;0;0;0;0;1
28/04/2023;08:08:00;74;Sem vítima;273,000;BR-364/MT;Crescente;Colisão traseira;1;1;0;0;0;0;1
28/04/2023;10:36:00;173;Sem vítima;106,982;BR-163/MT;Decrescente;Colisão traseira;1;1;0;0;0;0;1
28/04/2023;11:36:00;173;Sem vítima;106,000;BR-163/MT;Decrescente;Colisão traseira;1;1;0;0;0;0;1
28/04/2023;15:44:00;300;Sem vítima;436,662;BR-364/MT;Decrescente;Colisão transversal;1;1;0;0;0;0;1
28/04/2023;15:48:00;302;Sem vítima;514,308;BR-70/MT;Decrescente;Colisão transversal;1;1;0;0;0;0;1
28/04/2023;19:32:00;364;Sem vítima;399,959;BR-364/MT;Decrescente;Saída de pista;1;1;0;0;0;0;1
28/04/2023;20:32:00;364;Sem vítima;399,000;BR-364/MT;Decrescente;Saída de pista;1;1;0;0;0;0;1
29/04/2023;10:35:00;143;Com vítima;284,596;BR-364/MT;Decrescente;Capotamento;1;0;0;1;0;0;2
29/04/2023;10:53:00;153;Sem vítima;816,587;BR-163/MT;Decrescente;Colisão transversal;1;1;0;0;0;0;1
29/04/2023;16:01:00;246;Sem vítima;603,612;BR-163/MT;Decrescente;Colisão transversal;1;1;0;0;0;0;1
29/04/2023;16:30:00;257;Sem vítima;458,761;BR-364/MT;Crescente;Saída de pista;1;1;0;0;0;0;1
29/04/2023;17:01:00;246;Sem vítima;603,000;BR-163/MT;Decrescente;Colisão transversal;1;1;0;0;0;0;1
29/04/2023;17:30:00;257;Sem vítima;458,000;BR-364/MT;Crescente;Saída de pista;1;1;0;0;0;0;1
29/04/2023;17:40:00;279;Sem vítima;578,457;BR-163/MT;Decrescente;Saída de pista;1;1;0;0;0;0;1
29/04/2023;18:40:00;279;Sem vítima;578,000;BR-163/MT;Decrescente;Saída de pista;1;1;0;0;0;0;1
29/04/2023;18:54:00;283;Sem vítima;602,000;BR-163/MT;Decrescente;Acidentes de outra natureza;1;0;0;0;0;0;1
30/04/2023;05:05:00;51;Com vítima;837,208;BR-163/MT;Decrescente;Choque;1;1;0;0;0;0;1
30/04/2023;06:05:00;51;Com vítima;837,000;BR-163/MT;Decrescente;Choque;1;1;0;0;0;0;1
30/04/2023;08:00:00;78;Sem vítima;644,133;BR-163/MT;Crescente;Colisão lateral no mesmo sentido;1;1;0;0;0;0;1
30/04/2023;09:00:00;78;Sem vítima;644,000;BR-163/MT;Crescente;Colisão lateral no mesmo sentido;1;1;0;0;0;0;1
30/04/2023;13:01:00;140;Sem vítima;517,000;BR-70/MT;Crescente;Acidentes de outra natureza;1;0;0;0;0;0;1
01/05/2023;01:34:00;13;Sem vítima;264,331;BR-364/MT;Crescente;Saída de pista;1;1;0;0;0;0;1
01/05/2023;02:34:00;13;Sem vítima;264,000;BR-364/MT;Crescente;Saída de pista;1;1;0;0;0;0;1
01/05/2023;05:02:00;44;Com vítima;115,165;BR-163/MT;Crescente;Colisão lateral no mesmo sentido;1;0;1;0;0;0;1
01/05/2023;06:02:00;44;Com vítima;115,000;BR-163/MT;Crescente;Colisão lateral no mesmo sentido;1;0;1;0;0;0;1
01/05/2023;16:17:00;252;Sem vítima;684,673;BR-163/MT;Crescente;Colisão traseira;1;1;0;0;0;0;1
01/05/2023;17:17:00;252;Sem vítima;684,000;BR-163/MT;Crescente;Colisão traseira;1;1;0;0;0;0;1
01/05/2023;22:14:00;332;Sem vítima;116,000;BR-163/MT;Decrescente;Saída de pista;1;0;0;0;0;0;1
02/05/2023;08:21:00;79;Sem vítima;827,000;BR-163/MT;Decrescente;Acidentes de outra natureza;1;0;0;0;0;0;1
02/05/2023;08:38:00;109;Sem vítima;847,765;BR-163/MT;Crescente;Colisão traseira;1;1;0;0;0;0;1
02/05/2023;09:38:00;109;Sem vítima;847,000;BR-163/MT;Crescente;Colisão traseira;1;1;0;0;0;0;1
02/05/2023;19:36:00;279;Sem vítima;628,726;BR-163/MT;Crescente;Colisão lateral no mesmo sentido;1;2;0;0;0;0;1
02/05/2023;20:36:00;279;Sem vítima;628,000;BR-163/MT;Crescente;Colisão lateral no mesmo sentido;1;1;0;0;0;0;1
02/05/2023;21:21:00;295;Sem vítima;616,580;BR-163/MT;Crescente;Saída de pista;1;1;0;0;0;0;1
02/05/2023;22:21:00;295;Sem vítima;616,000;BR-163/MT;Crescente;Saída de pista;1;1;0;0;0;0;1
03/05/2023;01:00:00;346;Sem vítima;245,000;BR-364/MT;Decrescente;Colisão lateral no mesmo sentido;1;1;0;0;0;0;1
03/05/2023;16:54:00;293;Sem vítima;119,717;BR-163/MT;Crescente;Colisão lateral no mesmo sentido;1;2;0;0;0;0;1
03/05/2023;19:24:00;325;Sem vítima;487,785;BR-364/MT;Crescente;Saída de pista;1;1;0;0;0;0;1
03/05/2023;20:24:00;325;Sem vítima;487,000;BR-364/MT;Crescente;Saída de pista;1;1;0;0;0;0;1
03/05/2023;23:37:00;354;Com vítima;555,179;BR-163/MT;Decrescente;Tombamento;1;0;1;0;0;0;1
04/05/2023;08:54:00;101;Sem vítima;522,508;BR-70/MT;Crescente;Colisão traseira;1;1;0;0;0;0;1
04/05/2023;08:57:00;103;Sem vítima;507,815;BR-163/MT;Crescente;Engavetamento;1;1;0;0;0;0;1
04/05/2023;09:54:00;101;Sem vítima;522,000;BR-70/MT;Crescente;Colisão traseira;1;1;0;0;0;0;1
04/05/2023;14:26:00;195;Sem vítima;527,141;BR-163/MT;Decrescente;Colisão traseira;1;2;0;0;0;0;1
04/05/2023;15:26:00;195;Sem vítima;527,000;BR-163/MT;Decrescente;Colisão traseira;1;1;0;0;0;0;1
05/05/2023;04:28:00;30;Sem vítima;312,305;BR-364/MT;Crescente;Engavetamento;1;2;0;0;0;0;1
05/05/2023;05:28:00;30;Sem vítima;312,000;BR-364/MT;Crescente;Engavetamento;1;1;0;0;0;0;1
05/05/2023;09:58:00;121;Com vítima;63,779;BR-163/MT;Decrescente;Tombamento;1;0;1;0;0;0;1
05/05/2023;10:58:00;121;Com vítima;63,000;BR-163/MT;Decrescente;Tombamento;1;0;1;0;0;0;1
05/05/2023;11:00:00;123;Sem vítima;40,000;BR-163/MT;Decrescente;Acidentes de outra natureza;1;0;0;0;0;0;1
05/05/2023;15:46:00;227;Sem vítima;663,194;BR-163/MT;Decrescente;Colisão lateral no mesmo sentido;1;1;0;0;0;0;1
05/05/2023;16:46:00;227;Sem vítima;663,000;BR-163/MT;Decrescente;Colisão lateral no mesmo sentido;1;1;0;0;0;0;1
05/05/2023;19:00:00;289;Sem vítima;546,587;BR-364/MT;Decrescente;Acidentes de outra natureza;1;1;0;0;0;0;1
05/05/2023;20:00:00;289;Sem vítima;546,000;BR-364/MT;Decrescente;Acidentes de outra natureza;1;1;0;0;0;0;1
06/05/2023;14:54:00;224;Sem vítima;753,938;BR-163/MT;Decrescente;Colisão traseira;1;1;0;0;0;0;1
06/05/2023;15:54:00;224;Sem vítima;753,000;BR-163/MT;Decrescente;Colisão traseira;1;1;0;0;0;0;1
06/05/2023;16:57:00;256;Com vítima;744,580;BR-163/MT;Crescente;Colisão frontal;1;1;0;0;0;0;1
06/05/2023;17:57:00;256;Com vítima;744,000;BR-163/MT;Crescente;Colisão frontal;1;1;0;0;0;0;1
06/05/2023;19:54:00;285;Sem vítima;202,000;BR-364/MT;Crescente;Acidentes de outra natureza;1;0;0;0;0;0;1
06/05/2023;22:36:00;323;Com vítima;497,979;BR-364/MT;Decrescente;Choque;1;1;0;0;0;0;1
07/05/2023;10:13:00;93;Sem vítima;827,000;BR-163/MT;Decrescente;Acidentes de outra natureza;1;0;0;0;0;0;1
07/05/2023;11:07:00;121;Com vítima;543,619;BR-163/MT;Crescente;Colisão lateral no mesmo sentido;1;1;0;0;0;0;1
07/05/2023;12:07:00;121;Com vítima;543,000;BR-163/MT;Crescente;Colisão lateral no mesmo sentido;1;1;0;0;0;0;1
08/05/2023;10:45:00;128;Sem vítima;579,000;BR-364/MT;Crescente;Colisão traseira;1;1;0;0;0;0;1
08/05/2023;12:30:00;168;Sem vítima;524,000;BR-163/MT;Decrescente;Colisão traseira;1;1;0;0;0;0;1
09/05/2023;03:18:00;31;Sem vítima;539,000;BR-163/MT;Decrescente;Saída de pista;1;0;0;0;0;0;1
09/05/2023;05:58:00;36;Sem vítima;648,000;BR-163/MT;Crescente;Colisão lateral no mesmo sentido;1;1;0;0;0;0;1
09/05/2023;06:48:00;40;Com vítima;273,000;BR-364/MT;Crescente;Tombamento;1;0;1;0;0;0;1
09/05/2023;10:02:00;90;Sem vítima;678,000;BR-163/MT;Decrescente;Colisão lateral no mesmo sentido;1;1;0;0;0;0;1
09/05/2023;10:20:00;95;Sem vítima;214,000;BR-364/MT;Crescente;Colisão traseira;1;1;0;0;0;0;1
09/05/2023;15:02:00;190;Sem vítima;203,000;BR-364/MT;Crescente;Colisão traseira;1;1;0;0;0;0;1
09/05/2023;19:13:00;245;Sem vítima;509,000;BR-163/MT;Decrescente;Colisão traseira;1;0;0;0;0;0;1
09/05/2023;19:22:00;247;Sem vítima;509,000;BR-70/MT;Decrescente;Colisão traseira;1;1;0;0;0;0;1
10/05/2023;06:21:00;50;Sem vítima;549,000;BR-163/MT;Crescente;Tombamento;1;1;0;0;0;0;1
10/05/2023;12:48:00;167;Sem vítima;551,000;BR-163/MT;Crescente;Saída de pista;1;1;0;0;0;0;1
10/05/2023;23:06:00;320;Sem vítima;559,000;BR-163/MT;Crescente;Tombamento;1;1;0;0;0;0;1
11/05/2023;10:31:00;132;Sem vítima;766,000;BR-163/MT;Decrescente;Colisão traseira;1;1;0;0;0;0;1
11/05/2023;21:39:00;299;Sem vítima;271,000;BR-364/MT;Decrescente;Choque;1;1;0;0;0;0;1
11/05/2023;23:00:00;306;Sem vítima;276,000;BR-364/MT;Decrescente;Choque;1;1;0;0;0;0;1
13/05/2023;19:57:00;302;Sem vítima;844,000;BR-163/MT;Crescente;Colisão traseira;1;0;0;0;0;0;1
14/05/2023;14:01:00;147;Com vítima;598,000;BR-163/MT;Decrescente;Colisão transversal;1;1;0;0;0;0;1
14/05/2023;16:42:00;189;Sem vítima;559,000;BR-163/MT;Crescente;Tombamento;1;1;0;0;0;0;1
14/05/2023;16:59:00;197;Sem vítima;559,000;BR-163/MT;Decrescente;Saída de pista;1;1;0;0;0;0;1
14/05/2023;17:04:00;199;Sem vítima;274,000;BR-364/MT;Crescente;Colisão traseira;1;1;0;0;0;0;1
15/05/2023;17:56:00;232;Sem vítima;832,000;BR-163/MT;Decrescente;Colisão lateral no mesmo sentido;1;1;0;0;0;0;1
16/05/2023;10:00:00;95;Sem vítima;766,000;BR-163/MT;Crescente;Acidentes de outra natureza;1;0;0;0;0;0;1
16/05/2023;13:47:00;155;Sem vítima;598,000;BR-163/MT;Crescente;Colisão lateral no mesmo sentido;1;1;0;0;0;0;1
16/05/2023;17:47:00;223;Com vítima;515,000;BR-70/MT;Crescente;Colisão transversal;1;0;1;0;0;0;1
17/05/2023;08:46:00;73;Sem vítima;557,000;BR-163/MT;Crescente;Engavetamento;1;1;0;0;0;0;1
17/05/2023;09:57:00;103;Sem vítima;204,000;BR-364/MT;Decrescente;Colisão traseira;1;0;0;0;0;0;1
17/05/2023;16:09:00;222;Sem vítima;766,000;BR-163/MT;Crescente;Colisão traseira;1;1;0;0;0;0;1
18/05/2023;09:45:00;129;Sem vítima;854,000;BR-163/MT;Crescente;Colisão transversal;1;1;0;0;0;0;1
18/05/2023;11:04:00;166;Sem vítima;330,000;BR-364/MT;Crescente;Saída de pista;1;1;0;0;0;0;1
18/05/2023;16:15:00;271;Sem vítima;644,000;BR-163/MT;Crescente;Acidentes de outra natureza;1;0;0;0;0;0;1
18/05/2023;16:17:00;272;Sem vítima;579,000;BR-364/MT;Crescente;Acidentes de outra natureza;1;0;0;0;0;0;1
18/05/2023;18:36:00;328;Sem vítima;204,000;BR-364/MT;Decrescente;Acidentes de outra natureza;1;0;0;0;0;0;1
19/05/2023;05:37:00;54;Sem vítima;518,000;BR-163/MT;Decrescente;Saída de pista;1;1;0;0;0;0;1
19/05/2023;15:11:00;216;Sem vítima;639,000;BR-163/MT;Crescente;Colisão traseira;1;1;0;0;0;0;1
19/05/2023;15:54:00;225;Sem vítima;517,000;BR-364/MT;Decrescente;Tombamento;1;1;0;0;0;0;1
19/05/2023;15:56:00;230;Sem vítima;517,000;BR-364/MT;Decrescente;Tombamento;1;0;0;0;0;0;1
19/05/2023;17:23:00;268;Sem vítima;113,000;BR-163/MT;Decrescente;Acidentes de outra natureza;1;0;0;0;0;0;1
19/05/2023;20:40:00;323;Sem vítima;118,000;BR-163/MT;Crescente;Colisão traseira;1;1;0;0;0;0;1
20/05/2023;01:00:00;272;Sem vítima;398,000;BR-364/MT;Decrescente;Tombamento;1;0;0;0;0;0;1
20/05/2023;11:02:00;126;Sem vítima;475,000;BR-364/MT;Crescente;Acidentes de outra natureza;1;0;0;0;0;0;1
20/05/2023;17:12:00;215;Sem vítima;397,000;BR-364/MT;Crescente;Colisão lateral no mesmo sentido;1;1;0;0;0;0;1
21/05/2023;07:16:00;45;Sem vítima;487,000;BR-364/MT;Decrescente;Engavetamento;1;1;0;0;0;0;1
22/05/2023;05:45:00;46;Com vítima;116,000;BR-163/MT;Decrescente;Colisão traseira;1;1;0;0;0;0;1
23/05/2023;16:15:00;262;Sem vítima;346,000;BR-364/MT;Decrescente;Colisão lateral no mesmo sentido;1;1;0;0;0;0;1
23/05/2023;17:01:00;273;Sem vítima;205,000;BR-364/MT;Crescente;Engavetamento;1;1;0;0;0;0;1
23/05/2023;17:10:00;275;Sem vítima;116,000;BR-163/MT;Crescente;Acidentes de outra natureza;1;0;0;0;0;0;1
23/05/2023;18:12:00;291;Com vítima;435,000;BR-364/MT;Crescente;Colisão transversal;1;1;0;0;0;0;1
23/05/2023;20:56:00;332;Sem vítima;271,000;BR-364/MT;Crescente;Colisão transversal;1;1;0;0;0;0;1
23/05/2023;21:35:00;338;Sem vítima;516,000;BR-70/MT;Decrescente;Colisão traseira;1;0;0;0;0;0;1
24/05/2023;06:53:00;44;Sem vítima;284,000;BR-364/MT;Crescente;Colisão lateral no mesmo sentido;1;1;0;0;0;0;1
24/05/2023;08:24:00;68;Sem vítima;831,000;BR-163/MT;Decrescente;Acidentes de outra natureza;1;0;0;0;0;0;1
24/05/2023;13:53:00;194;Sem vítima;656,000;BR-163/MT;Crescente;Tombamento;1;0;0;0;0;0;1
24/05/2023;15:55:00;235;Sem vítima;773,000;BR-163/MT;Crescente;Engavetamento;1;1;0;0;0;0;1
25/05/2023;07:54:00;62;Com vítima;603,000;BR-163/MT;Crescente;Colisão transversal;1;1;0;0;0;0;1
25/05/2023;08:43:00;77;Sem vítima;269,000;BR-364/MT;Decrescente;Colisão traseira;1;1;0;0;0;0;1
25/05/2023;19:56:00;344;Sem vítima;440,000;BR-364/MT;Crescente;Acidentes de outra natureza;1;0;0;0;0;0;1
25/05/2023;20:50:00;359;Sem vítima;562,000;BR-364/MT;Decrescente;Colisão lateral no mesmo sentido;1;1;0;0;0;0;1
26/05/2023;05:27:00;44;Sem vítima;356,000;BR-364/MT;Decrescente;Choque;1;1;0;0;0;0;1
26/05/2023;11:08:00;141;Sem vítima;540,000;BR-364/MT;Crescente;Acidentes de outra natureza;1;0;0;0;0;0;1
26/05/2023;12:46:00;180;Sem vítima;512,000;BR-70/MT;Crescente;Acidentes de outra natureza;1;0;0;0;0;0;1
26/05/2023;18:57:00;294;Com vítima;786,000;BR-163/MT;Crescente;Colisão traseira;1;1;0;0;0;0;1
26/05/2023;19:01:00;296;Sem vítima;275,000;BR-364/MT;Decrescente;Colisão lateral no mesmo sentido;1;1;0;0;0;0;1
26/05/2023;20:08:00;312;Sem vítima;569,000;BR-364/MT;Decrescente;Acidentes de outra natureza;1;0;0;0;0;0;1
26/05/2023;20:14:00;314;Sem vítima;709,000;BR-163/MT;Crescente;Colisão lateral no mesmo sentido;1;1;0;0;0;0;1
27/05/2023;09:33:00;122;Sem vítima;570,000;BR-163/MT;Decrescente;Colisão lateral no mesmo sentido;1;1;0;0;0;0;1
27/05/2023;11:03:00;158;Sem vítima;666,000;BR-163/MT;Decrescente;Colisão lateral no mesmo sentido;1;1;0;0;0;0;1
27/05/2023;11:36:00;171;Sem vítima;487,000;BR-364/MT;Decrescente;Colisão traseira;1;1;0;0;0;0;1
27/05/2023;11:44:00;173;Sem vítima;768,000;BR-163/MT;Decrescente;Engavetamento;1;1;0;0;0;0;1
27/05/2023;14:23:00;224;Sem vítima;603,000;BR-163/MT;Crescente;Colisão lateral no mesmo sentido;1;1;0;0;0;0;1
27/05/2023;19:21:00;309;Sem vítima;380,000;BR-364/MT;Decrescente;Saída de pista;1;1;0;0;0;0;1
28/05/2023;00:04:00;353;Com vítima;116,000;BR-163/MT;Crescente;Colisão traseira;1;1;0;0;0;0;1
28/05/2023;16:50:00;233;Sem vítima;538,000;BR-364/MT;Crescente;Saída de pista;1;1;0;0;0;0;1
28/05/2023;20:51:00;296;Sem vítima;440,000;BR-364/MT;Decrescente;Colisão lateral no mesmo sentido;1;1;0;0;0;0;1
29/05/2023;12:03:00;149;Sem vítima;506,000;BR-70/MT;Crescente;Colisão traseira;1;1;0;0;0;0;1
29/05/2023;17:48:00;236;Sem vítima;353,000;BR-364/MT;Crescente;Acidentes de outra natureza;1;0;0;0;0;0;1
29/05/2023;19:13:00;250;Sem vítima;518,000;BR-70/MT;Crescente;Acidentes de outra natureza;1;0;0;0;0;0;1
29/05/2023;20:47:00;274;Sem vítima;519,000;BR-70/MT;Decrescente;Acidentes de outra natureza;1;0;0;0;0;0;1
30/05/2023;07:38:00;61;Sem vítima;498,000;BR-364/MT;Crescente;Tombamento;1;1;0;0;0;0;1
30/05/2023;16:00:00;234;Sem vítima;611,000;BR-163/MT;Decrescente;Tombamento;1;1;0;0;0;0;1
30/05/2023;16:28:00;241;Sem vítima;348,000;BR-364/MT;Crescente;Saída de pista;1;1;0;0;0;0;1
30/05/2023;16:47:00;245;Sem vítima;588,000;BR-163/MT;Crescente;Acidentes de outra natureza;1;0;0;0;0;0;1
30/05/2023;19:04:00;281;Sem vítima;833,000;BR-163/MT;Crescente;Colisão lateral no mesmo sentido;1;1;0;0;0;0;1