data;horario;n_da_ocorrencia;tipo_de_ocorrencia;km;trecho;sentido;tipo_de_acidente;caminhao;ilesos;levemente_feridos;moderadamente_feridos;gravemente_feridos;mortos;3
30/05/2023;19:06:00;283;Sem vítima;507,000;BR-364/MT;Decrescente;Saída de pista;1;1;0;0;0;0;1
30/05/2023;19:20:00;286;Sem vítima;816,000;BR-163/MT;Crescente;Acidentes de outra natureza;1;0;0;0;0;0;1
30/05/2023;19:45:00;293;Sem vítima;498,000;BR-70/MT;Decrescente;Saída de pista;1;1;0;0;0;0;1
30/05/2023;20:01:00;298;Sem vítima;603,000;BR-163/MT;Crescente;Saída de pista;1;1;0;0;0;0;1
30/05/2023;20:20:00;299;Sem vítima;474,000;BR-364/MT;Decrescente;Saída de pista;1;1;0;0;0;0;1
31/05/2023;12:55:00;167;Sem vítima;347,000;BR-364/MT;Crescente;Tombamento;1;1;0;0;0;0;1
31/05/2023;13:15:00;174;Sem vítima;651,000;BR-163/MT;Decrescente;Colisão traseira;1;1;0;0;0;0;1
31/05/2023;17:54:00;266;Sem vítima;347,000;BR-364/MT;Crescente;Saída de pista;1;1;0;0;0;0;1
01/06/2023;08:51:00;83;Sem vítima;203,000;BR-364/MT;Decrescente;Acidentes de outra natureza;1;0;0;0;0;0;1
01/06/2023;09:45:00;108;Sem vítima;844,000;BR-163/MT;Crescente;Acidentes de outra natureza;1;0;0;0;0;0;1
01/06/2023;12:46:00;199;Sem vítima;766,000;BR-163/MT;Crescente;Colisão traseira;1;1;0;0;0;0;1
01/06/2023;15:07:00;247;Sem vítima;644,000;BR-163/MT;Decrescente;Colisão traseira;1;1;0;0;0;0;1
01/06/2023;15:37:00;260;Sem vítima;349,000;BR-364/MT;Crescente;Acidentes de outra natureza;1;0;0;0;0;0;1
01/06/2023;20:38:00;343;Sem vítima;537,000;BR-364/MT;Crescente;Colisão traseira;1;1;0;0;0;0;1
01/06/2023;23:34:00;364;Com vítima;811,000;BR-163/MT;Crescente;Tombamento;1;0;1;0;0;0;1
02/06/2023;12:36:00;163;Sem vítima;687,000;BR-163/MT;Decrescente;Saída de pista;1;1;0;0;0;0;1
02/06/2023;13:33:00;185;Sem vítima;275,000;BR-364/MT;Crescente;Colisão lateral no mesmo sentido;1;1;0;0;0;0;1
02/06/2023;15:14:00;226;Sem vítima;514,000;BR-70/MT;Decrescente;Acidentes de outra natureza;1;0;0;0;0;0;1
02/06/2023;15:55:00;241;Sem vítima;648,000;BR-163/MT;Crescente;Colisão traseira;1;1;0;0;0;0;1
02/06/2023;17:08:00;274;Sem vítima;203,000;BR-364/MT;Decrescente;Colisão traseira;1;1;0;0;0;0;1
03/06/2023;06:53:00;61;Sem vítima;549,000;BR-163/MT;Decrescente;Tombamento;1;1;0;0;0;0;1
03/06/2023;07:48:00;71;Sem vítima;501,000;BR-364/MT;Crescente;Colisão lateral no mesmo sentido;1;1;0;0;0;0;1
03/06/2023;08:07:00;82;Sem vítima;598,000;BR-163/MT;Crescente;Colisão lateral no mesmo sentido;1;1;0;0;0;0;1
03/06/2023;11:41:00;147;Sem vítima;342,000;BR-364/MT;Crescente;Tombamento;1;1;0;0;0;0;1
03/06/2023;15:43:00;203;Sem vítima;522,000;BR-364/MT;Decrescente;Tombamento;1;1;0;0;0;0;1
03/06/2023;17:16:00;228;Sem vítima;547,000;BR-364/MT;Crescente;Saída de pista;1;1;0;0;0;0;1
04/06/2023;09:15:00;104;Sem vítima;350,000;BR-364/MT;Crescente;Colisão lateral no mesmo sentido;1;1;0;0;0;0;1
04/06/2023;15:38:00;204;Sem vítima;854,000;BR-163/MT;Decrescente;Colisão transversal;1;1;0;0;0;0;1
05/06/2023;09:21:00;106;Sem vítima;512,000;BR-70/MT;Decrescente;Colisão traseira;1;1;0;0;0;0;1
05/06/2023;14:37:00;221;Sem vítima;493,000;BR-364/MT;Crescente;Colisão traseira;1;1;0;0;0;0;1
05/06/2023;17:12:00;268;Sem vítima;841,000;BR-163/MT;Crescente;Colisão transversal;1;1;0;0;0;0;1
06/06/2023;08:27:00;82;Sem vítima;303,000;BR-364/MT;Crescente;Saída de pista;1;1;0;0;0;0;1
06/06/2023;13:00:00;204;Sem vítima;119,000;BR-163/MT;Crescente;Acidentes de outra natureza;1;0;0;0;0;0;1
06/06/2023;16:48:00;287;Sem vítima;549,000;BR-163/MT;Crescente;Saída de pista;1;1;0;0;0;0;1
06/06/2023;17:28:00;302;Sem vítima;469,000;BR-364/MT;Decrescente;Colisão traseira;1;1;0;0;0;0;1
06/06/2023;17:30:00;303;Sem vítima;117,000;BR-163/MT;Decrescente;Colisão lateral no mesmo sentido;1;1;0;0;0;0;1
07/06/2023;02:04:00;11;Sem vítima;335,000;BR-364/MT;Decrescente;Saída de pista;1;1;0;0;0;0;1
07/06/2023;15:59:00;232;Sem vítima;367,000;BR-364/MT;Crescente;Saída de pista;1;1;0;0;0;0;1
07/06/2023;17:03:00;248;Sem vítima;496,000;BR-364/MT;Crescente;Saída de pista;1;1;0;0;0;0;1
07/06/2023;17:21:00;254;Sem vítima;795,000;BR-163/MT;Decrescente;Colisão lateral no mesmo sentido;1;1;0;0;0;0;1
07/06/2023;17:22:00;255;Sem vítima;518,000;BR-364/MT;Crescente;Saída de pista;1;1;0;0;0;0;1
07/06/2023;17:59:00;271;Sem vítima;271,000;BR-364/MT;Decrescente;Colisão lateral no mesmo sentido;1;1;0;0;0;0;1
07/06/2023;21:35:00;324;Sem vítima;350,000;BR-364/MT;Crescente;Tombamento;1;0;0;0;0;0;1
07/06/2023;23:25:00;344;Sem vítima;601,000;BR-163/MT;Crescente;Saída de pista;1;1;0;0;0;0;1
08/06/2023;01:35:00;5;Sem vítima;602,000;BR-163/MT;Crescente;Colisão lateral no mesmo sentido;1;1;0;0;0;0;1
08/06/2023;02:13:00;11;Sem vítima;832,000;BR-163/MT;Crescente;Colisão lateral no mesmo sentido;1;1;0;0;0;0;1
08/06/2023;03:35:00;29;Sem vítima;241,000;BR-364/MT;Decrescente;Tombamento;1;1;0;0;0;0;1
08/06/2023;06:33:00;59;Sem vítima;601,000;BR-163/MT;Decrescente;Tombamento;1;1;0;0;0;0;1
08/06/2023;11:05:00;162;Sem vítima;496,000;BR-364/MT;Decrescente;Colisão traseira;1;1;0;0;0;0;1
08/06/2023;12:26:00;207;Sem vítima;782,000;BR-163/MT;Decrescente;Colisão traseira;1;1;0;0;0;0;1
08/06/2023;16:15:00;277;Sem vítima;496,000;BR-364/MT;Decrescente;Engavetamento;1;1;0;0;0;0;1
08/06/2023;19:44:00;345;Sem vítima;811,000;BR-163/MT;Crescente;Colisão lateral no mesmo sentido;1;1;0;0;0;0;1
09/06/2023;19:01:00;332;Sem vítima;259,000;BR-364/MT;Crescente;Colisão lateral no mesmo sentido;1;1;0;0;0;0;1
09/06/2023;20:26:00;348;Sem vítima;504,000;BR-70/MT;Crescente;Colisão traseira;1;0;0;0;0;0;1
09/06/2023;22:00:00;371;Sem vítima;513,000;BR-70/MT;Crescente;Colisão transversal;1;1;0;0;0;0;1
10/06/2023;10:49:00;124;Sem vítima;571,000;BR-163/MT;Decrescente;Saída de pista;1;1;0;0;0;0;1
10/06/2023;15:07:00;206;Com vítima;834,000;BR-163/MT;Decrescente;Colisão transversal;1;1;0;0;0;0;1
11/06/2023;13:10:00;154;Sem vítima;763,000;BR-163/MT;Crescente;Colisão lateral no mesmo sentido;1;1;0;0;0;0;1
11/06/2023;14:39:00;170;Sem vítima;529,000;BR-163/MT;Crescente;Acidentes de outra natureza;1;0;0;0;0;0;1
12/06/2023;08:42:00;102;Sem vítima;523,000;BR-364/MT;Decrescente;Tombamento;1;1;0;0;0;0;1
12/06/2023;15:15:00;253;Sem vítima;629,000;BR-163/MT;Decrescente;Colisão frontal;1;1;0;0;0;0;1
12/06/2023;15:31:00;259;Sem vítima;50,000;BR-163/MT;Decrescente;Tombamento;1;1;0;0;0;0;1
12/06/2023;17:15:00;292;Sem vítima;589,000;BR-163/MT;Decrescente;Colisão lateral no mesmo sentido;1;1;0;0;0;0;1
12/06/2023;18:30:00;307;Com vítima;542,000;BR-163/MT;Decrescente;Tombamento;1;0;0;1;0;0;2
13/06/2023;10:58:00;144;Sem vítima;349,000;BR-364/MT;Crescente;Saída de pista;1;1;0;0;0;0;1
13/06/2023;14:15:00;231;Sem vítima;486,000;BR-364/MT;Crescente;Saída de pista;1;1;0;0;0;0;1
13/06/2023;14:17:00;232;Sem vítima;496,000;BR-364/MT;Decrescente;Acidentes de outra natureza;1;0;0;0;0;0;1
13/06/2023;19:44:00;320;Com vítima;711,000;BR-163/MT;Crescente;Colisão frontal;1;1;0;0;0;0;1
13/06/2023;21:05:00;337;Sem vítima;503,000;BR-70/MT;Crescente;Acidentes de outra natureza;1;0;0;0;0;0;1
14/06/2023;10:24:00;116;Sem vítima;575,000;BR-364/MT;Decrescente;Colisão lateral no mesmo sentido;1;1;0;0;0;0;1
14/06/2023;10:46:00;128;Sem vítima;493,000;BR-364/MT;Crescente;Colisão traseira;1;1;0;0;0;0;1
14/06/2023;16:18:00;252;Sem vítima;331,000;BR-364/MT;Decrescente;Colisão traseira;1;1;0;0;0;0;1
14/06/2023;19:56:00;339;Sem vítima;506,000;BR-364/MT;Crescente;Colisão frontal;1;0;0;0;0;0;1
15/06/2023;05:55:00;43;Sem vítima;302,000;BR-364/MT;Crescente;Colisão traseira;1;1;0;0;0;0;1
15/06/2023;06:12:00;48;Sem vítima;335,000;BR-364/MT;Decrescente;Saída de pista;1;1;0;0;0;0;1
15/06/2023;10:46:00;128;Sem vítima;628,000;BR-163/MT;Decrescente;Colisão transversal;1;1;0;0;0;0;1
15/06/2023;11:00:00;132;Sem vítima;497,000;BR-364/MT;Decrescente;Saída de pista;1;1;0;0;0;0;1
16/06/2023;12:34:00;185;Sem vítima;522,000;BR-70/MT;Decrescente;Colisão traseira;1;1;0;0;0;0;1
16/06/2023;14:32:00;224;Sem vítima;793,000;BR-163/MT;Crescente;Tombamento;1;1;0;0;0;0;1
16/06/2023;21:55:00;345;Sem vítima;806,000;BR-163/MT;Decrescente;Saída de pista;1;1;0;0;0;0;1
17/06/2023;01:00:00;303;Sem vítima;269,000;BR-364/MT;Decrescente;Colisão transversal;1;0;0;0;0;0;1
17/06/2023;06:30:00;53;Sem vítima;522,000;BR-70/MT;Crescente;Colisão lateral no mesmo sentido;1;0;0;0;0;0;1
17/06/2023;09:14:00;89;Sem vítima;854,000;BR-163/MT;Crescente;Colisão transversal;1;1;0;0;0;0;1
17/06/2023;11:30:00;141;Com vítima;399,000;BR-364/MT;Crescente;Colisão frontal;1;1;0;0;0;0;1
17/06/2023;11:45:00;145;Sem vítima;509,000;BR-364/MT;Decrescente;Colisão traseira;1;1;0;0;0;0;1
17/06/2023;13:21:00;172;Sem vítima;584,000;BR-163/MT;Decrescente;Tombamento;1;1;0;0;0;0;1
17/06/2023;20:14:00;295;Sem vítima;648,000;BR-163/MT;Crescente;Colisão lateral no mesmo sentido;1;1;0;0;0;0;1
18/06/2023;08:11:00;61;Sem vítima;567,000;BR-163/MT;Decrescente;Tombamento;1;1;0;0;0;0;1
18/06/2023;15:15:00;173;Com vítima;737,000;BR-163/MT;Crescente;Colisão traseira;1;1;0;0;0;0;1
19/06/2023;02:14:00;5;Sem vítima;357,000;BR-364/MT;Crescente;Capotamento;1;1;0;0;0;0;1
19/06/2023;08:12:00;65;Sem vítima;202,000;BR-364/MT;Crescente;Colisão traseira;1;1;0;0;0;0;1
19/06/2023;18:24:00;273;Sem vítima;754,000;BR-163/MT;Crescente;Colisão lateral no mesmo sentido;1;1;0;0;0;0;1
20/06/2023;08:25:00;67;Sem vítima;343,000;BR-364/MT;Crescente;Acidentes de outra natureza;1;0;0;0;0;0;1
20/06/2023;08:30:00;68;Sem vítima;352,000;BR-364/MT;Decrescente;Colisão traseira;1;1;0;0;0;0;1
20/06/2023;09:49:00;99;Sem vítima;511,000;BR-70/MT;Crescente;Engavetamento;1;1;0;0;0;0;1
20/06/2023;11:54:00;157;Sem vítima;640,000;BR-163/MT;Crescente;Colisão traseira;1;1;0;0;0;0;1
20/06/2023;13:19:00;176;Sem vítima;499,000;BR-70/MT;Crescente;Colisão traseira;1;1;0;0;0;0;1
20/06/2023;18:03:00;276;Sem vítima;270,000;BR-364/MT;Crescente;Acidentes de outra natureza;1;0;0;0;0;0;1
21/06/2023;10:36:00;138;Sem vítima;484,000;BR-364/MT;Decrescente;Colisão traseira;1;1;0;0;0;0;1
21/06/2023;12:43:00;180;Com vítima;842,000;BR-163/MT;Crescente;Colisão frontal;1;1;0;0;0;0;1
21/06/2023;13:17:00;188;Sem vítima;752,000;BR-163/MT;Decrescente;Colisão lateral no mesmo sentido;1;1;0;0;0;0;1
21/06/2023;13:17:00;189;Sem vítima;825,000;BR-163/MT;Crescente;Acidentes de outra natureza;1;0;0;0;0;0;1
21/06/2023;13:19:00;191;Sem vítima;435,000;BR-364/MT;Crescente;Colisão transversal;1;1;0;0;0;0;1
21/06/2023;16:20:00;264;Sem vítima;826,000;BR-163/MT;Decrescente;Colisão traseira;1;1;0;0;0;0;1
21/06/2023;16:22:00;266;Sem vítima;818,000;BR-163/MT;Decrescente;Tombamento;1;1;0;0;0;0;1
21/06/2023;21:02:00;362;Sem vítima;346,000;BR-364/MT;Crescente;Saída de pista;1;0;0;0;0;0;1
22/06/2023;06:39:00;44;Sem vítima;814,000;BR-163/MT;Crescente;Acidentes de outra natureza;1;0;0;0;0;0;1
22/06/2023;13:09:00;189;Sem vítima;348,000;BR-364/MT;Crescente;Colisão traseira;1;1;0;0;0;0;1
22/06/2023;14:55:00;228;Sem vítima;203,000;BR-364/MT;Decrescente;Colisão traseira;1;0;0;0;0;0;1
22/06/2023;19:14:00;317;Sem vítima;769,000;BR-163/MT;Crescente;Colisão transversal;1;1;0;0;0;0;1
23/06/2023;02:43:00;13;Sem vítima;780,000;BR-163/MT;Decrescente;Colisão traseira;1;1;0;0;0;0;1
23/06/2023;08:25:00;85;Sem vítima;510,000;BR-364/MT;Crescente;Tombamento;1;1;0;0;0;0;1
25/06/2023;08:37:00;83;Sem vítima;636,000;BR-163/MT;Crescente;Colisão lateral no mesmo sentido;1;1;0;0;0;0;1
26/06/2023;16:43:00;259;Sem vítima;511,000;BR-364/MT;Crescente;Choque;1;1;0;0;0;0;1
26/06/2023;17:43:00;279;Sem vítima;852,000;BR-163/MT;Crescente;Colisão traseira;1;1;0;0;0;0;1
26/06/2023;18:47:00;295;Sem vítima;829,000;BR-163/MT;Decrescente;Colisão transversal;1;1;0;0;0;0;1
26/06/2023;18:54:00;299;Sem vítima;493,000;BR-364/MT;Decrescente;Colisão traseira;1;1;0;0;0;0;1
27/06/2023;11:51:00;180;Sem vítima;503,000;BR-70/MT;Crescente;Colisão lateral no mesmo sentido;1;1;0;0;0;0;1
27/06/2023;16:47:00;280;Sem vítima;586,000;BR-163/MT;Crescente;Colisão traseira;1;1;0;0;0;0;1
27/06/2023;18:23:00;321;Sem vítima;831,000;BR-163/MT;Crescente;Engavetamento;1;1;0;0;0;0;1
27/06/2023;21:24:00;364;Sem vítima;283,000;BR-364/MT;Decrescente;Colisão lateral no mesmo sentido;1;1;0;0;0;0;1
28/06/2023;08:29:00;97;Sem vítima;831,000;BR-163/MT;Decrescente;Colisão lateral no mesmo sentido;1;1;0;0;0;0;1
28/06/2023;09:09:00;114;Sem vítima;833,000;BR-163/MT;Decrescente;Colisão lateral no mesmo sentido;1;1;0;0;0;0;1
28/06/2023;09:57:00;137;Sem vítima;547,000;BR-163/MT;Decrescente;Saída de pista;1;1;0;0;0;0;1
28/06/2023;11:22:00;174;Sem vítima;792,000;BR-163/MT;Decrescente;Colisão traseira;1;1;0;0;0;0;1
28/06/2023;11:53:00;189;Sem vítima;848,000;BR-163/MT;Crescente;Engavetamento;1;1;0;0;0;0;1
28/06/2023;16:58:00;275;Sem vítima;633,000;BR-163/MT;Crescente;Saída de pista;1;1;0;0;0;0;1
28/06/2023;23:30:00;356;Sem vítima;605,000;BR-163/MT;Decrescente;Saída de pista;1;1;0;0;0;0;1
29/06/2023;08:47:00;94;Sem vítima;350,000;BR-364/MT;Crescente;Tombamento;1;1;0;0;0;0;1
29/06/2023;08:48:00;95;Sem vítima;350,000;BR-364/MT;Crescente;Tombamento;1;0;0;0;0;0;1
29/06/2023;09:10:00;105;Com vítima;271,000;BR-364/MT;Crescente;Engavetamento;1;1;0;0;0;0;1
29/06/2023;09:58:00;130;Sem vítima;793,000;BR-163/MT;Crescente;Colisão lateral no mesmo sentido;1;0;0;0;0;0;1
29/06/2023;14:29:00;212;Sem vítima;632,000;BR-163/MT;Crescente;Engavetamento;1;0;0;0;0;0;1
01/07/2023;02:28:00;13;Sem vítima;351,000;BR-364/MT;Decrescente;Capotamento;1;1;0;0;0;0;1
01/07/2023;09:29:00;135;Sem vítima;577,000;BR-163/MT;Crescente;Colisão lateral no mesmo sentido;1;1;0;0;0;0;1
02/07/2023;00:18:00;411;Sem vítima;816,000;BR-163/MT;Decrescente;Capotamento;1;1;0;0;0;0;1
02/07/2023;04:15:00;43;Sem vítima;327,000;BR-364/MT;Decrescente;Saída de pista;1;1;0;0;0;0;1
02/07/2023;15:47:00;224;Sem vítima;351,000;BR-364/MT;Crescente;Saída de pista;1;1;0;0;0;0;1
02/07/2023;22:21:00;326;Sem vítima;521,000;BR-70/MT;Crescente;Colisão traseira;1;0;0;0;0;0;1
03/07/2023;09:37:00;103;Com vítima;850,000;BR-163/MT;Crescente;Colisão frontal;1;1;0;0;0;0;1
03/07/2023;18:59:00;276;Com vítima;395,000;BR-364/MT;Crescente;Colisão transversal;1;1;0;0;0;0;1
03/07/2023;19:35:00;285;Sem vítima;117,000;BR-163/MT;Crescente;Colisão transversal;1;1;0;0;0;0;1
03/07/2023;20:26:00;296;Com vítima;602,000;BR-163/MT;Crescente;Colisão lateral no mesmo sentido;1;1;0;0;0;0;1
04/07/2023;16:24:00;236;Sem vítima;523,000;BR-70/MT;Crescente;Engavetamento;1;1;0;0;0;0;1
05/07/2023;09:26:00;114;Sem vítima;635,000;BR-163/MT;Decrescente;Colisão traseira;1;1;0;0;0;0;1
05/07/2023;17:09:00;277;Sem vítima;43,000;BR-163/MT;Crescente;Tombamento;1;0;0;0;0;0;1
05/07/2023;17:40:00;291;Sem vítima;737,000;BR-163/MT;Crescente;Colisão lateral no mesmo sentido;1;1;0;0;0;0;1
06/07/2023;09:28:00;117;Sem vítima;498,000;BR-70/MT;Crescente;Tombamento;1;1;0;0;0;0;1
06/07/2023;10:14:00;137;Sem vítima;522,000;BR-70/MT;Crescente;Colisão transversal;1;1;0;0;0;0;1
06/07/2023;10:26:00;144;Sem vítima;821,000;BR-163/MT;Crescente;Colisão transversal;1;1;0;0;0;0;1
06/07/2023;17:28:00;290;Sem vítima;347,000;BR-364/MT;Crescente;Acidentes de outra natureza;1;0;0;0;0;0;1
06/07/2023;19:15:00;321;Sem vítima;583,000;BR-364/MT;Decrescente;Tombamento;1;0;0;0;0;0;1
07/07/2023;08:07:00;69;Sem vítima;816,000;BR-163/MT;Decrescente;Colisão lateral no mesmo sentido;1;1;0;0;0;0;1
07/07/2023;16:17:00;244;Sem vítima;583,000;BR-364/MT;Decrescente;Colisão lateral no mesmo sentido;1;1;0;0;0;0;1
08/07/2023;08:56:00;85;Sem vítima;545,000;BR-364/MT;Decrescente;Colisão lateral no mesmo sentido;1;1;0;0;0;0;1
08/07/2023;14:23:00;205;Sem vítima;844,000;BR-163/MT;Crescente;Tombamento;1;1;0;0;0;0;1
08/07/2023;17:30:00;271;Sem vítima;631,000;BR-163/MT;Decrescente;Tombamento;1;1;0;0;0;0;1
09/07/2023;17:02:00;227;Sem vítima;816,000;BR-163/MT;Crescente;Colisão lateral no mesmo sentido;1;1;0;0;0;0;1
09/07/2023;17:41:00;241;Sem vítima;829,000;BR-163/MT;Crescente;Colisão lateral no mesmo sentido;1;1;0;0;0;0;1
10/07/2023;18:35:00;266;Sem vítima;508,000;BR-70/MT;Crescente;Colisão lateral no mesmo sentido;1;1;0;0;0;0;1
11/07/2023;15:49:00;240;Sem vítima;540,000;BR-364/MT;Crescente;Colisão traseira;1;1;0;0;0;0;1
11/07/2023;20:44:00;336;Sem vítima;554,000;BR-163/MT;Decrescente;Acidentes de outra natureza;1;0;0;0;0;0;1
11/07/2023;23:40:00;373;Sem vítima;441,000;BR-364/MT;Decrescente;Tombamento;1;0;0;0;0;0;1
12/07/2023;12:43:00;168;Com vítima;331,000;BR-364/MT;Decrescente;Tombamento;1;1;0;0;0;0;1
12/07/2023;15:24:00;260;Sem vítima;493,000;BR-364/MT;Decrescente;Colisão traseira;1;1;0;0;0;0;1
13/07/2023;08:22:00;83;Com vítima;828,000;BR-163/MT;Decrescente;Colisão frontal;1;1;0;0;0;0;1
13/07/2023;10:46:00;148;Sem vítima;513,000;BR-70/MT;Crescente;Colisão lateral no mesmo sentido;1;1;0;0;0;0;1
13/07/2023;10:50:00;151;Sem vítima;514,000;BR-70/MT;Crescente;Acidentes de outra natureza;1;0;0;0;0;0;1
13/07/2023;11:01:00;159;Sem vítima;202,000;BR-364/MT;Crescente;Colisão transversal;1;0;0;0;0;0;1
13/07/2023;12:17:00;190;Sem vítima;115,000;BR-163/MT;Crescente;Tombamento;1;1;0;0;0;0;1
13/07/2023;15:05:00;232;Sem vítima;838,000;BR-163/MT;Decrescente;Colisão transversal;1;1;0;0;0;0;1
14/07/2023;19:46:00;274;Sem vítima;476,000;BR-364/MT;Decrescente;Colisão traseira;1;0;0;0;0;0;1
15/07/2023;11:26:00;164;Sem vítima;545,000;BR-163/MT;Crescente;Saída de pista;1;1;0;0;0;0;1
15/07/2023;13:58:00;214;Sem vítima;709,000;BR-163/MT;Decrescente;Colisão lateral no mesmo sentido;1;1;0;0;0;0;1
17/07/2023;01:00:00;337;Sem vítima;512,000;BR-70/MT;Crescente;Tombamento;1;1;0;0;0;0;1
17/07/2023;06:46:00;57;Sem vítima;742,000;BR-163/MT;Decrescente;Colisão lateral no mesmo sentido;1;1;0;0;0;0;1
17/07/2023;12:17:00;156;Sem vítima;372,000;BR-364/MT;Decrescente;Colisão lateral no mesmo sentido;1;1;0;0;0;0;1
17/07/2023;23:57:00;363;Sem vítima;436,000;BR-364/MT;Decrescente;Colisão traseira;1;1;0;0;0;0;1
18/07/2023;16:35:00;254;Sem vítima;512,000;BR-70/MT;Crescente;Tombamento;1;0;0;0;0;0;1
18/07/2023;21:15:00;338;Com vítima;105,000;BR-163/MT;Crescente;Colisão traseira;1;1;0;0;0;0;1
18/07/2023;21:26:00;340;Com vítima;107,000;BR-163/MT;Crescente;Colisão traseira;1;0;1;0;0;0;1
19/07/2023;09:31:00;109;Sem vítima;387,000;BR-364/MT;Crescente;Engavetamento;1;0;0;0;0;0;1
19/07/2023;12:16:00;170;Sem vítima;350,000;BR-364/MT;Crescente;Capotamento;1;1;0;0;0;0;1
19/07/2023;16:02:00;242;Sem vítima;514,000;BR-364/MT;Crescente;Colisão traseira;1;1;0;0;0;0;1
19/07/2023;16:47:00;259;Sem vítima;638,000;BR-163/MT;Decrescente;Colisão traseira;1;1;0;0;0;0;1
19/07/2023;18:27:00;291;Sem vítima;447,000;BR-364/MT;Decrescente;Choque;1;1;0;0;0;0;1
20/07/2023;09:08:00;89;Sem vítima;670,000;BR-163/MT;Crescente;Acidentes de outra natureza;1;0;0;0;0;0;1
20/07/2023;12:24:00;178;Sem vítima;556,000;BR-163/MT;Decrescente;Colisão traseira;1;1;0;0;0;0;1
20/07/2023;16:33:00;246;Sem vítima;572,000;BR-163/MT;Crescente;Colisão lateral no mesmo sentido;1;1;0;0;0;0;1
20/07/2023;19:44:00;293;Sem vítima;436,000;BR-364/MT;Crescente;Colisão traseira;1;0;0;0;0;0;1
20/07/2023;20:02:00;298;Sem vítima;633,000;BR-163/MT;Decrescente;Saída de pista;1;1;0;0;0;0;1
20/07/2023;22:07:00;332;Sem vítima;630,000;BR-163/MT;Decrescente;Tombamento;1;0;0;0;0;0;1
20/07/2023;22:14:00;333;Sem vítima;602,000;BR-163/MT;Decrescente;Tombamento;1;1;0;0;0;0;1
21/07/2023;19:48:00;354;Sem vítima;545,000;BR-163/MT;Crescente;Colisão traseira;1;0;0;0;0;0;1
21/07/2023;22:00:00;391;Sem vítima;258,000;BR-364/MT;Crescente;Acidentes de outra natureza;1;1;0;0;0;0;1
22/07/2023;08:01:00;68;Sem vítima;578,000;BR-163/MT;Decrescente;Colisão lateral no mesmo sentido;1;1;0;0;0;0;1
22/07/2023;17:05:00;224;Sem vítima;587,000;BR-364/MT;Crescente;Colisão traseira;1;1;0;0;0;0;1
24/07/2023;09:20:00;88;Sem vítima;463,000;BR-364/MT;Decrescente;Engavetamento;1;1;0;0;0;0;1
24/07/2023;11:45:00;150;Sem vítima;547,000;BR-364/MT;Decrescente;Colisão traseira;1;1;0;0;0;0;1
24/07/2023;11:52:00;153;Sem vítima;584,000;BR-163/MT;Decrescente;Tombamento;1;1;0;0;0;0;1
24/07/2023;15:00:00;194;Sem vítima;769,000;BR-163/MT;Decrescente;Colisão lateral no mesmo sentido;1;1;0;0;0;0;1
24/07/2023;21:20:00;333;Sem vítima;385,000;BR-364/MT;Crescente;Colisão traseira;1;0;0;0;0;0;1
26/07/2023;09:33:00;104;Sem vítima;832,000;BR-163/MT;Decrescente;Colisão traseira;1;1;0;0;0;0;1
26/07/2023;20:00:00;343;Sem vítima;436,000;BR-364/MT;Decrescente;Colisão traseira;1;1;0;0;0;0;1
27/07/2023;08:30:00;70;Sem vítima;237,000;BR-364/MT;Decrescente;Tombamento;1;1;0;0;0;0;1
27/07/2023;15:54:00;224;Sem vítima;528,000;BR-364/MT;Decrescente;Colisão traseira;1;1;0;0;0;0;1
27/07/2023;21:24:00;329;Sem vítima;347,000;BR-364/MT;Crescente;Saída de pista;1;1;0;0;0;0;1
28/07/2023;01:23:00;4;Sem vítima;440,000;BR-364/MT;Crescente;Choque;1;1;0;0;0;0;1
28/07/2023;12:21:00;167;Sem vítima;266,000;BR-364/MT;Decrescente;Tombamento;1;1;0;0;0;0;1
28/07/2023;12:30:00;170;Sem vítima;266,000;BR-364/MT;Crescente;Tombamento;1;0;0;0;0;0;1