data;horario;n_da_ocorrencia;tipo_de_ocorrencia;km;trecho;sentido;tipo_de_acidente;caminhao;ilesos;levemente_feridos;moderadamente_feridos;gravemente_feridos;mortos;3
28/07/2023;14:31:00;203;Sem vítima;509,000;BR-70/MT;Crescente;Colisão lateral no mesmo sentido;1;1;0;0;0;0;1
28/07/2023;19:35:00;321;Sem vítima;96,000;BR-163/MT;Decrescente;Colisão lateral no mesmo sentido;1;1;0;0;0;0;1
29/07/2023;01:00:00;154;Sem vítima;346,000;BR-364/MT;Crescente;Saída de pista;1;1;0;0;0;0;1
29/07/2023;10:05:00;129;Sem vítima;514,000;BR-70/MT;Crescente;Tombamento;1;1;0;0;0;0;1
29/07/2023;11:10:00;147;Sem vítima;515,000;BR-364/MT;Decrescente;Colisão traseira;1;1;0;0;0;0;1
29/07/2023;12:15:00;167;Sem vítima;498,000;BR-70/MT;Decrescente;Acidentes de outra natureza;1;0;0;0;0;0;1
30/07/2023;15:18:00;199;Sem vítima;591,000;BR-163/MT;Crescente;Colisão traseira;1;0;0;0;0;0;1
31/07/2023;11:32:00;149;Sem vítima;844,000;BR-163/MT;Decrescente;Colisão lateral no mesmo sentido;1;0;0;0;0;0;1
01/08/2023;10:38:00;110;Sem vítima;464,000;BR-364/MT;Crescente;Colisão traseira;1;1;0;0;0;0;1
01/08/2023;11:38:00;136;Com vítima;115,000;BR-163/MT;Crescente;Colisão traseira;1;0;1;0;0;0;1
01/08/2023;14:31:00;187;Sem vítima;597,000;BR-163/MT;Decrescente;Colisão lateral no mesmo sentido;1;1;0;0;0;0;1
01/08/2023;20:15:00;299;Sem vítima;663,000;BR-163/MT;Decrescente;Acidentes de outra natureza;1;1;0;0;0;0;1
01/08/2023;20:17:00;300;Sem vítima;675,000;BR-163/MT;Crescente;Acidentes de outra natureza;1;0;0;0;0;0;1
02/08/2023;11:55:00;159;Sem vítima;577,000;BR-364/MT;Decrescente;Colisão traseira;1;1;0;0;0;0;1
02/08/2023;11:56:00;160;Sem vítima;576,000;BR-364/MT;Decrescente;Acidentes de outra natureza;1;0;0;0;0;0;1
02/08/2023;21:50:00;345;Sem vítima;450,000;BR-364/MT;Crescente;Colisão transversal;1;1;0;0;0;0;1
03/08/2023;08:40:00;97;Sem vítima;203,000;BR-364/MT;Decrescente;Colisão traseira;1;1;0;0;0;0;1
03/08/2023;08:41:00;98;Sem vítima;375,000;BR-364/MT;Decrescente;Choque;1;1;0;0;0;0;1
03/08/2023;12:32:00;180;Sem vítima;542,000;BR-163/MT;Crescente;Colisão traseira;1;1;0;0;0;0;1
04/08/2023;07:42:00;67;Sem vítima;685,000;BR-163/MT;Crescente;Colisão traseira;1;1;0;0;0;0;1
04/08/2023;16:11:00;263;Sem vítima;347,000;BR-364/MT;Crescente;Acidentes de outra natureza;1;0;0;0;0;0;1
04/08/2023;18:53:00;338;Sem vítima;690,000;BR-163/MT;Decrescente;Colisão transversal;1;1;0;0;0;0;1
04/08/2023;19:57:00;359;Sem vítima;616,000;BR-163/MT;Crescente;Colisão traseira;1;1;0;0;0;0;1
04/08/2023;20:33:00;374;Sem vítima;502,000;BR-364/MT;Crescente;Colisão lateral no mesmo sentido;1;0;0;0;0;0;1
05/08/2023;12:35:00;178;Sem vítima;521,000;BR-70/MT;Crescente;Acidentes de outra natureza;1;0;0;0;0;0;1
06/08/2023;05:00:00;38;Com vítima;837,000;BR-163/MT;Decrescente;Choque;1;1;0;0;0;0;1
06/08/2023;17:01:00;219;Sem vítima;220,000;BR-364/MT;Crescente;Capotamento;1;0;0;0;0;0;1
07/08/2023;08:43:00;92;Com vítima;565,000;BR-163/MT;Decrescente;Capotamento;1;0;1;0;0;0;1
07/08/2023;18:22:00;303;Sem vítima;119,000;BR-163/MT;Decrescente;Colisão lateral no mesmo sentido;1;1;0;0;0;0;1
08/08/2023;07:35:00;63;Sem vítima;675,000;BR-163/MT;Crescente;Colisão traseira;1;1;0;0;0;0;1
08/08/2023;08:22:00;81;Sem vítima;690,000;BR-163/MT;Crescente;Colisão traseira;1;1;0;0;0;0;1
08/08/2023;12:19:00;174;Sem vítima;397,000;BR-364/MT;Decrescente;Colisão lateral no mesmo sentido;1;1;0;0;0;0;1
08/08/2023;13:00:00;185;Sem vítima;461,000;BR-364/MT;Decrescente;Tombamento;1;1;0;0;0;0;1
08/08/2023;13:27:00;191;Sem vítima;523,000;BR-163/MT;Crescente;Colisão lateral no mesmo sentido;1;1;0;0;0;0;1
09/08/2023;05:05:00;53;Sem vítima;210,000;BR-364/MT;Decrescente;Saída de pista;1;1;0;0;0;0;1
09/08/2023;07:21:00;70;Sem vítima;551,000;BR-163/MT;Decrescente;Saída de pista;1;1;0;0;0;0;1
09/08/2023;07:34:00;74;Sem vítima;537,000;BR-364/MT;Decrescente;Engavetamento;1;1;0;0;0;0;1
09/08/2023;08:31:00;95;Sem vítima;119,000;BR-163/MT;Crescente;Colisão transversal;1;1;0;0;0;0;1
09/08/2023;10:12:00;141;Sem vítima;532,000;BR-364/MT;Decrescente;Saída de pista;1;1;0;0;0;0;1
09/08/2023;10:53:00;158;Com vítima;394,000;BR-364/MT;Crescente;Choque;1;1;0;0;0;0;1
09/08/2023;12:37:00;207;Sem vítima;688,000;BR-163/MT;Decrescente;Colisão transversal;1;1;0;0;0;0;1
09/08/2023;14:13:00;245;Sem vítima;460,000;BR-364/MT;Crescente;Colisão traseira;1;1;0;0;0;0;1
09/08/2023;17:43:00;338;Sem vítima;820,000;BR-163/MT;Crescente;Colisão traseira;1;1;0;0;0;0;1
09/08/2023;19:18:00;366;Sem vítima;490,000;BR-364/MT;Decrescente;Colisão traseira;1;1;0;0;0;0;1
10/08/2023;01:11:00;2;Sem vítima;593,000;BR-163/MT;Decrescente;Choque;1;1;0;0;0;0;1
10/08/2023;12:28:00;159;Sem vítima;810,000;BR-163/MT;Decrescente;Saída de pista;1;1;0;0;0;0;1
10/08/2023;15:21:00;233;Sem vítima;117,000;BR-163/MT;Crescente;Tombamento;1;1;0;0;0;0;1
10/08/2023;21:10:00;351;Sem vítima;399,000;BR-364/MT;Crescente;Colisão traseira;1;0;0;0;0;0;1
11/08/2023;16:44:00;295;Sem vítima;611,000;BR-163/MT;Decrescente;Acidentes de outra natureza;1;0;0;0;0;0;1
14/08/2023;09:29:00;91;Sem vítima;673,000;BR-163/MT;Crescente;Colisão lateral no mesmo sentido;1;1;0;0;0;0;1
14/08/2023;15:23:00;217;Sem vítima;750,000;BR-163/MT;Crescente;Colisão lateral no mesmo sentido;1;1;0;0;0;0;1
14/08/2023;18:49:00;291;Sem vítima;345,000;BR-364/MT;Decrescente;Tombamento;1;1;0;0;0;0;1
15/08/2023;00:17:00;354;Sem vítima;118,000;BR-163/MT;Decrescente;Acidentes de outra natureza;1;0;0;0;0;0;1
15/08/2023;01:00:00;173;Sem vítima;352,000;BR-364/MT;Crescente;Saída de pista;1;1;0;0;0;0;1
15/08/2023;11:19:00;154;Sem vítima;543,000;BR-163/MT;Decrescente;Colisão lateral no mesmo sentido;1;1;0;0;0;0;1
16/08/2023;12:52:00;175;Com vítima;41,000;BR-163/MT;Decrescente;Colisão traseira;1;1;0;0;0;0;1
16/08/2023;16:20:00;223;Sem vítima;469,000;BR-364/MT;Decrescente;Colisão traseira;1;0;0;0;0;0;1
16/08/2023;16:25:00;225;Sem vítima;469,000;BR-364/MT;Decrescente;Colisão traseira;1;1;0;0;0;0;1
16/08/2023;17:10:00;297;Sem vítima;562,000;BR-163/MT;Crescente;Colisão lateral no mesmo sentido;1;1;0;0;0;0;1
16/08/2023;17:48:00;250;Com vítima;627,000;BR-163/MT;Decrescente;Tombamento;1;0;0;1;0;0;2
16/08/2023;21:46:00;320;Sem vítima;493,000;BR-364/MT;Crescente;Colisão traseira;1;1;0;0;0;0;1
17/08/2023;00:04:00;343;Sem vítima;4,000;BR-163/MT;Crescente;Colisão traseira;1;1;0;0;0;0;1
17/08/2023;08:00:00;79;Sem vítima;14,000;BR-163/MT;Decrescente;Acidentes de outra natureza;1;0;0;0;0;0;1
17/08/2023;17:05:00;293;Sem vítima;583,000;BR-163/MT;Crescente;Engavetamento;1;1;0;0;0;0;1
17/08/2023;19:30:00;343;Sem vítima;540,000;BR-364/MT;Decrescente;Colisão traseira;1;0;0;0;0;0;1
18/08/2023;09:02:00;101;Sem vítima;235,000;BR-364/MT;Crescente;Colisão traseira;1;1;0;0;0;0;1
18/08/2023;20:03:00;356;Sem vítima;343,000;BR-364/MT;Crescente;Saída de pista;1;1;0;0;0;0;1
19/08/2023;05:32:00;57;Sem vítima;594,000;BR-163/MT;Crescente;Colisão lateral no mesmo sentido;1;1;0;0;0;0;1
19/08/2023;12:20:00;186;Sem vítima;463,000;BR-364/MT;Crescente;Choque;1;1;0;0;0;0;1
19/08/2023;16:24:00;255;Sem vítima;522,000;BR-70/MT;Decrescente;Colisão transversal;1;1;0;0;0;0;1
19/08/2023;18:02:00;285;Sem vítima;575,000;BR-163/MT;Decrescente;Tombamento;1;1;0;0;0;0;1
20/08/2023;10:29:00;114;Sem vítima;503,000;BR-70/MT;Crescente;Tombamento;1;1;0;0;0;0;1
22/08/2023;13:11:00;191;Sem vítima;621,000;BR-163/MT;Decrescente;Acidentes de outra natureza;1;0;0;0;0;0;1
22/08/2023;17:37:00;310;Sem vítima;397,000;BR-364/MT;Crescente;Acidentes de outra natureza;1;0;0;0;0;0;1
22/08/2023;17:42:00;313;Sem vítima;597,000;BR-163/MT;Decrescente;Colisão frontal;1;1;0;0;0;0;1
23/08/2023;00:16:00;422;Sem vítima;677,000;BR-163/MT;Decrescente;Tombamento;1;1;0;0;0;0;1
23/08/2023;15:01:00;241;Sem vítima;655,000;BR-163/MT;Decrescente;Colisão traseira;1;1;0;0;0;0;1
23/08/2023;15:59:00;263;Sem vítima;545,000;BR-163/MT;Decrescente;Colisão lateral no mesmo sentido;1;1;0;0;0;0;1
24/08/2023;05:59:00;49;Sem vítima;440,000;BR-364/MT;Crescente;Saída de pista;1;1;0;0;0;0;1
24/08/2023;10:13:00;118;Sem vítima;602,000;BR-163/MT;Crescente;Engavetamento;1;1;0;0;0;0;1
24/08/2023;10:24:00;124;Sem vítima;602,000;BR-163/MT;Decrescente;Acidentes de outra natureza;1;0;0;0;0;0;1
24/08/2023;11:34:00;149;Com vítima;604,000;BR-163/MT;Decrescente;Colisão frontal;1;1;0;0;0;0;1
24/08/2023;16:57:00;259;Sem vítima;604,000;BR-163/MT;Crescente;Acidentes de outra natureza;1;0;0;0;0;0;1
24/08/2023;20:37:00;321;Sem vítima;543,000;BR-163/MT;Crescente;Capotamento;1;1;0;0;0;0;1
25/08/2023;11:31:00;170;Sem vítima;452,000;BR-364/MT;Decrescente;Colisão traseira;1;1;0;0;0;0;1
25/08/2023;16:32:00;263;Sem vítima;435,000;BR-364/MT;Crescente;Colisão lateral no mesmo sentido;1;1;0;0;0;0;1
25/08/2023;18:08:00;309;Sem vítima;487,000;BR-364/MT;Crescente;Saída de pista;1;1;0;0;0;0;1
25/08/2023;18:08:00;310;Sem vítima;486,000;BR-364/MT;Crescente;Acidentes de outra natureza;1;0;0;0;0;0;1
26/08/2023;00:43:00;409;Sem vítima;388,000;BR-364/MT;Crescente;Saída de pista;1;0;0;0;0;0;1
26/08/2023;01:00:00;1;Sem vítima;586,000;BR-364/MT;Crescente;Saída de pista;1;1;0;0;0;0;1
26/08/2023;02:41:00;20;Sem vítima;541,000;BR-163/MT;Crescente;Saída de pista;1;1;0;0;0;0;1
26/08/2023;08:13:00;68;Sem vítima;740,000;BR-163/MT;Crescente;Colisão traseira;1;1;0;0;0;0;1
26/08/2023;14:39:00;163;Sem vítima;353,000;BR-364/MT;Crescente;Acidentes de outra natureza;1;0;0;0;0;0;1
26/08/2023;19:46:00;248;Sem vítima;763,000;BR-163/MT;Decrescente;Saída de pista;1;0;0;0;0;0;1
26/08/2023;20:39:00;261;Sem vítima;97,000;BR-163/MT;Crescente;Tombamento;1;1;0;0;0;0;1
26/08/2023;22:02:00;280;Sem vítima;642,000;BR-163/MT;Crescente;Tombamento;1;1;0;0;0;0;1
27/08/2023;02:20:00;5;Sem vítima;578,000;BR-364/MT;Crescente;Capotamento;1;1;0;0;0;0;1
28/08/2023;10:18:00;128;Sem vítima;826,000;BR-163/MT;Crescente;Acidentes de outra natureza;2;0;0;0;0;0;1
28/08/2023;10:20:00;130;Sem vítima;826,000;BR-163/MT;Decrescente;Colisão transversal;2;2;0;0;0;0;1
28/08/2023;13:11:00;190;Sem vítima;437,000;BR-364/MT;Crescente;Colisão lateral no mesmo sentido;1;1;0;0;0;0;1
28/08/2023;13:53:00;203;Sem vítima;657,000;BR-163/MT;Crescente;Colisão traseira;1;1;0;0;0;0;1
28/08/2023;17:55:00;277;Sem vítima;506,000;BR-364/MT;Crescente;Saída de pista;1;1;0;0;0;0;1
28/08/2023;18:21:00;292;Sem vítima;834,000;BR-163/MT;Crescente;Colisão lateral no mesmo sentido;1;0;0;0;0;0;1
29/08/2023;10:30:00;149;Sem vítima;638,000;BR-163/MT;Crescente;Colisão traseira;1;1;0;0;0;0;1
29/08/2023;12:36:00;196;Sem vítima;536,000;BR-163/MT;Crescente;Saída de pista;1;1;0;0;0;0;1
29/08/2023;17:58:00;307;Sem vítima;793,000;BR-163/MT;Crescente;Saída de pista;1;0;0;0;0;0;1
29/08/2023;19:03:00;330;Sem vítima;347,000;BR-364/MT;Crescente;Colisão traseira;1;0;0;0;0;0;1
29/08/2023;20:10:00;352;Sem vítima;522,000;BR-70/MT;Decrescente;Colisão traseira;1;0;0;0;0;0;1
30/08/2023;08:15:00;88;Sem vítima;560,000;BR-163/MT;Crescente;Colisão frontal;1;0;0;0;0;0;1
30/08/2023;10:38:00;139;Sem vítima;458,000;BR-364/MT;Crescente;Colisão traseira;1;0;0;0;0;0;1
30/08/2023;10:57:00;150;Sem vítima;458,000;BR-364/MT;Crescente;Acidentes de outra natureza;1;0;0;0;0;0;1
30/08/2023;11:06:00;159;Sem vítima;636,000;BR-163/MT;Decrescente;Tombamento;1;0;0;0;0;0;1
30/08/2023;16:20:00;267;Sem vítima;698,000;BR-163/MT;Crescente;Tombamento;1;0;0;0;0;0;1
30/08/2023;16:41:00;274;Sem vítima;376,000;BR-364/MT;Decrescente;Acidentes de outra natureza;1;0;0;0;0;0;1
30/08/2023;17:04:00;273;Sem vítima;375,000;BR-364/MT;Decrescente;Tombamento;1;0;0;0;0;0;1
30/08/2023;19:20:00;309;Sem vítima;579,000;BR-364/MT;Crescente;Colisão traseira;1;1;0;0;0;0;1
30/08/2023;19:43:00;330;Sem vítima;804,000;BR-163/MT;Decrescente;Saída de pista;1;1;0;0;0;0;1
30/08/2023;19:56:00;334;Sem vítima;592,000;BR-163/MT;Decrescente;Colisão lateral no mesmo sentido;1;0;0;0;0;0;1
30/08/2023;23:16:00;367;Sem vítima;700,000;BR-163/MT;Crescente;Saída de pista;1;0;0;0;0;0;1
31/08/2023;10:42:00;152;Sem vítima;603,000;BR-163/MT;Crescente;Acidentes de outra natureza;1;0;0;0;0;0;1
31/08/2023;16:25:00;275;Sem vítima;575,000;BR-364/MT;Decrescente;Choque;1;1;0;0;0;0;1
01/09/2023;10:48:00;132;Sem vítima;708,000;BR-163/MT;Decrescente;Colisão traseira;1;1;0;0;0;0;1
01/09/2023;16:36:00;240;Sem vítima;642,000;BR-163/MT;Crescente;Colisão lateral no mesmo sentido;1;1;0;0;0;0;1
01/09/2023;21:10:00;319;Sem vítima;540,000;BR-163/MT;Crescente;Acidentes de outra natureza;1;0;0;0;0;0;1
01/09/2023;22:13:00;333;Sem vítima;650,000;BR-163/MT;Crescente;Acidentes de outra natureza;1;0;0;0;0;0;1
01/09/2023;23:37:00;349;Sem vítima;574,000;BR-364/MT;Decrescente;Saída de pista;1;0;0;0;0;0;1
02/09/2023;05:12:00;47;Sem vítima;706,000;BR-163/MT;Crescente;Colisão lateral no mesmo sentido;1;1;0;0;0;0;1
02/09/2023;05:40:00;50;Sem vítima;228,000;BR-364/MT;Decrescente;Saída de pista;1;1;0;0;0;0;1
02/09/2023;17:24:00;251;Sem vítima;350,000;BR-364/MT;Decrescente;Acidentes de outra natureza;1;0;0;0;0;0;1
02/09/2023;17:36:00;256;Sem vítima;503,000;BR-70/MT;Decrescente;Tombamento;1;1;0;0;0;0;1
02/09/2023;20:00:00;294;Sem vítima;349,000;BR-364/MT;Decrescente;Engavetamento;1;0;0;0;0;0;1
03/09/2023;14:08:00;149;Sem vítima;517,000;BR-163/MT;Decrescente;Tombamento;1;0;0;0;0;0;1
04/09/2023;04:10:00;41;Sem vítima;504,000;BR-70/MT;Decrescente;Tombamento;1;0;0;0;0;0;1
04/09/2023;08:58:00;97;Sem vítima;522,000;BR-70/MT;Crescente;Colisão transversal;1;1;0;0;0;0;1
04/09/2023;09:31:00;115;Sem vítima;647,000;BR-163/MT;Decrescente;Colisão traseira;1;1;0;0;0;0;1
04/09/2023;12:51:00;192;Sem vítima;836,000;BR-163/MT;Crescente;Colisão lateral no mesmo sentido;1;1;0;0;0;0;1
04/09/2023;16:33:00;272;Sem vítima;734,000;BR-163/MT;Crescente;Engavetamento;1;1;0;0;0;0;1
04/09/2023;16:39:00;276;Sem vítima;731,000;BR-163/MT;Decrescente;Acidentes de outra natureza;1;0;0;0;0;0;1
04/09/2023;18:44:00;325;Sem vítima;118,000;BR-163/MT;Crescente;Colisão traseira;1;1;0;0;0;0;1
05/09/2023;01:47:00;6;Sem vítima;45,000;BR-163/MT;Crescente;Choque;1;1;0;0;0;0;1
05/09/2023;12:22:00;174;Sem vítima;737,000;BR-163/MT;Decrescente;Colisão traseira;1;0;0;0;0;0;1
05/09/2023;19:35:00;318;Sem vítima;510,000;BR-70/MT;Crescente;Acidentes de outra natureza;1;0;0;0;0;0;1
05/09/2023;19:38:00;320;Sem vítima;518,000;BR-70/MT;Decrescente;Colisão traseira;1;1;0;0;0;0;1
05/09/2023;19:53:00;328;Sem vítima;206,000;BR-364/MT;Crescente;Acidentes de outra natureza;1;0;0;0;0;0;1
05/09/2023;21:07:00;353;Sem vítima;520,000;BR-70/MT;Decrescente;Colisão traseira;1;1;0;0;0;0;1
06/09/2023;08:28:00;94;Com vítima;751,000;BR-163/MT;Crescente;Colisão traseira;1;1;0;0;0;0;1
06/09/2023;10:40:00;139;Sem vítima;640,000;BR-163/MT;Crescente;Tombamento;1;1;0;0;0;0;1
06/09/2023;12:16:00;195;Sem vítima;503,000;BR-364/MT;Decrescente;Colisão transversal;1;1;0;0;0;0;1
06/09/2023;12:20:00;197;Sem vítima;447,000;BR-364/MT;Decrescente;Tombamento;1;1;0;0;0;0;1
06/09/2023;15:59:00;303;Sem vítima;500,000;BR-70/MT;Decrescente;Acidentes de outra natureza;1;0;0;0;0;0;1
06/09/2023;16:16:00;313;Sem vítima;487,000;BR-364/MT;Decrescente;Choque;1;1;0;0;0;0;1
06/09/2023;16:51:00;325;Sem vítima;448,000;BR-364/MT;Decrescente;Acidentes de outra natureza;1;0;0;0;0;0;1
06/09/2023;20:19:00;393;Sem vítima;257,000;BR-364/MT;Decrescente;Colisão traseira;1;1;0;0;0;0;1
06/09/2023;20:28:00;394;Sem vítima;487,000;BR-364/MT;Crescente;Tombamento;1;0;0;0;0;0;1
06/09/2023;22:59:00;426;Sem vítima;488,000;BR-364/MT;Crescente;Tombamento;1;1;0;0;0;0;1
07/09/2023;01:43:00;7;Sem vítima;440,000;BR-364/MT;Crescente;Saída de pista;1;1;0;0;0;0;1
07/09/2023;01:44:00;8;Sem vítima;440,000;BR-364/MT;Crescente;Acidentes de outra natureza;1;0;0;0;0;0;1
07/09/2023;02:02:00;10;Sem vítima;439,000;BR-364/MT;Crescente;Saída de pista;1;1;0;0;0;0;1
07/09/2023;16:03:00;287;Sem vítima;809,000;BR-163/MT;Crescente;Tombamento;1;0;0;0;0;0;1
10/09/2023;15:42:00;230;Sem vítima;579,000;BR-364/MT;Crescente;Colisão traseira;1;1;0;0;0;0;1
10/09/2023;15:56:00;234;Sem vítima;474,000;BR-364/MT;Decrescente;Colisão lateral no mesmo sentido;1;1;0;0;0;0;1
11/09/2023;17:30:00;296;Com vítima;752,000;BR-163/MT;Crescente;Colisão traseira;1;1;0;0;0;0;1
11/09/2023;18:21:00;319;Sem vítima;658,000;BR-163/MT;Decrescente;Colisão traseira;1;1;0;0;0;0;1
12/09/2023;08:13:00;88;Sem vítima;552,000;BR-163/MT;Decrescente;Colisão lateral no mesmo sentido;1;1;0;0;0;0;1
12/09/2023;15:09:00;238;Sem vítima;829,000;BR-163/MT;Decrescente;Colisão lateral no mesmo sentido;1;0;0;0;0;0;1
12/09/2023;16:01:00;253;Sem vítima;831,000;BR-163/MT;Decrescente;Colisão lateral no mesmo sentido;1;0;0;0;0;0;1
12/09/2023;16:46:00;262;Sem vítima;835,000;BR-163/MT;Decrescente;Colisão lateral no mesmo sentido;1;0;0;0;0;0;1
12/09/2023;19:14:00;308;Sem vítima;202,000;BR-364/MT;Decrescente;Colisão traseira;1;0;0;0;0;0;1
12/09/2023;19:47:00;315;Sem vítima;558,000;BR-364/MT;Crescente;Acidentes de outra natureza;1;0;0;0;0;0;1
13/09/2023;07:41:00;69;Com vítima;659,000;BR-163/MT;Crescente;Engavetamento;1;0;0;0;0;0;1
13/09/2023;09:51:00;113;Sem vítima;827,000;BR-163/MT;Crescente;Colisão transversal;1;0;0;0;0;0;1
13/09/2023;10:05:00;121;Com vítima;826,000;BR-163/MT;Decrescente;Colisão traseira;1;0;0;0;0;0;1
13/09/2023;10:11:00;126;Sem vítima;826,000;BR-163/MT;Decrescente;Acidentes de outra natureza;1;0;0;0;0;0;1
13/09/2023;10:52:00;142;Sem vítima;753,000;BR-163/MT;Decrescente;Colisão lateral no mesmo sentido;1;0;0;0;0;0;1
13/09/2023;18:48:00;281;Sem vítima;464,000;BR-364/MT;Crescente;Saída de pista;1;0;0;0;0;0;1
13/09/2023;21:24:00;313;Sem vítima;491,000;BR-364/MT;Crescente;Saída de pista;1;1;0;0;0;0;1
13/09/2023;21:24:00;314;Sem vítima;486,000;BR-364/MT;Crescente;Acidentes de outra natureza;1;0;0;0;0;0;1
13/09/2023;23:08:00;328;Sem vítima;512,000;BR-163/MT;Crescente;Saída de pista;1;1;0;0;0;0;1
14/09/2023;00:19:00;339;Sem vítima;582,000;BR-163/MT;Decrescente;Tombamento;1;1;0;0;0;0;1
14/09/2023;10:43:00;152;Sem vítima;435,000;BR-364/MT;Decrescente;Colisão traseira;1;1;0;0;0;0;1
14/09/2023;12:47:00;190;Sem vítima;370,000;BR-364/MT;Decrescente;Saída de pista;1;1;0;0;0;0;1
14/09/2023;17:55:00;278;Sem vítima;643,000;BR-163/MT;Crescente;Engavetamento;1;1;0;0;0;0;1
14/09/2023;21:13:00;328;Sem vítima;474,000;BR-364/MT;Decrescente;Saída de pista;1;1;0;0;0;0;1
14/09/2023;22:36:00;338;Com vítima;202,000;BR-364/MT;Crescente;Colisão lateral no mesmo sentido;1;1;1;0;0;0;1
15/09/2023;10:04:00;142;Sem vítima;515,000;BR-70/MT;Decrescente;Colisão traseira;1;0;0;0;0;0;1
15/09/2023;13:44:00;231;Sem vítima;467,000;BR-364/MT;Decrescente;Acidentes de outra natureza;1;0;0;0;0;0;1
15/09/2023;17:44:00;309;Sem vítima;460,000;BR-364/MT;Decrescente;Saída de pista;1;1;0;0;0;0;1
15/09/2023;22:47:00;397;Com vítima;542,000;BR-163/MT;Crescente;Tombamento;1;0;1;0;0;0;1
16/09/2023;07:51:00;92;Sem vítima;655,000;BR-163/MT;Crescente;Tombamento;1;1;0;0;0;0;1
16/09/2023;11:26:00;191;Sem vítima;555,000;BR-163/MT;Decrescente;Tombamento;1;1;0;0;0;0;1
16/09/2023;14:18:00;246;Com vítima;746,000;BR-163/MT;Decrescente;Colisão lateral no mesmo sentido;1;1;0;0;0;0;1
16/09/2023;16:24:00;295;Sem vítima;700,000;BR-163/MT;Decrescente;Colisão traseira;1;1;0;0;0;0;1
18/09/2023;03:10:00;36;Sem vítima;332,000;BR-364/MT;Crescente;Atropelamento de animal;1;1;0;0;0;0;1
18/09/2023;12:59:00;176;Sem vítima;832,000;BR-163/MT;Crescente;Engavetamento;2;2;0;0;0;0;1
18/09/2023;15:10:00;210;Sem vítima;804,000;BR-163/MT;Decrescente;Tombamento;1;1;0;0;0;0;1
19/09/2023;08:58:00;99;Sem vítima;503,000;BR-70/MT;Crescente;Tombamento;1;1;0;0;0;0;1
19/09/2023;09:52:00;118;Sem vítima;726,000;BR-163/MT;Crescente;Saída de pista;1;1;0;0;0;0;1
19/09/2023;10:57:00;151;Sem vítima;572,000;BR-364/MT;Decrescente;Colisão traseira;1;1;0;0;0;0;1
19/09/2023;11:00:00;155;Sem vítima;569,000;BR-364/MT;Decrescente;Acidentes de outra natureza;1;0;0;0;0;0;1
19/09/2023;16:38:00;265;Sem vítima;523,000;BR-70/MT;Crescente;Colisão traseira;1;1;0;0;0;0;1
20/09/2023;02:42:00;26;Sem vítima;347,000;BR-364/MT;Decrescente;Choque;1;2;0;0;0;0;1
20/09/2023;04:27:00;48;Sem vítima;497,000;BR-364/MT;Crescente;Choque;1;2;0;0;0;0;1
20/09/2023;08:06:00;86;Sem vítima;566,000;BR-163/MT;Decrescente;Tombamento;1;2;0;0;0;0;1
20/09/2023;09:41:00;119;Sem vítima;539,000;BR-364/MT;Decrescente;Colisão traseira;1;2;0;0;0;0;1
20/09/2023;12:57:00;204;Sem vítima;509,000;BR-163/MT;Crescente;Saída de pista;1;2;0;0;0;0;1
20/09/2023;16:26:00;281;Sem vítima;511,000;BR-70/MT;Crescente;Colisão traseira;1;1;0;0;0;0;1
20/09/2023;21:53:00;370;Sem vítima;602,000;BR-163/MT;Crescente;Saída de pista;1;1;0;0;0;0;1
21/09/2023;09:25:00;126;Sem vítima;502,000;BR-70/MT;Crescente;Colisão traseira;1;1;0;0;0;0;1
21/09/2023;11:26:00;173;Sem vítima;728,000;BR-163/MT;Decrescente;Tombamento;1;1;0;0;0;0;1
21/09/2023;12:14:00;188;Sem vítima;343,000;BR-364/MT;Crescente;Acidentes de outra natureza;1;0;0;0;0;0;1
21/09/2023;12:16:00;189;Sem vítima;829,000;BR-163/MT;Crescente;Colisão transversal;1;1;0;0;0;0;1